ISO-10303-21;
HEADER;
/* Generated by software containing ST-Developer
 * from STEP Tools, Inc. (www.steptools.com) 
 */

FILE_DESCRIPTION(
/* description */ (''),
/* implementation_level */ '2;1');

FILE_NAME(
/* name */ 'Sensor_Enclosure_SGP41.step',
/* time_stamp */ '2026-10-06T00:09:10-04:00',
/* author */ (''),
/* organization */ (''),
/* preprocessor_version */ 'ST-DEVELOPER v20.2',
/* originating_system */ 'Autodesk Translation Framework v15.15.0.0',
/* authorisation */ '');

FILE_SCHEMA (('AUTOMOTIVE_DESIGN { 1 0 10303 214 3 1 1 }'));
ENDSEC;

DATA;
#10=MECHANICAL_DESIGN_GEOMETRIC_PRESENTATION_REPRESENTATION('',(#19,#20,
#21),#9036);
#11=ITEM_DEFINED_TRANSFORMATION($,$,#5509,#5718);
#12=(
REPRESENTATION_RELATIONSHIP($,$,#9047,#9046)
REPRESENTATION_RELATIONSHIP_WITH_TRANSFORMATION(#11)
SHAPE_REPRESENTATION_RELATIONSHIP()
);
#13=CONTEXT_DEPENDENT_SHAPE_REPRESENTATION(#12,#9045);
#14=NEXT_ASSEMBLY_USAGE_OCCURRENCE('SGP41_Module:1','SGP41_Module:1',
'SGP41_Module:1',#9049,#9050,'SGP41_Module:1');
#15=SHAPE_REPRESENTATION_RELATIONSHIP('SRR','None',#9047,#17);
#16=SHAPE_REPRESENTATION_RELATIONSHIP('SRR','None',#9046,#18);
#17=ADVANCED_BREP_SHAPE_REPRESENTATION('',(#22,#23),#9035);
#18=ADVANCED_BREP_SHAPE_REPRESENTATION('',(#24),#9034);
#19=STYLED_ITEM('',(#9060),#22);
#20=STYLED_ITEM('',(#9060),#23);
#21=STYLED_ITEM('',(#9060),#24);
#22=MANIFOLD_SOLID_BREP('Body8 (4)',#5493);
#23=MANIFOLD_SOLID_BREP('Body8 (3) (1)',#5494);
#24=MANIFOLD_SOLID_BREP('Body8 (3) (1) (1) (4) (3)',#5495);
#25=B_SPLINE_SURFACE_WITH_KNOTS('',2,1,((#7462,#7463),(#7464,#7465),(#7466,
#7467)),.UNSPECIFIED.,.F.,.F.,.F.,(3,3),(2,2),(0.,1.),(0.,0.1),
 .UNSPECIFIED.);
#26=B_SPLINE_SURFACE_WITH_KNOTS('',2,1,((#7472,#7473),(#7474,#7475),(#7476,
#7477)),.UNSPECIFIED.,.F.,.F.,.F.,(3,3),(2,2),(0.,1.),(0.,0.1),
 .UNSPECIFIED.);
#27=B_SPLINE_SURFACE_WITH_KNOTS('',2,1,((#7479,#7480),(#7481,#7482),(#7483,
#7484)),.UNSPECIFIED.,.F.,.F.,.F.,(3,3),(2,2),(0.,1.),(0.,0.1),
 .UNSPECIFIED.);
#28=B_SPLINE_SURFACE_WITH_KNOTS('',2,1,((#7486,#7487),(#7488,#7489),(#7490,
#7491)),.UNSPECIFIED.,.F.,.F.,.F.,(3,3),(2,2),(0.,1.),(0.,0.1),
 .UNSPECIFIED.);
#29=B_SPLINE_SURFACE_WITH_KNOTS('',2,1,((#7493,#7494),(#7495,#7496),(#7497,
#7498)),.UNSPECIFIED.,.F.,.F.,.F.,(3,3),(2,2),(0.,1.),(0.,0.1),
 .UNSPECIFIED.);
#30=B_SPLINE_SURFACE_WITH_KNOTS('',2,1,((#7500,#7501),(#7502,#7503),(#7504,
#7505)),.UNSPECIFIED.,.F.,.F.,.F.,(3,3),(2,2),(0.,1.),(0.,0.1),
 .UNSPECIFIED.);
#31=B_SPLINE_SURFACE_WITH_KNOTS('',2,1,((#7507,#7508),(#7509,#7510),(#7511,
#7512)),.UNSPECIFIED.,.F.,.F.,.F.,(3,3),(2,2),(0.,1.),(0.,0.1),
 .UNSPECIFIED.);
#32=B_SPLINE_SURFACE_WITH_KNOTS('',2,1,((#7514,#7515),(#7516,#7517),(#7518,
#7519)),.UNSPECIFIED.,.F.,.F.,.F.,(3,3),(2,2),(0.,1.),(0.,0.1),
 .UNSPECIFIED.);
#33=B_SPLINE_SURFACE_WITH_KNOTS('',2,1,((#7521,#7522),(#7523,#7524),(#7525,
#7526)),.UNSPECIFIED.,.F.,.F.,.F.,(3,3),(2,2),(0.,1.),(0.,0.1),
 .UNSPECIFIED.);
#34=B_SPLINE_SURFACE_WITH_KNOTS('',2,1,((#7528,#7529),(#7530,#7531),(#7532,
#7533)),.UNSPECIFIED.,.F.,.F.,.F.,(3,3),(2,2),(0.,1.),(0.,0.1),
 .UNSPECIFIED.);
#35=B_SPLINE_SURFACE_WITH_KNOTS('',2,1,((#7535,#7536),(#7537,#7538),(#7539,
#7540)),.UNSPECIFIED.,.F.,.F.,.F.,(3,3),(2,2),(0.,1.),(0.,0.1),
 .UNSPECIFIED.);
#36=B_SPLINE_SURFACE_WITH_KNOTS('',2,1,((#7542,#7543),(#7544,#7545),(#7546,
#7547)),.UNSPECIFIED.,.F.,.F.,.F.,(3,3),(2,2),(0.,1.),(0.,0.1),
 .UNSPECIFIED.);
#37=B_SPLINE_SURFACE_WITH_KNOTS('',2,1,((#7549,#7550),(#7551,#7552),(#7553,
#7554)),.UNSPECIFIED.,.F.,.F.,.F.,(3,3),(2,2),(0.,1.),(0.,0.1),
 .UNSPECIFIED.);
#38=B_SPLINE_SURFACE_WITH_KNOTS('',2,1,((#7556,#7557),(#7558,#7559),(#7560,
#7561)),.UNSPECIFIED.,.F.,.F.,.F.,(3,3),(2,2),(0.,1.),(0.,0.1),
 .UNSPECIFIED.);
#39=B_SPLINE_SURFACE_WITH_KNOTS('',2,1,((#7563,#7564),(#7565,#7566),(#7567,
#7568)),.UNSPECIFIED.,.F.,.F.,.F.,(3,3),(2,2),(0.,1.),(0.,0.1),
 .UNSPECIFIED.);
#40=B_SPLINE_SURFACE_WITH_KNOTS('',2,1,((#7570,#7571),(#7572,#7573),(#7574,
#7575)),.UNSPECIFIED.,.F.,.F.,.F.,(3,3),(2,2),(0.,1.),(0.,0.1),
 .UNSPECIFIED.);
#41=B_SPLINE_SURFACE_WITH_KNOTS('',2,1,((#7577,#7578),(#7579,#7580),(#7581,
#7582)),.UNSPECIFIED.,.F.,.F.,.F.,(3,3),(2,2),(0.,1.),(0.,0.1),
 .UNSPECIFIED.);
#42=B_SPLINE_SURFACE_WITH_KNOTS('',2,1,((#7584,#7585),(#7586,#7587),(#7588,
#7589)),.UNSPECIFIED.,.F.,.F.,.F.,(3,3),(2,2),(0.,1.),(0.,0.1),
 .UNSPECIFIED.);
#43=B_SPLINE_SURFACE_WITH_KNOTS('',2,1,((#7591,#7592),(#7593,#7594),(#7595,
#7596)),.UNSPECIFIED.,.F.,.F.,.F.,(3,3),(2,2),(0.,1.),(0.,0.1),
 .UNSPECIFIED.);
#44=B_SPLINE_SURFACE_WITH_KNOTS('',2,1,((#7600,#7601),(#7602,#7603),(#7604,
#7605)),.UNSPECIFIED.,.F.,.F.,.F.,(3,3),(2,2),(0.,1.),(0.,0.1),
 .UNSPECIFIED.);
#45=B_SPLINE_SURFACE_WITH_KNOTS('',2,1,((#7607,#7608),(#7609,#7610),(#7611,
#7612)),.UNSPECIFIED.,.F.,.F.,.F.,(3,3),(2,2),(0.,1.),(0.,0.1),
 .UNSPECIFIED.);
#46=B_SPLINE_SURFACE_WITH_KNOTS('',2,1,((#7614,#7615),(#7616,#7617),(#7618,
#7619)),.UNSPECIFIED.,.F.,.F.,.F.,(3,3),(2,2),(0.,1.),(0.,0.1),
 .UNSPECIFIED.);
#47=B_SPLINE_SURFACE_WITH_KNOTS('',2,1,((#7621,#7622),(#7623,#7624),(#7625,
#7626)),.UNSPECIFIED.,.F.,.F.,.F.,(3,3),(2,2),(0.,1.),(0.,0.1),
 .UNSPECIFIED.);
#48=B_SPLINE_SURFACE_WITH_KNOTS('',2,1,((#7628,#7629),(#7630,#7631),(#7632,
#7633)),.UNSPECIFIED.,.F.,.F.,.F.,(3,3),(2,2),(0.,1.),(0.,0.1),
 .UNSPECIFIED.);
#49=B_SPLINE_SURFACE_WITH_KNOTS('',2,1,((#7635,#7636),(#7637,#7638),(#7639,
#7640)),.UNSPECIFIED.,.F.,.F.,.F.,(3,3),(2,2),(0.,1.),(0.,0.1),
 .UNSPECIFIED.);
#50=B_SPLINE_SURFACE_WITH_KNOTS('',2,1,((#7642,#7643),(#7644,#7645),(#7646,
#7647)),.UNSPECIFIED.,.F.,.F.,.F.,(3,3),(2,2),(0.,1.),(0.,0.1),
 .UNSPECIFIED.);
#51=B_SPLINE_SURFACE_WITH_KNOTS('',2,1,((#7649,#7650),(#7651,#7652),(#7653,
#7654)),.UNSPECIFIED.,.F.,.F.,.F.,(3,3),(2,2),(0.,1.),(0.,0.1),
 .UNSPECIFIED.);
#52=B_SPLINE_SURFACE_WITH_KNOTS('',2,1,((#7656,#7657),(#7658,#7659),(#7660,
#7661)),.UNSPECIFIED.,.F.,.F.,.F.,(3,3),(2,2),(0.,1.),(0.,0.1),
 .UNSPECIFIED.);
#53=B_SPLINE_SURFACE_WITH_KNOTS('',2,1,((#7663,#7664),(#7665,#7666),(#7667,
#7668)),.UNSPECIFIED.,.F.,.F.,.F.,(3,3),(2,2),(0.,1.),(0.,0.1),
 .UNSPECIFIED.);
#54=B_SPLINE_SURFACE_WITH_KNOTS('',2,1,((#7670,#7671),(#7672,#7673),(#7674,
#7675)),.UNSPECIFIED.,.F.,.F.,.F.,(3,3),(2,2),(0.,1.),(0.,0.1),
 .UNSPECIFIED.);
#55=B_SPLINE_SURFACE_WITH_KNOTS('',2,1,((#7677,#7678),(#7679,#7680),(#7681,
#7682)),.UNSPECIFIED.,.F.,.F.,.F.,(3,3),(2,2),(0.,1.),(0.,0.1),
 .UNSPECIFIED.);
#56=B_SPLINE_SURFACE_WITH_KNOTS('',2,1,((#7684,#7685),(#7686,#7687),(#7688,
#7689)),.UNSPECIFIED.,.F.,.F.,.F.,(3,3),(2,2),(0.,1.),(0.,0.1),
 .UNSPECIFIED.);
#57=B_SPLINE_SURFACE_WITH_KNOTS('',2,1,((#7691,#7692),(#7693,#7694),(#7695,
#7696)),.UNSPECIFIED.,.F.,.F.,.F.,(3,3),(2,2),(0.,1.),(0.,0.1),
 .UNSPECIFIED.);
#58=B_SPLINE_SURFACE_WITH_KNOTS('',2,1,((#7731,#7732),(#7733,#7734),(#7735,
#7736)),.UNSPECIFIED.,.F.,.F.,.F.,(3,3),(2,2),(0.,1.),(0.,0.1),
 .UNSPECIFIED.);
#59=B_SPLINE_SURFACE_WITH_KNOTS('',2,1,((#7738,#7739),(#7740,#7741),(#7742,
#7743)),.UNSPECIFIED.,.F.,.F.,.F.,(3,3),(2,2),(0.,1.),(0.,0.1),
 .UNSPECIFIED.);
#60=B_SPLINE_SURFACE_WITH_KNOTS('',2,1,((#7747,#7748),(#7749,#7750),(#7751,
#7752)),.UNSPECIFIED.,.F.,.F.,.F.,(3,3),(2,2),(0.,1.),(0.,0.1),
 .UNSPECIFIED.);
#61=B_SPLINE_SURFACE_WITH_KNOTS('',2,1,((#7754,#7755),(#7756,#7757),(#7758,
#7759)),.UNSPECIFIED.,.F.,.F.,.F.,(3,3),(2,2),(0.,1.),(0.,0.1),
 .UNSPECIFIED.);
#62=B_SPLINE_SURFACE_WITH_KNOTS('',2,1,((#7887,#7888),(#7889,#7890),(#7891,
#7892)),.UNSPECIFIED.,.F.,.F.,.F.,(3,3),(2,2),(0.,1.),(0.,0.1),
 .UNSPECIFIED.);
#63=B_SPLINE_SURFACE_WITH_KNOTS('',2,1,((#7894,#7895),(#7896,#7897),(#7898,
#7899)),.UNSPECIFIED.,.F.,.F.,.F.,(3,3),(2,2),(0.,1.),(0.,0.1),
 .UNSPECIFIED.);
#64=B_SPLINE_SURFACE_WITH_KNOTS('',2,1,((#7901,#7902),(#7903,#7904),(#7905,
#7906)),.UNSPECIFIED.,.F.,.F.,.F.,(3,3),(2,2),(0.,1.),(0.,0.1),
 .UNSPECIFIED.);
#65=B_SPLINE_SURFACE_WITH_KNOTS('',2,1,((#7908,#7909),(#7910,#7911),(#7912,
#7913)),.UNSPECIFIED.,.F.,.F.,.F.,(3,3),(2,2),(0.,1.),(0.,0.1),
 .UNSPECIFIED.);
#66=B_SPLINE_SURFACE_WITH_KNOTS('',2,1,((#7915,#7916),(#7917,#7918),(#7919,
#7920)),.UNSPECIFIED.,.F.,.F.,.F.,(3,3),(2,2),(0.,1.),(0.,0.1),
 .UNSPECIFIED.);
#67=B_SPLINE_SURFACE_WITH_KNOTS('',2,1,((#7922,#7923),(#7924,#7925),(#7926,
#7927)),.UNSPECIFIED.,.F.,.F.,.F.,(3,3),(2,2),(0.,1.),(0.,0.1),
 .UNSPECIFIED.);
#68=B_SPLINE_SURFACE_WITH_KNOTS('',2,1,((#7937,#7938),(#7939,#7940),(#7941,
#7942)),.UNSPECIFIED.,.F.,.F.,.F.,(3,3),(2,2),(0.,1.),(0.,0.1),
 .UNSPECIFIED.);
#69=B_SPLINE_SURFACE_WITH_KNOTS('',2,1,((#7944,#7945),(#7946,#7947),(#7948,
#7949)),.UNSPECIFIED.,.F.,.F.,.F.,(3,3),(2,2),(0.,1.),(0.,0.1),
 .UNSPECIFIED.);
#70=B_SPLINE_SURFACE_WITH_KNOTS('',2,1,((#7951,#7952),(#7953,#7954),(#7955,
#7956)),.UNSPECIFIED.,.F.,.F.,.F.,(3,3),(2,2),(0.,1.),(0.,0.1),
 .UNSPECIFIED.);
#71=B_SPLINE_SURFACE_WITH_KNOTS('',2,1,((#7958,#7959),(#7960,#7961),(#7962,
#7963)),.UNSPECIFIED.,.F.,.F.,.F.,(3,3),(2,2),(0.,1.),(0.,0.1),
 .UNSPECIFIED.);
#72=B_SPLINE_SURFACE_WITH_KNOTS('',2,1,((#7965,#7966),(#7967,#7968),(#7969,
#7970)),.UNSPECIFIED.,.F.,.F.,.F.,(3,3),(2,2),(0.,1.),(0.,0.1),
 .UNSPECIFIED.);
#73=B_SPLINE_SURFACE_WITH_KNOTS('',2,1,((#8087,#8088),(#8089,#8090),(#8091,
#8092)),.UNSPECIFIED.,.F.,.F.,.F.,(3,3),(2,2),(0.,1.),(0.,0.1),
 .UNSPECIFIED.);
#74=B_SPLINE_SURFACE_WITH_KNOTS('',2,1,((#8094,#8095),(#8096,#8097),(#8098,
#8099)),.UNSPECIFIED.,.F.,.F.,.F.,(3,3),(2,2),(0.,1.),(0.,0.1),
 .UNSPECIFIED.);
#75=B_SPLINE_SURFACE_WITH_KNOTS('',2,1,((#8101,#8102),(#8103,#8104),(#8105,
#8106)),.UNSPECIFIED.,.F.,.F.,.F.,(3,3),(2,2),(0.,1.),(0.,0.1),
 .UNSPECIFIED.);
#76=B_SPLINE_SURFACE_WITH_KNOTS('',2,1,((#8108,#8109),(#8110,#8111),(#8112,
#8113)),.UNSPECIFIED.,.F.,.F.,.F.,(3,3),(2,2),(0.,1.),(0.,0.1),
 .UNSPECIFIED.);
#77=B_SPLINE_SURFACE_WITH_KNOTS('',2,1,((#8115,#8116),(#8117,#8118),(#8119,
#8120)),.UNSPECIFIED.,.F.,.F.,.F.,(3,3),(2,2),(0.,1.),(0.,0.1),
 .UNSPECIFIED.);
#78=B_SPLINE_SURFACE_WITH_KNOTS('',2,1,((#8122,#8123),(#8124,#8125),(#8126,
#8127)),.UNSPECIFIED.,.F.,.F.,.F.,(3,3),(2,2),(0.,1.),(0.,0.1),
 .UNSPECIFIED.);
#79=B_SPLINE_SURFACE_WITH_KNOTS('',2,1,((#8129,#8130),(#8131,#8132),(#8133,
#8134)),.UNSPECIFIED.,.F.,.F.,.F.,(3,3),(2,2),(0.,1.),(0.,0.1),
 .UNSPECIFIED.);
#80=B_SPLINE_SURFACE_WITH_KNOTS('',2,1,((#8136,#8137),(#8138,#8139),(#8140,
#8141)),.UNSPECIFIED.,.F.,.F.,.F.,(3,3),(2,2),(0.,1.),(0.,0.1),
 .UNSPECIFIED.);
#81=B_SPLINE_SURFACE_WITH_KNOTS('',2,1,((#8143,#8144),(#8145,#8146),(#8147,
#8148)),.UNSPECIFIED.,.F.,.F.,.F.,(3,3),(2,2),(0.,1.),(0.,0.1),
 .UNSPECIFIED.);
#82=B_SPLINE_SURFACE_WITH_KNOTS('',2,1,((#8150,#8151),(#8152,#8153),(#8154,
#8155)),.UNSPECIFIED.,.F.,.F.,.F.,(3,3),(2,2),(0.,1.),(0.,0.1),
 .UNSPECIFIED.);
#83=B_SPLINE_SURFACE_WITH_KNOTS('',2,1,((#8157,#8158),(#8159,#8160),(#8161,
#8162)),.UNSPECIFIED.,.F.,.F.,.F.,(3,3),(2,2),(0.,1.),(0.,0.1),
 .UNSPECIFIED.);
#84=B_SPLINE_SURFACE_WITH_KNOTS('',2,1,((#8166,#8167),(#8168,#8169),(#8170,
#8171)),.UNSPECIFIED.,.F.,.F.,.F.,(3,3),(2,2),(0.,1.),(0.,0.1),
 .UNSPECIFIED.);
#85=B_SPLINE_SURFACE_WITH_KNOTS('',2,1,((#8173,#8174),(#8175,#8176),(#8177,
#8178)),.UNSPECIFIED.,.F.,.F.,.F.,(3,3),(2,2),(0.,1.),(0.,0.1),
 .UNSPECIFIED.);
#86=B_SPLINE_SURFACE_WITH_KNOTS('',2,1,((#8180,#8181),(#8182,#8183),(#8184,
#8185)),.UNSPECIFIED.,.F.,.F.,.F.,(3,3),(2,2),(0.,1.),(0.,0.1),
 .UNSPECIFIED.);
#87=B_SPLINE_SURFACE_WITH_KNOTS('',2,1,((#8187,#8188),(#8189,#8190),(#8191,
#8192)),.UNSPECIFIED.,.F.,.F.,.F.,(3,3),(2,2),(0.,1.),(0.,0.1),
 .UNSPECIFIED.);
#88=B_SPLINE_SURFACE_WITH_KNOTS('',2,1,((#8194,#8195),(#8196,#8197),(#8198,
#8199)),.UNSPECIFIED.,.F.,.F.,.F.,(3,3),(2,2),(0.,1.),(0.,0.1),
 .UNSPECIFIED.);
#89=B_SPLINE_SURFACE_WITH_KNOTS('',2,1,((#8201,#8202),(#8203,#8204),(#8205,
#8206)),.UNSPECIFIED.,.F.,.F.,.F.,(3,3),(2,2),(0.,1.),(0.,0.1),
 .UNSPECIFIED.);
#90=B_SPLINE_SURFACE_WITH_KNOTS('',2,1,((#8208,#8209),(#8210,#8211),(#8212,
#8213)),.UNSPECIFIED.,.F.,.F.,.F.,(3,3),(2,2),(0.,1.),(0.,0.1),
 .UNSPECIFIED.);
#91=B_SPLINE_SURFACE_WITH_KNOTS('',2,1,((#8215,#8216),(#8217,#8218),(#8219,
#8220)),.UNSPECIFIED.,.F.,.F.,.F.,(3,3),(2,2),(0.,1.),(0.,0.1),
 .UNSPECIFIED.);
#92=B_SPLINE_SURFACE_WITH_KNOTS('',2,1,((#8222,#8223),(#8224,#8225),(#8226,
#8227)),.UNSPECIFIED.,.F.,.F.,.F.,(3,3),(2,2),(0.,1.),(0.,0.1),
 .UNSPECIFIED.);
#93=B_SPLINE_SURFACE_WITH_KNOTS('',2,1,((#8229,#8230),(#8231,#8232),(#8233,
#8234)),.UNSPECIFIED.,.F.,.F.,.F.,(3,3),(2,2),(0.,1.),(0.,0.1),
 .UNSPECIFIED.);
#94=B_SPLINE_SURFACE_WITH_KNOTS('',2,1,((#8236,#8237),(#8238,#8239),(#8240,
#8241)),.UNSPECIFIED.,.F.,.F.,.F.,(3,3),(2,2),(0.,1.),(0.,0.1),
 .UNSPECIFIED.);
#95=B_SPLINE_SURFACE_WITH_KNOTS('',2,1,((#8243,#8244),(#8245,#8246),(#8247,
#8248)),.UNSPECIFIED.,.F.,.F.,.F.,(3,3),(2,2),(0.,1.),(0.,0.1),
 .UNSPECIFIED.);
#96=(
BOUNDED_SURFACE()
B_SPLINE_SURFACE(1,2,((#7258,#7259,#7260,#7261,#7262),(#7263,#7264,#7265,
#7266,#7267)),.UNSPECIFIED.,.F.,.F.,.F.)
B_SPLINE_SURFACE_WITH_KNOTS((2,2),(3,2,3),(0.5,1.),(-3.1415926535898,-1.5707963267949,
1.77635683940025E-15),.UNSPECIFIED.)
GEOMETRIC_REPRESENTATION_ITEM()
RATIONAL_B_SPLINE_SURFACE(((1.,0.707106781186547,1.,0.707106781186547,1.),
(1.,0.707106781186547,1.,0.707106781186547,1.)))
REPRESENTATION_ITEM('')
SURFACE()
);
#97=(
BOUNDED_SURFACE()
B_SPLINE_SURFACE(1,2,((#7268,#7269,#7270,#7271,#7272),(#7273,#7274,#7275,
#7276,#7277)),.UNSPECIFIED.,.F.,.F.,.F.)
B_SPLINE_SURFACE_WITH_KNOTS((2,2),(3,2,3),(0.499999999999998,1.),(-3.14159284432465,
-1.5707963267949,1.90734858462884E-7),.UNSPECIFIED.)
GEOMETRIC_REPRESENTATION_ITEM()
RATIONAL_B_SPLINE_SURFACE(((1.,0.707106713751588,1.,0.707106713751588,1.),
(1.,0.707106713751588,1.,0.707106713751588,1.)))
REPRESENTATION_ITEM('')
SURFACE()
);
#98=(
BOUNDED_SURFACE()
B_SPLINE_SURFACE(1,2,((#7281,#7282,#7283,#7284,#7285),(#7286,#7287,#7288,
#7289,#7290)),.UNSPECIFIED.,.F.,.F.,.F.)
B_SPLINE_SURFACE_WITH_KNOTS((2,2),(3,2,3),(0.624999985098839,1.1249999851),
(-6.66133814775093E-16,1.5707963267949,3.14159265358979),.UNSPECIFIED.)
GEOMETRIC_REPRESENTATION_ITEM()
RATIONAL_B_SPLINE_SURFACE(((1.,0.707106781186547,1.,0.707106781186547,1.),
(1.,0.707106781186547,1.,0.707106781186547,1.)))
REPRESENTATION_ITEM('')
SURFACE()
);
#99=B_SPLINE_CURVE_WITH_KNOTS('',2,(#6867,#6868,#6869),.UNSPECIFIED.,.F.,
 .F.,(3,3),(0.,1.),.UNSPECIFIED.);
#100=B_SPLINE_CURVE_WITH_KNOTS('',2,(#6871,#6872,#6873),.UNSPECIFIED.,.F.,
 .F.,(3,3),(0.,1.),.UNSPECIFIED.);
#101=B_SPLINE_CURVE_WITH_KNOTS('',2,(#6877,#6878,#6879),.UNSPECIFIED.,.F.,
 .F.,(3,3),(0.,1.),.UNSPECIFIED.);
#102=B_SPLINE_CURVE_WITH_KNOTS('',2,(#6881,#6882,#6883),.UNSPECIFIED.,.F.,
 .F.,(3,3),(0.,1.),.UNSPECIFIED.);
#103=B_SPLINE_CURVE_WITH_KNOTS('',2,(#6885,#6886,#6887),.UNSPECIFIED.,.F.,
 .F.,(3,3),(0.,1.),.UNSPECIFIED.);
#104=B_SPLINE_CURVE_WITH_KNOTS('',2,(#6889,#6890,#6891),.UNSPECIFIED.,.F.,
 .F.,(3,3),(0.,1.),.UNSPECIFIED.);
#105=B_SPLINE_CURVE_WITH_KNOTS('',2,(#6893,#6894,#6895),.UNSPECIFIED.,.F.,
 .F.,(3,3),(0.,1.),.UNSPECIFIED.);
#106=B_SPLINE_CURVE_WITH_KNOTS('',2,(#6897,#6898,#6899),.UNSPECIFIED.,.F.,
 .F.,(3,3),(0.,1.),.UNSPECIFIED.);
#107=B_SPLINE_CURVE_WITH_KNOTS('',2,(#6901,#6902,#6903),.UNSPECIFIED.,.F.,
 .F.,(3,3),(0.,1.),.UNSPECIFIED.);
#108=B_SPLINE_CURVE_WITH_KNOTS('',2,(#6905,#6906,#6907),.UNSPECIFIED.,.F.,
 .F.,(3,3),(0.,1.),.UNSPECIFIED.);
#109=B_SPLINE_CURVE_WITH_KNOTS('',2,(#6909,#6910,#6911),.UNSPECIFIED.,.F.,
 .F.,(3,3),(0.,1.),.UNSPECIFIED.);
#110=B_SPLINE_CURVE_WITH_KNOTS('',2,(#6913,#6914,#6915),.UNSPECIFIED.,.F.,
 .F.,(3,3),(0.,1.),.UNSPECIFIED.);
#111=B_SPLINE_CURVE_WITH_KNOTS('',2,(#6917,#6918,#6919),.UNSPECIFIED.,.F.,
 .F.,(3,3),(0.,1.),.UNSPECIFIED.);
#112=B_SPLINE_CURVE_WITH_KNOTS('',2,(#6921,#6922,#6923),.UNSPECIFIED.,.F.,
 .F.,(3,3),(0.,1.),.UNSPECIFIED.);
#113=B_SPLINE_CURVE_WITH_KNOTS('',2,(#6925,#6926,#6927),.UNSPECIFIED.,.F.,
 .F.,(3,3),(0.,1.),.UNSPECIFIED.);
#114=B_SPLINE_CURVE_WITH_KNOTS('',2,(#6929,#6930,#6931),.UNSPECIFIED.,.F.,
 .F.,(3,3),(0.,1.),.UNSPECIFIED.);
#115=B_SPLINE_CURVE_WITH_KNOTS('',2,(#6933,#6934,#6935),.UNSPECIFIED.,.F.,
 .F.,(3,3),(0.,1.),.UNSPECIFIED.);
#116=B_SPLINE_CURVE_WITH_KNOTS('',2,(#6937,#6938,#6939),.UNSPECIFIED.,.F.,
 .F.,(3,3),(0.,1.),.UNSPECIFIED.);
#117=B_SPLINE_CURVE_WITH_KNOTS('',2,(#6941,#6942,#6943),.UNSPECIFIED.,.F.,
 .F.,(3,3),(0.,1.),.UNSPECIFIED.);
#118=B_SPLINE_CURVE_WITH_KNOTS('',2,(#6945,#6946,#6947),.UNSPECIFIED.,.F.,
 .F.,(3,3),(0.,1.),.UNSPECIFIED.);
#119=B_SPLINE_CURVE_WITH_KNOTS('',2,(#6951,#6952,#6953),.UNSPECIFIED.,.F.,
 .F.,(3,3),(0.,1.),.UNSPECIFIED.);
#120=B_SPLINE_CURVE_WITH_KNOTS('',2,(#6955,#6956,#6957),.UNSPECIFIED.,.F.,
 .F.,(3,3),(0.,1.),.UNSPECIFIED.);
#121=B_SPLINE_CURVE_WITH_KNOTS('',2,(#6959,#6960,#6961),.UNSPECIFIED.,.F.,
 .F.,(3,3),(0.,1.),.UNSPECIFIED.);
#122=B_SPLINE_CURVE_WITH_KNOTS('',2,(#6963,#6964,#6965),.UNSPECIFIED.,.F.,
 .F.,(3,3),(0.,1.),.UNSPECIFIED.);
#123=B_SPLINE_CURVE_WITH_KNOTS('',2,(#6967,#6968,#6969),.UNSPECIFIED.,.F.,
 .F.,(3,3),(0.,1.),.UNSPECIFIED.);
#124=B_SPLINE_CURVE_WITH_KNOTS('',2,(#6971,#6972,#6973),.UNSPECIFIED.,.F.,
 .F.,(3,3),(0.,1.),.UNSPECIFIED.);
#125=B_SPLINE_CURVE_WITH_KNOTS('',2,(#6975,#6976,#6977),.UNSPECIFIED.,.F.,
 .F.,(3,3),(0.,1.),.UNSPECIFIED.);
#126=B_SPLINE_CURVE_WITH_KNOTS('',2,(#6979,#6980,#6981),.UNSPECIFIED.,.F.,
 .F.,(3,3),(0.,1.),.UNSPECIFIED.);
#127=B_SPLINE_CURVE_WITH_KNOTS('',2,(#6983,#6984,#6985),.UNSPECIFIED.,.F.,
 .F.,(3,3),(0.,1.),.UNSPECIFIED.);
#128=B_SPLINE_CURVE_WITH_KNOTS('',2,(#6987,#6988,#6989),.UNSPECIFIED.,.F.,
 .F.,(3,3),(0.,1.),.UNSPECIFIED.);
#129=B_SPLINE_CURVE_WITH_KNOTS('',2,(#6991,#6992,#6993),.UNSPECIFIED.,.F.,
 .F.,(3,3),(0.,1.),.UNSPECIFIED.);
#130=B_SPLINE_CURVE_WITH_KNOTS('',2,(#6995,#6996,#6997),.UNSPECIFIED.,.F.,
 .F.,(3,3),(0.,1.),.UNSPECIFIED.);
#131=B_SPLINE_CURVE_WITH_KNOTS('',2,(#6998,#6999,#7000),.UNSPECIFIED.,.F.,
 .F.,(3,3),(0.,1.),.UNSPECIFIED.);
#132=B_SPLINE_CURVE_WITH_KNOTS('',2,(#7011,#7012,#7013),.UNSPECIFIED.,.F.,
 .F.,(3,3),(0.,1.),.UNSPECIFIED.);
#133=B_SPLINE_CURVE_WITH_KNOTS('',2,(#7015,#7016,#7017),.UNSPECIFIED.,.F.,
 .F.,(3,3),(0.,1.),.UNSPECIFIED.);
#134=B_SPLINE_CURVE_WITH_KNOTS('',2,(#7021,#7022,#7023),.UNSPECIFIED.,.F.,
 .F.,(3,3),(0.,1.),.UNSPECIFIED.);
#135=B_SPLINE_CURVE_WITH_KNOTS('',2,(#7024,#7025,#7026),.UNSPECIFIED.,.F.,
 .F.,(3,3),(0.,1.),.UNSPECIFIED.);
#136=B_SPLINE_CURVE_WITH_KNOTS('',2,(#7059,#7060,#7061),.UNSPECIFIED.,.F.,
 .F.,(3,3),(0.,1.),.UNSPECIFIED.);
#137=B_SPLINE_CURVE_WITH_KNOTS('',2,(#7063,#7064,#7065),.UNSPECIFIED.,.F.,
 .F.,(3,3),(0.,1.),.UNSPECIFIED.);
#138=B_SPLINE_CURVE_WITH_KNOTS('',2,(#7067,#7068,#7069),.UNSPECIFIED.,.F.,
 .F.,(3,3),(0.,1.),.UNSPECIFIED.);
#139=B_SPLINE_CURVE_WITH_KNOTS('',2,(#7071,#7072,#7073),.UNSPECIFIED.,.F.,
 .F.,(3,3),(0.,1.),.UNSPECIFIED.);
#140=B_SPLINE_CURVE_WITH_KNOTS('',2,(#7075,#7076,#7077),.UNSPECIFIED.,.F.,
 .F.,(3,3),(0.,1.),.UNSPECIFIED.);
#141=B_SPLINE_CURVE_WITH_KNOTS('',2,(#7079,#7080,#7081),.UNSPECIFIED.,.F.,
 .F.,(3,3),(0.,1.),.UNSPECIFIED.);
#142=B_SPLINE_CURVE_WITH_KNOTS('',2,(#7095,#7096,#7097),.UNSPECIFIED.,.F.,
 .F.,(3,3),(0.,1.),.UNSPECIFIED.);
#143=B_SPLINE_CURVE_WITH_KNOTS('',2,(#7099,#7100,#7101),.UNSPECIFIED.,.F.,
 .F.,(3,3),(0.,1.),.UNSPECIFIED.);
#144=B_SPLINE_CURVE_WITH_KNOTS('',2,(#7103,#7104,#7105),.UNSPECIFIED.,.F.,
 .F.,(3,3),(0.,1.),.UNSPECIFIED.);
#145=B_SPLINE_CURVE_WITH_KNOTS('',2,(#7107,#7108,#7109),.UNSPECIFIED.,.F.,
 .F.,(3,3),(0.,1.),.UNSPECIFIED.);
#146=B_SPLINE_CURVE_WITH_KNOTS('',2,(#7111,#7112,#7113),.UNSPECIFIED.,.F.,
 .F.,(3,3),(0.,1.),.UNSPECIFIED.);
#147=B_SPLINE_CURVE_WITH_KNOTS('',2,(#7115,#7116,#7117),.UNSPECIFIED.,.F.,
 .F.,(3,3),(0.,1.),.UNSPECIFIED.);
#148=B_SPLINE_CURVE_WITH_KNOTS('',2,(#7119,#7120,#7121),.UNSPECIFIED.,.F.,
 .F.,(3,3),(0.,1.),.UNSPECIFIED.);
#149=B_SPLINE_CURVE_WITH_KNOTS('',2,(#7123,#7124,#7125),.UNSPECIFIED.,.F.,
 .F.,(3,3),(0.,1.),.UNSPECIFIED.);
#150=B_SPLINE_CURVE_WITH_KNOTS('',2,(#7127,#7128,#7129),.UNSPECIFIED.,.F.,
 .F.,(3,3),(0.,1.),.UNSPECIFIED.);
#151=B_SPLINE_CURVE_WITH_KNOTS('',2,(#7131,#7132,#7133),.UNSPECIFIED.,.F.,
 .F.,(3,3),(0.,1.),.UNSPECIFIED.);
#152=B_SPLINE_CURVE_WITH_KNOTS('',2,(#7135,#7136,#7137),.UNSPECIFIED.,.F.,
 .F.,(3,3),(0.,1.),.UNSPECIFIED.);
#153=B_SPLINE_CURVE_WITH_KNOTS('',2,(#7141,#7142,#7143),.UNSPECIFIED.,.F.,
 .F.,(3,3),(0.,1.),.UNSPECIFIED.);
#154=B_SPLINE_CURVE_WITH_KNOTS('',2,(#7145,#7146,#7147),.UNSPECIFIED.,.F.,
 .F.,(3,3),(0.,1.),.UNSPECIFIED.);
#155=B_SPLINE_CURVE_WITH_KNOTS('',2,(#7149,#7150,#7151),.UNSPECIFIED.,.F.,
 .F.,(3,3),(0.,1.),.UNSPECIFIED.);
#156=B_SPLINE_CURVE_WITH_KNOTS('',2,(#7153,#7154,#7155),.UNSPECIFIED.,.F.,
 .F.,(3,3),(0.,1.),.UNSPECIFIED.);
#157=B_SPLINE_CURVE_WITH_KNOTS('',2,(#7157,#7158,#7159),.UNSPECIFIED.,.F.,
 .F.,(3,3),(0.,1.),.UNSPECIFIED.);
#158=B_SPLINE_CURVE_WITH_KNOTS('',2,(#7161,#7162,#7163),.UNSPECIFIED.,.F.,
 .F.,(3,3),(0.,1.),.UNSPECIFIED.);
#159=B_SPLINE_CURVE_WITH_KNOTS('',2,(#7165,#7166,#7167),.UNSPECIFIED.,.F.,
 .F.,(3,3),(0.,1.),.UNSPECIFIED.);
#160=B_SPLINE_CURVE_WITH_KNOTS('',2,(#7169,#7170,#7171),.UNSPECIFIED.,.F.,
 .F.,(3,3),(0.,1.),.UNSPECIFIED.);
#161=B_SPLINE_CURVE_WITH_KNOTS('',2,(#7173,#7174,#7175),.UNSPECIFIED.,.F.,
 .F.,(3,3),(0.,1.),.UNSPECIFIED.);
#162=B_SPLINE_CURVE_WITH_KNOTS('',2,(#7177,#7178,#7179),.UNSPECIFIED.,.F.,
 .F.,(3,3),(0.,1.),.UNSPECIFIED.);
#163=B_SPLINE_CURVE_WITH_KNOTS('',2,(#7181,#7182,#7183),.UNSPECIFIED.,.F.,
 .F.,(3,3),(0.,1.),.UNSPECIFIED.);
#164=B_SPLINE_CURVE_WITH_KNOTS('',2,(#7184,#7185,#7186),.UNSPECIFIED.,.F.,
 .F.,(3,3),(0.,1.),.UNSPECIFIED.);
#165=B_SPLINE_CURVE_WITH_KNOTS('',2,(#7300,#7301,#7302),.UNSPECIFIED.,.F.,
 .F.,(3,3),(0.,1.),.UNSPECIFIED.);
#166=B_SPLINE_CURVE_WITH_KNOTS('',2,(#7304,#7305,#7306),.UNSPECIFIED.,.F.,
 .F.,(3,3),(0.,1.),.UNSPECIFIED.);
#167=B_SPLINE_CURVE_WITH_KNOTS('',2,(#7308,#7309,#7310),.UNSPECIFIED.,.F.,
 .F.,(3,3),(0.,1.),.UNSPECIFIED.);
#168=B_SPLINE_CURVE_WITH_KNOTS('',2,(#7312,#7313,#7314),.UNSPECIFIED.,.F.,
 .F.,(3,3),(0.,1.),.UNSPECIFIED.);
#169=B_SPLINE_CURVE_WITH_KNOTS('',2,(#7315,#7316,#7317),.UNSPECIFIED.,.F.,
 .F.,(3,3),(0.,1.),.UNSPECIFIED.);
#170=B_SPLINE_CURVE_WITH_KNOTS('',2,(#7328,#7329,#7330),.UNSPECIFIED.,.F.,
 .F.,(3,3),(0.,1.),.UNSPECIFIED.);
#171=B_SPLINE_CURVE_WITH_KNOTS('',2,(#7332,#7333,#7334),.UNSPECIFIED.,.F.,
 .F.,(3,3),(0.,1.),.UNSPECIFIED.);
#172=B_SPLINE_CURVE_WITH_KNOTS('',2,(#7336,#7337,#7338),.UNSPECIFIED.,.F.,
 .F.,(3,3),(0.,1.),.UNSPECIFIED.);
#173=B_SPLINE_CURVE_WITH_KNOTS('',2,(#7340,#7341,#7342),.UNSPECIFIED.,.F.,
 .F.,(3,3),(0.,1.),.UNSPECIFIED.);
#174=B_SPLINE_CURVE_WITH_KNOTS('',2,(#7344,#7345,#7346),.UNSPECIFIED.,.F.,
 .F.,(3,3),(0.,1.),.UNSPECIFIED.);
#175=B_SPLINE_CURVE_WITH_KNOTS('',2,(#7348,#7349,#7350),.UNSPECIFIED.,.F.,
 .F.,(3,3),(0.,1.),.UNSPECIFIED.);
#176=B_SPLINE_CURVE_WITH_KNOTS('',2,(#7352,#7353,#7354),.UNSPECIFIED.,.F.,
 .F.,(3,3),(0.,1.),.UNSPECIFIED.);
#177=B_SPLINE_CURVE_WITH_KNOTS('',2,(#7356,#7357,#7358),.UNSPECIFIED.,.F.,
 .F.,(3,3),(0.,1.),.UNSPECIFIED.);
#178=B_SPLINE_CURVE_WITH_KNOTS('',2,(#7360,#7361,#7362),.UNSPECIFIED.,.F.,
 .F.,(3,3),(0.,1.),.UNSPECIFIED.);
#179=B_SPLINE_CURVE_WITH_KNOTS('',2,(#7364,#7365,#7366),.UNSPECIFIED.,.F.,
 .F.,(3,3),(0.,1.),.UNSPECIFIED.);
#180=B_SPLINE_CURVE_WITH_KNOTS('',2,(#7368,#7369,#7370),.UNSPECIFIED.,.F.,
 .F.,(3,3),(0.,1.),.UNSPECIFIED.);
#181=B_SPLINE_CURVE_WITH_KNOTS('',2,(#7372,#7373,#7374),.UNSPECIFIED.,.F.,
 .F.,(3,3),(0.,1.),.UNSPECIFIED.);
#182=B_SPLINE_CURVE_WITH_KNOTS('',2,(#7376,#7377,#7378),.UNSPECIFIED.,.F.,
 .F.,(3,3),(0.,1.),.UNSPECIFIED.);
#183=B_SPLINE_CURVE_WITH_KNOTS('',2,(#7380,#7381,#7382),.UNSPECIFIED.,.F.,
 .F.,(3,3),(0.,1.),.UNSPECIFIED.);
#184=B_SPLINE_CURVE_WITH_KNOTS('',2,(#7384,#7385,#7386),.UNSPECIFIED.,.F.,
 .F.,(3,3),(0.,1.),.UNSPECIFIED.);
#185=B_SPLINE_CURVE_WITH_KNOTS('',2,(#7390,#7391,#7392),.UNSPECIFIED.,.F.,
 .F.,(3,3),(0.,1.),.UNSPECIFIED.);
#186=B_SPLINE_CURVE_WITH_KNOTS('',2,(#7394,#7395,#7396),.UNSPECIFIED.,.F.,
 .F.,(3,3),(0.,1.),.UNSPECIFIED.);
#187=B_SPLINE_CURVE_WITH_KNOTS('',2,(#7398,#7399,#7400),.UNSPECIFIED.,.F.,
 .F.,(3,3),(0.,1.),.UNSPECIFIED.);
#188=B_SPLINE_CURVE_WITH_KNOTS('',2,(#7402,#7403,#7404),.UNSPECIFIED.,.F.,
 .F.,(3,3),(0.,1.),.UNSPECIFIED.);
#189=B_SPLINE_CURVE_WITH_KNOTS('',2,(#7406,#7407,#7408),.UNSPECIFIED.,.F.,
 .F.,(3,3),(0.,1.),.UNSPECIFIED.);
#190=B_SPLINE_CURVE_WITH_KNOTS('',2,(#7410,#7411,#7412),.UNSPECIFIED.,.F.,
 .F.,(3,3),(0.,1.),.UNSPECIFIED.);
#191=B_SPLINE_CURVE_WITH_KNOTS('',2,(#7414,#7415,#7416),.UNSPECIFIED.,.F.,
 .F.,(3,3),(0.,1.),.UNSPECIFIED.);
#192=B_SPLINE_CURVE_WITH_KNOTS('',2,(#7418,#7419,#7420),.UNSPECIFIED.,.F.,
 .F.,(3,3),(0.,1.),.UNSPECIFIED.);
#193=B_SPLINE_CURVE_WITH_KNOTS('',2,(#7422,#7423,#7424),.UNSPECIFIED.,.F.,
 .F.,(3,3),(0.,1.),.UNSPECIFIED.);
#194=B_SPLINE_CURVE_WITH_KNOTS('',2,(#7426,#7427,#7428),.UNSPECIFIED.,.F.,
 .F.,(3,3),(0.,1.),.UNSPECIFIED.);
#195=B_SPLINE_CURVE_WITH_KNOTS('',2,(#7430,#7431,#7432),.UNSPECIFIED.,.F.,
 .F.,(3,3),(0.,1.),.UNSPECIFIED.);
#196=B_SPLINE_CURVE_WITH_KNOTS('',2,(#7434,#7435,#7436),.UNSPECIFIED.,.F.,
 .F.,(3,3),(0.,1.),.UNSPECIFIED.);
#197=B_SPLINE_CURVE_WITH_KNOTS('',2,(#7438,#7439,#7440),.UNSPECIFIED.,.F.,
 .F.,(3,3),(0.,1.),.UNSPECIFIED.);
#198=B_SPLINE_CURVE_WITH_KNOTS('',2,(#7442,#7443,#7444),.UNSPECIFIED.,.F.,
 .F.,(3,3),(0.,1.),.UNSPECIFIED.);
#199=B_SPLINE_CURVE_WITH_KNOTS('',2,(#7446,#7447,#7448),.UNSPECIFIED.,.F.,
 .F.,(3,3),(0.,1.),.UNSPECIFIED.);
#200=B_SPLINE_CURVE_WITH_KNOTS('',2,(#7450,#7451,#7452),.UNSPECIFIED.,.F.,
 .F.,(3,3),(0.,1.),.UNSPECIFIED.);
#201=B_SPLINE_CURVE_WITH_KNOTS('',2,(#7454,#7455,#7456),.UNSPECIFIED.,.F.,
 .F.,(3,3),(0.,1.),.UNSPECIFIED.);
#202=B_SPLINE_CURVE_WITH_KNOTS('',2,(#7458,#7459,#7460),.UNSPECIFIED.,.F.,
 .F.,(3,3),(0.,1.),.UNSPECIFIED.);
#203=B_SPLINE_CURVE_WITH_KNOTS('',2,(#7704,#7705,#7706),.UNSPECIFIED.,.F.,
 .F.,(3,3),(0.,1.),.UNSPECIFIED.);
#204=B_SPLINE_CURVE_WITH_KNOTS('',2,(#7708,#7709,#7710),.UNSPECIFIED.,.F.,
 .F.,(3,3),(0.,1.),.UNSPECIFIED.);
#205=B_SPLINE_CURVE_WITH_KNOTS('',2,(#7714,#7715,#7716),.UNSPECIFIED.,.F.,
 .F.,(3,3),(0.,1.),.UNSPECIFIED.);
#206=B_SPLINE_CURVE_WITH_KNOTS('',2,(#7718,#7719,#7720),.UNSPECIFIED.,.F.,
 .F.,(3,3),(0.,1.),.UNSPECIFIED.);
#207=B_SPLINE_CURVE_WITH_KNOTS('',2,(#7828,#7829,#7830),.UNSPECIFIED.,.F.,
 .F.,(3,3),(0.,1.),.UNSPECIFIED.);
#208=B_SPLINE_CURVE_WITH_KNOTS('',2,(#7832,#7833,#7834),.UNSPECIFIED.,.F.,
 .F.,(3,3),(0.,1.),.UNSPECIFIED.);
#209=B_SPLINE_CURVE_WITH_KNOTS('',2,(#7836,#7837,#7838),.UNSPECIFIED.,.F.,
 .F.,(3,3),(0.,1.),.UNSPECIFIED.);
#210=B_SPLINE_CURVE_WITH_KNOTS('',2,(#7840,#7841,#7842),.UNSPECIFIED.,.F.,
 .F.,(3,3),(0.,1.),.UNSPECIFIED.);
#211=B_SPLINE_CURVE_WITH_KNOTS('',2,(#7844,#7845,#7846),.UNSPECIFIED.,.F.,
 .F.,(3,3),(0.,1.),.UNSPECIFIED.);
#212=B_SPLINE_CURVE_WITH_KNOTS('',2,(#7848,#7849,#7850),.UNSPECIFIED.,.F.,
 .F.,(3,3),(0.,1.),.UNSPECIFIED.);
#213=B_SPLINE_CURVE_WITH_KNOTS('',2,(#7860,#7861,#7862),.UNSPECIFIED.,.F.,
 .F.,(3,3),(0.,1.),.UNSPECIFIED.);
#214=B_SPLINE_CURVE_WITH_KNOTS('',2,(#7864,#7865,#7866),.UNSPECIFIED.,.F.,
 .F.,(3,3),(0.,1.),.UNSPECIFIED.);
#215=B_SPLINE_CURVE_WITH_KNOTS('',2,(#7868,#7869,#7870),.UNSPECIFIED.,.F.,
 .F.,(3,3),(0.,1.),.UNSPECIFIED.);
#216=B_SPLINE_CURVE_WITH_KNOTS('',2,(#7872,#7873,#7874),.UNSPECIFIED.,.F.,
 .F.,(3,3),(0.,1.),.UNSPECIFIED.);
#217=B_SPLINE_CURVE_WITH_KNOTS('',2,(#7876,#7877,#7878),.UNSPECIFIED.,.F.,
 .F.,(3,3),(0.,1.),.UNSPECIFIED.);
#218=B_SPLINE_CURVE_WITH_KNOTS('',2,(#7980,#7981,#7982),.UNSPECIFIED.,.F.,
 .F.,(3,3),(0.,1.),.UNSPECIFIED.);
#219=B_SPLINE_CURVE_WITH_KNOTS('',2,(#7984,#7985,#7986),.UNSPECIFIED.,.F.,
 .F.,(3,3),(0.,1.),.UNSPECIFIED.);
#220=B_SPLINE_CURVE_WITH_KNOTS('',2,(#7988,#7989,#7990),.UNSPECIFIED.,.F.,
 .F.,(3,3),(0.,1.),.UNSPECIFIED.);
#221=B_SPLINE_CURVE_WITH_KNOTS('',2,(#7992,#7993,#7994),.UNSPECIFIED.,.F.,
 .F.,(3,3),(0.,1.),.UNSPECIFIED.);
#222=B_SPLINE_CURVE_WITH_KNOTS('',2,(#7996,#7997,#7998),.UNSPECIFIED.,.F.,
 .F.,(3,3),(0.,1.),.UNSPECIFIED.);
#223=B_SPLINE_CURVE_WITH_KNOTS('',2,(#8000,#8001,#8002),.UNSPECIFIED.,.F.,
 .F.,(3,3),(0.,1.),.UNSPECIFIED.);
#224=B_SPLINE_CURVE_WITH_KNOTS('',2,(#8004,#8005,#8006),.UNSPECIFIED.,.F.,
 .F.,(3,3),(0.,1.),.UNSPECIFIED.);
#225=B_SPLINE_CURVE_WITH_KNOTS('',2,(#8008,#8009,#8010),.UNSPECIFIED.,.F.,
 .F.,(3,3),(0.,1.),.UNSPECIFIED.);
#226=B_SPLINE_CURVE_WITH_KNOTS('',2,(#8012,#8013,#8014),.UNSPECIFIED.,.F.,
 .F.,(3,3),(0.,1.),.UNSPECIFIED.);
#227=B_SPLINE_CURVE_WITH_KNOTS('',2,(#8016,#8017,#8018),.UNSPECIFIED.,.F.,
 .F.,(3,3),(0.,1.),.UNSPECIFIED.);
#228=B_SPLINE_CURVE_WITH_KNOTS('',2,(#8020,#8021,#8022),.UNSPECIFIED.,.F.,
 .F.,(3,3),(0.,1.),.UNSPECIFIED.);
#229=B_SPLINE_CURVE_WITH_KNOTS('',2,(#8024,#8025,#8026),.UNSPECIFIED.,.F.,
 .F.,(3,3),(0.,1.),.UNSPECIFIED.);
#230=B_SPLINE_CURVE_WITH_KNOTS('',2,(#8030,#8031,#8032),.UNSPECIFIED.,.F.,
 .F.,(3,3),(0.,1.),.UNSPECIFIED.);
#231=B_SPLINE_CURVE_WITH_KNOTS('',2,(#8034,#8035,#8036),.UNSPECIFIED.,.F.,
 .F.,(3,3),(0.,1.),.UNSPECIFIED.);
#232=B_SPLINE_CURVE_WITH_KNOTS('',2,(#8038,#8039,#8040),.UNSPECIFIED.,.F.,
 .F.,(3,3),(0.,1.),.UNSPECIFIED.);
#233=B_SPLINE_CURVE_WITH_KNOTS('',2,(#8042,#8043,#8044),.UNSPECIFIED.,.F.,
 .F.,(3,3),(0.,1.),.UNSPECIFIED.);
#234=B_SPLINE_CURVE_WITH_KNOTS('',2,(#8046,#8047,#8048),.UNSPECIFIED.,.F.,
 .F.,(3,3),(0.,1.),.UNSPECIFIED.);
#235=B_SPLINE_CURVE_WITH_KNOTS('',2,(#8050,#8051,#8052),.UNSPECIFIED.,.F.,
 .F.,(3,3),(0.,1.),.UNSPECIFIED.);
#236=B_SPLINE_CURVE_WITH_KNOTS('',2,(#8054,#8055,#8056),.UNSPECIFIED.,.F.,
 .F.,(3,3),(0.,1.),.UNSPECIFIED.);
#237=B_SPLINE_CURVE_WITH_KNOTS('',2,(#8058,#8059,#8060),.UNSPECIFIED.,.F.,
 .F.,(3,3),(0.,1.),.UNSPECIFIED.);
#238=B_SPLINE_CURVE_WITH_KNOTS('',2,(#8062,#8063,#8064),.UNSPECIFIED.,.F.,
 .F.,(3,3),(0.,1.),.UNSPECIFIED.);
#239=B_SPLINE_CURVE_WITH_KNOTS('',2,(#8066,#8067,#8068),.UNSPECIFIED.,.F.,
 .F.,(3,3),(0.,1.),.UNSPECIFIED.);
#240=B_SPLINE_CURVE_WITH_KNOTS('',2,(#8070,#8071,#8072),.UNSPECIFIED.,.F.,
 .F.,(3,3),(0.,1.),.UNSPECIFIED.);
#241=FACE_BOUND('',#552,.T.);
#242=FACE_BOUND('',#553,.T.);
#243=FACE_BOUND('',#554,.T.);
#244=FACE_BOUND('',#555,.T.);
#245=FACE_BOUND('',#556,.T.);
#246=FACE_BOUND('',#557,.T.);
#247=FACE_BOUND('',#570,.T.);
#248=FACE_BOUND('',#626,.T.);
#249=FACE_BOUND('',#642,.T.);
#250=FACE_BOUND('',#718,.T.);
#251=FACE_BOUND('',#719,.T.);
#252=FACE_BOUND('',#720,.T.);
#253=FACE_BOUND('',#721,.T.);
#254=FACE_BOUND('',#722,.T.);
#255=FACE_BOUND('',#723,.T.);
#256=FACE_BOUND('',#808,.T.);
#257=FACE_BOUND('',#817,.T.);
#258=FACE_BOUND('',#821,.T.);
#259=FACE_BOUND('',#825,.T.);
#260=FACE_BOUND('',#835,.T.);
#261=ELLIPSE('',#5519,4.,2.);
#262=ELLIPSE('',#5520,4.,2.);
#263=ELLIPSE('',#5521,4.,2.);
#264=ELLIPSE('',#5534,4.,2.);
#265=ELLIPSE('',#5535,4.,2.);
#266=ELLIPSE('',#5536,4.,2.);
#267=FACE_OUTER_BOUND('',#543,.T.);
#268=FACE_OUTER_BOUND('',#544,.T.);
#269=FACE_OUTER_BOUND('',#545,.T.);
#270=FACE_OUTER_BOUND('',#546,.T.);
#271=FACE_OUTER_BOUND('',#547,.T.);
#272=FACE_OUTER_BOUND('',#548,.T.);
#273=FACE_OUTER_BOUND('',#549,.T.);
#274=FACE_OUTER_BOUND('',#550,.T.);
#275=FACE_OUTER_BOUND('',#551,.T.);
#276=FACE_OUTER_BOUND('',#558,.T.);
#277=FACE_OUTER_BOUND('',#559,.T.);
#278=FACE_OUTER_BOUND('',#560,.T.);
#279=FACE_OUTER_BOUND('',#561,.T.);
#280=FACE_OUTER_BOUND('',#562,.T.);
#281=FACE_OUTER_BOUND('',#563,.T.);
#282=FACE_OUTER_BOUND('',#564,.T.);
#283=FACE_OUTER_BOUND('',#565,.T.);
#284=FACE_OUTER_BOUND('',#566,.T.);
#285=FACE_OUTER_BOUND('',#567,.T.);
#286=FACE_OUTER_BOUND('',#568,.T.);
#287=FACE_OUTER_BOUND('',#569,.T.);
#288=FACE_OUTER_BOUND('',#571,.T.);
#289=FACE_OUTER_BOUND('',#572,.T.);
#290=FACE_OUTER_BOUND('',#573,.T.);
#291=FACE_OUTER_BOUND('',#574,.T.);
#292=FACE_OUTER_BOUND('',#575,.T.);
#293=FACE_OUTER_BOUND('',#576,.T.);
#294=FACE_OUTER_BOUND('',#577,.T.);
#295=FACE_OUTER_BOUND('',#578,.T.);
#296=FACE_OUTER_BOUND('',#579,.T.);
#297=FACE_OUTER_BOUND('',#580,.T.);
#298=FACE_OUTER_BOUND('',#581,.T.);
#299=FACE_OUTER_BOUND('',#582,.T.);
#300=FACE_OUTER_BOUND('',#583,.T.);
#301=FACE_OUTER_BOUND('',#584,.T.);
#302=FACE_OUTER_BOUND('',#585,.T.);
#303=FACE_OUTER_BOUND('',#586,.T.);
#304=FACE_OUTER_BOUND('',#587,.T.);
#305=FACE_OUTER_BOUND('',#588,.T.);
#306=FACE_OUTER_BOUND('',#589,.T.);
#307=FACE_OUTER_BOUND('',#590,.T.);
#308=FACE_OUTER_BOUND('',#591,.T.);
#309=FACE_OUTER_BOUND('',#592,.T.);
#310=FACE_OUTER_BOUND('',#593,.T.);
#311=FACE_OUTER_BOUND('',#594,.T.);
#312=FACE_OUTER_BOUND('',#595,.T.);
#313=FACE_OUTER_BOUND('',#596,.T.);
#314=FACE_OUTER_BOUND('',#597,.T.);
#315=FACE_OUTER_BOUND('',#598,.T.);
#316=FACE_OUTER_BOUND('',#599,.T.);
#317=FACE_OUTER_BOUND('',#600,.T.);
#318=FACE_OUTER_BOUND('',#601,.T.);
#319=FACE_OUTER_BOUND('',#602,.T.);
#320=FACE_OUTER_BOUND('',#603,.T.);
#321=FACE_OUTER_BOUND('',#604,.T.);
#322=FACE_OUTER_BOUND('',#605,.T.);
#323=FACE_OUTER_BOUND('',#606,.T.);
#324=FACE_OUTER_BOUND('',#607,.T.);
#325=FACE_OUTER_BOUND('',#608,.T.);
#326=FACE_OUTER_BOUND('',#609,.T.);
#327=FACE_OUTER_BOUND('',#610,.T.);
#328=FACE_OUTER_BOUND('',#611,.T.);
#329=FACE_OUTER_BOUND('',#612,.T.);
#330=FACE_OUTER_BOUND('',#613,.T.);
#331=FACE_OUTER_BOUND('',#614,.T.);
#332=FACE_OUTER_BOUND('',#615,.T.);
#333=FACE_OUTER_BOUND('',#616,.T.);
#334=FACE_OUTER_BOUND('',#617,.T.);
#335=FACE_OUTER_BOUND('',#618,.T.);
#336=FACE_OUTER_BOUND('',#619,.T.);
#337=FACE_OUTER_BOUND('',#620,.T.);
#338=FACE_OUTER_BOUND('',#621,.T.);
#339=FACE_OUTER_BOUND('',#622,.T.);
#340=FACE_OUTER_BOUND('',#623,.T.);
#341=FACE_OUTER_BOUND('',#624,.T.);
#342=FACE_OUTER_BOUND('',#625,.T.);
#343=FACE_OUTER_BOUND('',#627,.T.);
#344=FACE_OUTER_BOUND('',#628,.T.);
#345=FACE_OUTER_BOUND('',#629,.T.);
#346=FACE_OUTER_BOUND('',#630,.T.);
#347=FACE_OUTER_BOUND('',#631,.T.);
#348=FACE_OUTER_BOUND('',#632,.T.);
#349=FACE_OUTER_BOUND('',#633,.T.);
#350=FACE_OUTER_BOUND('',#634,.T.);
#351=FACE_OUTER_BOUND('',#635,.T.);
#352=FACE_OUTER_BOUND('',#636,.T.);
#353=FACE_OUTER_BOUND('',#637,.T.);
#354=FACE_OUTER_BOUND('',#638,.T.);
#355=FACE_OUTER_BOUND('',#639,.T.);
#356=FACE_OUTER_BOUND('',#640,.T.);
#357=FACE_OUTER_BOUND('',#641,.T.);
#358=FACE_OUTER_BOUND('',#643,.T.);
#359=FACE_OUTER_BOUND('',#644,.T.);
#360=FACE_OUTER_BOUND('',#645,.T.);
#361=FACE_OUTER_BOUND('',#646,.T.);
#362=FACE_OUTER_BOUND('',#647,.T.);
#363=FACE_OUTER_BOUND('',#648,.T.);
#364=FACE_OUTER_BOUND('',#649,.T.);
#365=FACE_OUTER_BOUND('',#650,.T.);
#366=FACE_OUTER_BOUND('',#651,.T.);
#367=FACE_OUTER_BOUND('',#652,.T.);
#368=FACE_OUTER_BOUND('',#653,.T.);
#369=FACE_OUTER_BOUND('',#654,.T.);
#370=FACE_OUTER_BOUND('',#655,.T.);
#371=FACE_OUTER_BOUND('',#656,.T.);
#372=FACE_OUTER_BOUND('',#657,.T.);
#373=FACE_OUTER_BOUND('',#658,.T.);
#374=FACE_OUTER_BOUND('',#659,.T.);
#375=FACE_OUTER_BOUND('',#660,.T.);
#376=FACE_OUTER_BOUND('',#661,.T.);
#377=FACE_OUTER_BOUND('',#662,.T.);
#378=FACE_OUTER_BOUND('',#663,.T.);
#379=FACE_OUTER_BOUND('',#664,.T.);
#380=FACE_OUTER_BOUND('',#665,.T.);
#381=FACE_OUTER_BOUND('',#666,.T.);
#382=FACE_OUTER_BOUND('',#667,.T.);
#383=FACE_OUTER_BOUND('',#668,.T.);
#384=FACE_OUTER_BOUND('',#669,.T.);
#385=FACE_OUTER_BOUND('',#670,.T.);
#386=FACE_OUTER_BOUND('',#671,.T.);
#387=FACE_OUTER_BOUND('',#672,.T.);
#388=FACE_OUTER_BOUND('',#673,.T.);
#389=FACE_OUTER_BOUND('',#674,.T.);
#390=FACE_OUTER_BOUND('',#675,.T.);
#391=FACE_OUTER_BOUND('',#676,.T.);
#392=FACE_OUTER_BOUND('',#677,.T.);
#393=FACE_OUTER_BOUND('',#678,.T.);
#394=FACE_OUTER_BOUND('',#679,.T.);
#395=FACE_OUTER_BOUND('',#680,.T.);
#396=FACE_OUTER_BOUND('',#681,.T.);
#397=FACE_OUTER_BOUND('',#682,.T.);
#398=FACE_OUTER_BOUND('',#683,.T.);
#399=FACE_OUTER_BOUND('',#684,.T.);
#400=FACE_OUTER_BOUND('',#685,.T.);
#401=FACE_OUTER_BOUND('',#686,.T.);
#402=FACE_OUTER_BOUND('',#687,.T.);
#403=FACE_OUTER_BOUND('',#688,.T.);
#404=FACE_OUTER_BOUND('',#689,.T.);
#405=FACE_OUTER_BOUND('',#690,.T.);
#406=FACE_OUTER_BOUND('',#691,.T.);
#407=FACE_OUTER_BOUND('',#692,.T.);
#408=FACE_OUTER_BOUND('',#693,.T.);
#409=FACE_OUTER_BOUND('',#694,.T.);
#410=FACE_OUTER_BOUND('',#695,.T.);
#411=FACE_OUTER_BOUND('',#696,.T.);
#412=FACE_OUTER_BOUND('',#697,.T.);
#413=FACE_OUTER_BOUND('',#698,.T.);
#414=FACE_OUTER_BOUND('',#699,.T.);
#415=FACE_OUTER_BOUND('',#700,.T.);
#416=FACE_OUTER_BOUND('',#701,.T.);
#417=FACE_OUTER_BOUND('',#702,.T.);
#418=FACE_OUTER_BOUND('',#703,.T.);
#419=FACE_OUTER_BOUND('',#704,.T.);
#420=FACE_OUTER_BOUND('',#705,.T.);
#421=FACE_OUTER_BOUND('',#706,.T.);
#422=FACE_OUTER_BOUND('',#707,.T.);
#423=FACE_OUTER_BOUND('',#708,.T.);
#424=FACE_OUTER_BOUND('',#709,.T.);
#425=FACE_OUTER_BOUND('',#710,.T.);
#426=FACE_OUTER_BOUND('',#711,.T.);
#427=FACE_OUTER_BOUND('',#712,.T.);
#428=FACE_OUTER_BOUND('',#713,.T.);
#429=FACE_OUTER_BOUND('',#714,.T.);
#430=FACE_OUTER_BOUND('',#715,.T.);
#431=FACE_OUTER_BOUND('',#716,.T.);
#432=FACE_OUTER_BOUND('',#717,.T.);
#433=FACE_OUTER_BOUND('',#724,.T.);
#434=FACE_OUTER_BOUND('',#725,.T.);
#435=FACE_OUTER_BOUND('',#726,.T.);
#436=FACE_OUTER_BOUND('',#727,.T.);
#437=FACE_OUTER_BOUND('',#728,.T.);
#438=FACE_OUTER_BOUND('',#729,.T.);
#439=FACE_OUTER_BOUND('',#730,.T.);
#440=FACE_OUTER_BOUND('',#731,.T.);
#441=FACE_OUTER_BOUND('',#732,.T.);
#442=FACE_OUTER_BOUND('',#733,.T.);
#443=FACE_OUTER_BOUND('',#734,.T.);
#444=FACE_OUTER_BOUND('',#735,.T.);
#445=FACE_OUTER_BOUND('',#736,.T.);
#446=FACE_OUTER_BOUND('',#737,.T.);
#447=FACE_OUTER_BOUND('',#738,.T.);
#448=FACE_OUTER_BOUND('',#739,.T.);
#449=FACE_OUTER_BOUND('',#740,.T.);
#450=FACE_OUTER_BOUND('',#741,.T.);
#451=FACE_OUTER_BOUND('',#742,.T.);
#452=FACE_OUTER_BOUND('',#743,.T.);
#453=FACE_OUTER_BOUND('',#744,.T.);
#454=FACE_OUTER_BOUND('',#745,.T.);
#455=FACE_OUTER_BOUND('',#746,.T.);
#456=FACE_OUTER_BOUND('',#747,.T.);
#457=FACE_OUTER_BOUND('',#748,.T.);
#458=FACE_OUTER_BOUND('',#749,.T.);
#459=FACE_OUTER_BOUND('',#750,.T.);
#460=FACE_OUTER_BOUND('',#751,.T.);
#461=FACE_OUTER_BOUND('',#752,.T.);
#462=FACE_OUTER_BOUND('',#753,.T.);
#463=FACE_OUTER_BOUND('',#754,.T.);
#464=FACE_OUTER_BOUND('',#755,.T.);
#465=FACE_OUTER_BOUND('',#756,.T.);
#466=FACE_OUTER_BOUND('',#757,.T.);
#467=FACE_OUTER_BOUND('',#758,.T.);
#468=FACE_OUTER_BOUND('',#759,.T.);
#469=FACE_OUTER_BOUND('',#760,.T.);
#470=FACE_OUTER_BOUND('',#761,.T.);
#471=FACE_OUTER_BOUND('',#762,.T.);
#472=FACE_OUTER_BOUND('',#763,.T.);
#473=FACE_OUTER_BOUND('',#764,.T.);
#474=FACE_OUTER_BOUND('',#765,.T.);
#475=FACE_OUTER_BOUND('',#766,.T.);
#476=FACE_OUTER_BOUND('',#767,.T.);
#477=FACE_OUTER_BOUND('',#768,.T.);
#478=FACE_OUTER_BOUND('',#769,.T.);
#479=FACE_OUTER_BOUND('',#770,.T.);
#480=FACE_OUTER_BOUND('',#771,.T.);
#481=FACE_OUTER_BOUND('',#772,.T.);
#482=FACE_OUTER_BOUND('',#773,.T.);
#483=FACE_OUTER_BOUND('',#774,.T.);
#484=FACE_OUTER_BOUND('',#775,.T.);
#485=FACE_OUTER_BOUND('',#776,.T.);
#486=FACE_OUTER_BOUND('',#777,.T.);
#487=FACE_OUTER_BOUND('',#778,.T.);
#488=FACE_OUTER_BOUND('',#779,.T.);
#489=FACE_OUTER_BOUND('',#780,.T.);
#490=FACE_OUTER_BOUND('',#781,.T.);
#491=FACE_OUTER_BOUND('',#782,.T.);
#492=FACE_OUTER_BOUND('',#783,.T.);
#493=FACE_OUTER_BOUND('',#784,.T.);
#494=FACE_OUTER_BOUND('',#785,.T.);
#495=FACE_OUTER_BOUND('',#786,.T.);
#496=FACE_OUTER_BOUND('',#787,.T.);
#497=FACE_OUTER_BOUND('',#788,.T.);
#498=FACE_OUTER_BOUND('',#789,.T.);
#499=FACE_OUTER_BOUND('',#790,.T.);
#500=FACE_OUTER_BOUND('',#791,.T.);
#501=FACE_OUTER_BOUND('',#792,.T.);
#502=FACE_OUTER_BOUND('',#793,.T.);
#503=FACE_OUTER_BOUND('',#794,.T.);
#504=FACE_OUTER_BOUND('',#795,.T.);
#505=FACE_OUTER_BOUND('',#796,.T.);
#506=FACE_OUTER_BOUND('',#797,.T.);
#507=FACE_OUTER_BOUND('',#798,.T.);
#508=FACE_OUTER_BOUND('',#799,.T.);
#509=FACE_OUTER_BOUND('',#800,.T.);
#510=FACE_OUTER_BOUND('',#801,.T.);
#511=FACE_OUTER_BOUND('',#802,.T.);
#512=FACE_OUTER_BOUND('',#803,.T.);
#513=FACE_OUTER_BOUND('',#804,.T.);
#514=FACE_OUTER_BOUND('',#805,.T.);
#515=FACE_OUTER_BOUND('',#806,.T.);
#516=FACE_OUTER_BOUND('',#807,.T.);
#517=FACE_OUTER_BOUND('',#809,.T.);
#518=FACE_OUTER_BOUND('',#810,.T.);
#519=FACE_OUTER_BOUND('',#811,.T.);
#520=FACE_OUTER_BOUND('',#812,.T.);
#521=FACE_OUTER_BOUND('',#813,.T.);
#522=FACE_OUTER_BOUND('',#814,.T.);
#523=FACE_OUTER_BOUND('',#815,.T.);
#524=FACE_OUTER_BOUND('',#816,.T.);
#525=FACE_OUTER_BOUND('',#818,.T.);
#526=FACE_OUTER_BOUND('',#819,.T.);
#527=FACE_OUTER_BOUND('',#820,.T.);
#528=FACE_OUTER_BOUND('',#822,.T.);
#529=FACE_OUTER_BOUND('',#823,.T.);
#530=FACE_OUTER_BOUND('',#824,.T.);
#531=FACE_OUTER_BOUND('',#826,.T.);
#532=FACE_OUTER_BOUND('',#827,.T.);
#533=FACE_OUTER_BOUND('',#828,.T.);
#534=FACE_OUTER_BOUND('',#829,.T.);
#535=FACE_OUTER_BOUND('',#830,.T.);
#536=FACE_OUTER_BOUND('',#831,.T.);
#537=FACE_OUTER_BOUND('',#832,.T.);
#538=FACE_OUTER_BOUND('',#833,.T.);
#539=FACE_OUTER_BOUND('',#834,.T.);
#540=FACE_OUTER_BOUND('',#836,.T.);
#541=FACE_OUTER_BOUND('',#837,.T.);
#542=FACE_OUTER_BOUND('',#838,.T.);
#543=EDGE_LOOP('',(#3429,#3430,#3431,#3432));
#544=EDGE_LOOP('',(#3433,#3434,#3435,#3436));
#545=EDGE_LOOP('',(#3437,#3438,#3439,#3440));
#546=EDGE_LOOP('',(#3441,#3442,#3443,#3444));
#547=EDGE_LOOP('',(#3445,#3446,#3447,#3448));
#548=EDGE_LOOP('',(#3449,#3450,#3451,#3452));
#549=EDGE_LOOP('',(#3453,#3454,#3455,#3456));
#550=EDGE_LOOP('',(#3457,#3458,#3459,#3460));
#551=EDGE_LOOP('',(#3461,#3462,#3463,#3464,#3465,#3466,#3467,#3468,#3469,
#3470));
#552=EDGE_LOOP('',(#3471,#3472,#3473,#3474));
#553=EDGE_LOOP('',(#3475,#3476,#3477,#3478,#3479,#3480,#3481,#3482,#3483,
#3484,#3485,#3486,#3487,#3488,#3489,#3490,#3491,#3492,#3493,#3494,#3495,
#3496,#3497,#3498,#3499,#3500,#3501,#3502,#3503,#3504,#3505,#3506,#3507,
#3508,#3509));
#554=EDGE_LOOP('',(#3510,#3511,#3512,#3513,#3514,#3515,#3516,#3517,#3518));
#555=EDGE_LOOP('',(#3519,#3520,#3521,#3522,#3523,#3524,#3525,#3526,#3527,
#3528,#3529));
#556=EDGE_LOOP('',(#3530,#3531,#3532,#3533,#3534,#3535,#3536,#3537,#3538,
#3539,#3540));
#557=EDGE_LOOP('',(#3541,#3542,#3543,#3544,#3545,#3546,#3547,#3548,#3549,
#3550,#3551,#3552,#3553,#3554,#3555,#3556,#3557,#3558,#3559,#3560,#3561,
#3562,#3563,#3564,#3565,#3566,#3567,#3568,#3569));
#558=EDGE_LOOP('',(#3570,#3571,#3572,#3573));
#559=EDGE_LOOP('',(#3574,#3575,#3576,#3577));
#560=EDGE_LOOP('',(#3578,#3579,#3580,#3581));
#561=EDGE_LOOP('',(#3582,#3583,#3584,#3585));
#562=EDGE_LOOP('',(#3586,#3587,#3588,#3589));
#563=EDGE_LOOP('',(#3590,#3591,#3592,#3593));
#564=EDGE_LOOP('',(#3594,#3595,#3596,#3597));
#565=EDGE_LOOP('',(#3598,#3599,#3600,#3601,#3602,#3603,#3604,#3605));
#566=EDGE_LOOP('',(#3606,#3607,#3608,#3609,#3610,#3611));
#567=EDGE_LOOP('',(#3612,#3613,#3614,#3615));
#568=EDGE_LOOP('',(#3616,#3617,#3618,#3619));
#569=EDGE_LOOP('',(#3620,#3621,#3622,#3623,#3624,#3625,#3626,#3627));
#570=EDGE_LOOP('',(#3628,#3629,#3630,#3631,#3632,#3633,#3634,#3635,#3636,
#3637,#3638,#3639,#3640,#3641,#3642,#3643,#3644,#3645));
#571=EDGE_LOOP('',(#3646,#3647,#3648,#3649));
#572=EDGE_LOOP('',(#3650,#3651,#3652,#3653));
#573=EDGE_LOOP('',(#3654,#3655,#3656,#3657));
#574=EDGE_LOOP('',(#3658,#3659,#3660,#3661,#3662,#3663,#3664,#3665));
#575=EDGE_LOOP('',(#3666,#3667,#3668,#3669));
#576=EDGE_LOOP('',(#3670,#3671,#3672,#3673));
#577=EDGE_LOOP('',(#3674,#3675,#3676,#3677,#3678,#3679,#3680,#3681));
#578=EDGE_LOOP('',(#3682,#3683,#3684));
#579=EDGE_LOOP('',(#3685,#3686,#3687,#3688,#3689,#3690,#3691,#3692,#3693,
#3694,#3695,#3696,#3697,#3698,#3699,#3700,#3701,#3702,#3703,#3704,#3705,
#3706,#3707,#3708,#3709,#3710,#3711,#3712,#3713,#3714,#3715,#3716,#3717,
#3718,#3719));
#580=EDGE_LOOP('',(#3720,#3721,#3722,#3723));
#581=EDGE_LOOP('',(#3724,#3725,#3726,#3727));
#582=EDGE_LOOP('',(#3728,#3729,#3730,#3731));
#583=EDGE_LOOP('',(#3732,#3733,#3734,#3735));
#584=EDGE_LOOP('',(#3736,#3737,#3738,#3739));
#585=EDGE_LOOP('',(#3740,#3741,#3742,#3743));
#586=EDGE_LOOP('',(#3744,#3745,#3746,#3747));
#587=EDGE_LOOP('',(#3748,#3749,#3750,#3751));
#588=EDGE_LOOP('',(#3752,#3753,#3754,#3755));
#589=EDGE_LOOP('',(#3756,#3757,#3758,#3759));
#590=EDGE_LOOP('',(#3760,#3761,#3762,#3763));
#591=EDGE_LOOP('',(#3764,#3765,#3766,#3767));
#592=EDGE_LOOP('',(#3768,#3769,#3770,#3771));
#593=EDGE_LOOP('',(#3772,#3773,#3774,#3775));
#594=EDGE_LOOP('',(#3776,#3777,#3778,#3779));
#595=EDGE_LOOP('',(#3780,#3781,#3782,#3783));
#596=EDGE_LOOP('',(#3784,#3785,#3786,#3787));
#597=EDGE_LOOP('',(#3788,#3789,#3790,#3791));
#598=EDGE_LOOP('',(#3792,#3793,#3794,#3795));
#599=EDGE_LOOP('',(#3796,#3797,#3798,#3799));
#600=EDGE_LOOP('',(#3800,#3801,#3802,#3803));
#601=EDGE_LOOP('',(#3804,#3805,#3806,#3807));
#602=EDGE_LOOP('',(#3808,#3809,#3810,#3811));
#603=EDGE_LOOP('',(#3812,#3813,#3814,#3815));
#604=EDGE_LOOP('',(#3816,#3817,#3818,#3819));
#605=EDGE_LOOP('',(#3820,#3821,#3822,#3823));
#606=EDGE_LOOP('',(#3824,#3825,#3826,#3827));
#607=EDGE_LOOP('',(#3828,#3829,#3830,#3831));
#608=EDGE_LOOP('',(#3832,#3833,#3834,#3835));
#609=EDGE_LOOP('',(#3836,#3837,#3838,#3839));
#610=EDGE_LOOP('',(#3840,#3841,#3842,#3843));
#611=EDGE_LOOP('',(#3844,#3845,#3846,#3847));
#612=EDGE_LOOP('',(#3848,#3849,#3850,#3851));
#613=EDGE_LOOP('',(#3852,#3853,#3854,#3855));
#614=EDGE_LOOP('',(#3856,#3857,#3858,#3859));
#615=EDGE_LOOP('',(#3860,#3861,#3862,#3863,#3864,#3865,#3866,#3867,#3868));
#616=EDGE_LOOP('',(#3869,#3870,#3871,#3872));
#617=EDGE_LOOP('',(#3873,#3874,#3875,#3876));
#618=EDGE_LOOP('',(#3877,#3878,#3879,#3880));
#619=EDGE_LOOP('',(#3881,#3882,#3883,#3884));
#620=EDGE_LOOP('',(#3885,#3886,#3887,#3888));
#621=EDGE_LOOP('',(#3889,#3890,#3891,#3892));
#622=EDGE_LOOP('',(#3893,#3894,#3895,#3896));
#623=EDGE_LOOP('',(#3897,#3898,#3899,#3900));
#624=EDGE_LOOP('',(#3901,#3902,#3903,#3904));
#625=EDGE_LOOP('',(#3905,#3906,#3907,#3908,#3909,#3910,#3911,#3912,#3913,
#3914,#3915));
#626=EDGE_LOOP('',(#3916,#3917,#3918));
#627=EDGE_LOOP('',(#3919,#3920,#3921,#3922));
#628=EDGE_LOOP('',(#3923,#3924,#3925,#3926));
#629=EDGE_LOOP('',(#3927,#3928,#3929,#3930));
#630=EDGE_LOOP('',(#3931,#3932,#3933,#3934));
#631=EDGE_LOOP('',(#3935,#3936,#3937,#3938));
#632=EDGE_LOOP('',(#3939,#3940,#3941,#3942));
#633=EDGE_LOOP('',(#3943,#3944,#3945,#3946));
#634=EDGE_LOOP('',(#3947,#3948,#3949,#3950));
#635=EDGE_LOOP('',(#3951,#3952,#3953,#3954));
#636=EDGE_LOOP('',(#3955,#3956,#3957,#3958));
#637=EDGE_LOOP('',(#3959,#3960,#3961,#3962));
#638=EDGE_LOOP('',(#3963,#3964,#3965,#3966));
#639=EDGE_LOOP('',(#3967,#3968,#3969,#3970));
#640=EDGE_LOOP('',(#3971,#3972,#3973,#3974));
#641=EDGE_LOOP('',(#3975,#3976,#3977,#3978,#3979,#3980,#3981,#3982,#3983,
#3984,#3985));
#642=EDGE_LOOP('',(#3986,#3987,#3988,#3989,#3990,#3991,#3992,#3993));
#643=EDGE_LOOP('',(#3994,#3995,#3996,#3997));
#644=EDGE_LOOP('',(#3998,#3999,#4000,#4001));
#645=EDGE_LOOP('',(#4002,#4003,#4004,#4005));
#646=EDGE_LOOP('',(#4006,#4007,#4008,#4009));
#647=EDGE_LOOP('',(#4010,#4011,#4012,#4013));
#648=EDGE_LOOP('',(#4014,#4015,#4016,#4017));
#649=EDGE_LOOP('',(#4018,#4019,#4020,#4021));
#650=EDGE_LOOP('',(#4022,#4023,#4024,#4025));
#651=EDGE_LOOP('',(#4026,#4027,#4028,#4029));
#652=EDGE_LOOP('',(#4030,#4031,#4032,#4033));
#653=EDGE_LOOP('',(#4034,#4035,#4036,#4037));
#654=EDGE_LOOP('',(#4038,#4039,#4040,#4041));
#655=EDGE_LOOP('',(#4042,#4043,#4044,#4045));
#656=EDGE_LOOP('',(#4046,#4047,#4048,#4049));
#657=EDGE_LOOP('',(#4050,#4051,#4052,#4053));
#658=EDGE_LOOP('',(#4054,#4055,#4056,#4057));
#659=EDGE_LOOP('',(#4058,#4059,#4060,#4061));
#660=EDGE_LOOP('',(#4062,#4063,#4064,#4065));
#661=EDGE_LOOP('',(#4066,#4067,#4068,#4069));
#662=EDGE_LOOP('',(#4070,#4071,#4072,#4073,#4074,#4075,#4076,#4077,#4078,
#4079,#4080,#4081,#4082,#4083,#4084,#4085,#4086,#4087,#4088,#4089,#4090,
#4091,#4092,#4093,#4094,#4095,#4096,#4097,#4098));
#663=EDGE_LOOP('',(#4099,#4100,#4101,#4102));
#664=EDGE_LOOP('',(#4103,#4104,#4105,#4106));
#665=EDGE_LOOP('',(#4107,#4108,#4109,#4110));
#666=EDGE_LOOP('',(#4111,#4112,#4113,#4114));
#667=EDGE_LOOP('',(#4115,#4116,#4117,#4118));
#668=EDGE_LOOP('',(#4119,#4120,#4121,#4122));
#669=EDGE_LOOP('',(#4123,#4124,#4125,#4126));
#670=EDGE_LOOP('',(#4127,#4128,#4129,#4130));
#671=EDGE_LOOP('',(#4131,#4132,#4133,#4134));
#672=EDGE_LOOP('',(#4135,#4136,#4137,#4138));
#673=EDGE_LOOP('',(#4139,#4140,#4141,#4142));
#674=EDGE_LOOP('',(#4143,#4144,#4145,#4146));
#675=EDGE_LOOP('',(#4147,#4148,#4149,#4150));
#676=EDGE_LOOP('',(#4151,#4152,#4153,#4154));
#677=EDGE_LOOP('',(#4155,#4156,#4157,#4158));
#678=EDGE_LOOP('',(#4159,#4160,#4161,#4162));
#679=EDGE_LOOP('',(#4163,#4164,#4165,#4166));
#680=EDGE_LOOP('',(#4167,#4168,#4169,#4170));
#681=EDGE_LOOP('',(#4171,#4172,#4173,#4174));
#682=EDGE_LOOP('',(#4175,#4176,#4177,#4178));
#683=EDGE_LOOP('',(#4179,#4180,#4181,#4182));
#684=EDGE_LOOP('',(#4183,#4184,#4185,#4186));
#685=EDGE_LOOP('',(#4187,#4188,#4189,#4190));
#686=EDGE_LOOP('',(#4191,#4192,#4193,#4194));
#687=EDGE_LOOP('',(#4195,#4196,#4197,#4198));
#688=EDGE_LOOP('',(#4199,#4200,#4201,#4202));
#689=EDGE_LOOP('',(#4203,#4204,#4205,#4206));
#690=EDGE_LOOP('',(#4207,#4208,#4209,#4210));
#691=EDGE_LOOP('',(#4211,#4212,#4213,#4214));
#692=EDGE_LOOP('',(#4215,#4216,#4217,#4218));
#693=EDGE_LOOP('',(#4219,#4220,#4221,#4222));
#694=EDGE_LOOP('',(#4223,#4224,#4225,#4226));
#695=EDGE_LOOP('',(#4227,#4228,#4229,#4230));
#696=EDGE_LOOP('',(#4231,#4232,#4233,#4234));
#697=EDGE_LOOP('',(#4235,#4236,#4237,#4238));
#698=EDGE_LOOP('',(#4239,#4240,#4241,#4242,#4243,#4244,#4245));
#699=EDGE_LOOP('',(#4246,#4247,#4248,#4249));
#700=EDGE_LOOP('',(#4250,#4251,#4252,#4253));
#701=EDGE_LOOP('',(#4254,#4255,#4256,#4257,#4258,#4259,#4260));
#702=EDGE_LOOP('',(#4261,#4262,#4263,#4264));
#703=EDGE_LOOP('',(#4265,#4266,#4267,#4268));
#704=EDGE_LOOP('',(#4269,#4270,#4271,#4272,#4273,#4274,#4275,#4276,#4277));
#705=EDGE_LOOP('',(#4278,#4279,#4280,#4281));
#706=EDGE_LOOP('',(#4282,#4283,#4284,#4285,#4286,#4287,#4288));
#707=EDGE_LOOP('',(#4289,#4290,#4291,#4292,#4293,#4294,#4295));
#708=EDGE_LOOP('',(#4296,#4297,#4298,#4299));
#709=EDGE_LOOP('',(#4300,#4301,#4302,#4303));
#710=EDGE_LOOP('',(#4304,#4305,#4306,#4307));
#711=EDGE_LOOP('',(#4308,#4309,#4310,#4311,#4312));
#712=EDGE_LOOP('',(#4313,#4314,#4315,#4316));
#713=EDGE_LOOP('',(#4317,#4318,#4319,#4320));
#714=EDGE_LOOP('',(#4321,#4322,#4323,#4324,#4325,#4326,#4327,#4328,#4329,
#4330,#4331,#4332,#4333,#4334,#4335,#4336,#4337,#4338,#4339,#4340,#4341,
#4342,#4343,#4344,#4345,#4346,#4347,#4348,#4349,#4350,#4351,#4352,#4353,
#4354,#4355,#4356,#4357,#4358,#4359,#4360,#4361,#4362,#4363,#4364));
#715=EDGE_LOOP('',(#4365,#4366,#4367,#4368,#4369,#4370,#4371,#4372,#4373,
#4374,#4375,#4376,#4377,#4378,#4379,#4380,#4381,#4382,#4383,#4384,#4385,
#4386,#4387,#4388));
#716=EDGE_LOOP('',(#4389,#4390,#4391,#4392));
#717=EDGE_LOOP('',(#4393,#4394,#4395,#4396));
#718=EDGE_LOOP('',(#4397,#4398,#4399,#4400));
#719=EDGE_LOOP('',(#4401,#4402,#4403,#4404));
#720=EDGE_LOOP('',(#4405,#4406,#4407,#4408));
#721=EDGE_LOOP('',(#4409,#4410,#4411,#4412));
#722=EDGE_LOOP('',(#4413,#4414,#4415,#4416));
#723=EDGE_LOOP('',(#4417,#4418,#4419,#4420));
#724=EDGE_LOOP('',(#4421,#4422,#4423,#4424));
#725=EDGE_LOOP('',(#4425,#4426,#4427,#4428));
#726=EDGE_LOOP('',(#4429,#4430,#4431,#4432,#4433,#4434,#4435));
#727=EDGE_LOOP('',(#4436,#4437,#4438,#4439));
#728=EDGE_LOOP('',(#4440,#4441,#4442,#4443));
#729=EDGE_LOOP('',(#4444,#4445,#4446,#4447,#4448,#4449,#4450));
#730=EDGE_LOOP('',(#4451,#4452,#4453,#4454));
#731=EDGE_LOOP('',(#4455,#4456,#4457,#4458,#4459,#4460,#4461,#4462,#4463));
#732=EDGE_LOOP('',(#4464,#4465,#4466,#4467));
#733=EDGE_LOOP('',(#4468,#4469,#4470,#4471,#4472,#4473,#4474,#4475));
#734=EDGE_LOOP('',(#4476,#4477,#4478,#4479,#4480,#4481,#4482));
#735=EDGE_LOOP('',(#4483,#4484,#4485,#4486,#4487,#4488,#4489));
#736=EDGE_LOOP('',(#4490,#4491,#4492,#4493));
#737=EDGE_LOOP('',(#4494,#4495,#4496,#4497));
#738=EDGE_LOOP('',(#4498,#4499,#4500,#4501));
#739=EDGE_LOOP('',(#4502,#4503,#4504,#4505));
#740=EDGE_LOOP('',(#4506,#4507,#4508,#4509,#4510,#4511,#4512,#4513,#4514));
#741=EDGE_LOOP('',(#4515,#4516,#4517,#4518));
#742=EDGE_LOOP('',(#4519,#4520,#4521,#4522));
#743=EDGE_LOOP('',(#4523,#4524,#4525,#4526));
#744=EDGE_LOOP('',(#4527,#4528,#4529,#4530));
#745=EDGE_LOOP('',(#4531,#4532,#4533,#4534));
#746=EDGE_LOOP('',(#4535,#4536,#4537,#4538));
#747=EDGE_LOOP('',(#4539,#4540,#4541,#4542));
#748=EDGE_LOOP('',(#4543,#4544,#4545,#4546));
#749=EDGE_LOOP('',(#4547,#4548,#4549,#4550));
#750=EDGE_LOOP('',(#4551,#4552,#4553,#4554));
#751=EDGE_LOOP('',(#4555,#4556,#4557,#4558));
#752=EDGE_LOOP('',(#4559,#4560,#4561,#4562));
#753=EDGE_LOOP('',(#4563,#4564,#4565,#4566));
#754=EDGE_LOOP('',(#4567,#4568,#4569,#4570));
#755=EDGE_LOOP('',(#4571,#4572,#4573,#4574));
#756=EDGE_LOOP('',(#4575,#4576,#4577,#4578));
#757=EDGE_LOOP('',(#4579,#4580,#4581,#4582));
#758=EDGE_LOOP('',(#4583,#4584,#4585,#4586));
#759=EDGE_LOOP('',(#4587,#4588,#4589,#4590));
#760=EDGE_LOOP('',(#4591,#4592,#4593,#4594));
#761=EDGE_LOOP('',(#4595,#4596,#4597,#4598));
#762=EDGE_LOOP('',(#4599,#4600,#4601,#4602));
#763=EDGE_LOOP('',(#4603,#4604,#4605,#4606));
#764=EDGE_LOOP('',(#4607,#4608,#4609,#4610,#4611));
#765=EDGE_LOOP('',(#4612,#4613,#4614,#4615));
#766=EDGE_LOOP('',(#4616,#4617,#4618,#4619));
#767=EDGE_LOOP('',(#4620,#4621,#4622,#4623));
#768=EDGE_LOOP('',(#4624,#4625,#4626,#4627,#4628));
#769=EDGE_LOOP('',(#4629,#4630,#4631,#4632));
#770=EDGE_LOOP('',(#4633,#4634,#4635,#4636));
#771=EDGE_LOOP('',(#4637,#4638,#4639,#4640));
#772=EDGE_LOOP('',(#4641,#4642,#4643,#4644,#4645));
#773=EDGE_LOOP('',(#4646,#4647,#4648,#4649));
#774=EDGE_LOOP('',(#4650,#4651,#4652,#4653));
#775=EDGE_LOOP('',(#4654,#4655,#4656,#4657));
#776=EDGE_LOOP('',(#4658,#4659,#4660,#4661));
#777=EDGE_LOOP('',(#4662,#4663,#4664,#4665));
#778=EDGE_LOOP('',(#4666,#4667,#4668,#4669,#4670));
#779=EDGE_LOOP('',(#4671,#4672,#4673,#4674,#4675));
#780=EDGE_LOOP('',(#4676,#4677,#4678,#4679));
#781=EDGE_LOOP('',(#4680,#4681,#4682,#4683,#4684,#4685,#4686,#4687));
#782=EDGE_LOOP('',(#4688,#4689,#4690,#4691));
#783=EDGE_LOOP('',(#4692,#4693,#4694,#4695,#4696));
#784=EDGE_LOOP('',(#4697,#4698,#4699,#4700));
#785=EDGE_LOOP('',(#4701,#4702,#4703,#4704,#4705));
#786=EDGE_LOOP('',(#4706,#4707,#4708,#4709));
#787=EDGE_LOOP('',(#4710,#4711,#4712,#4713,#4714));
#788=EDGE_LOOP('',(#4715,#4716,#4717,#4718));
#789=EDGE_LOOP('',(#4719,#4720,#4721,#4722,#4723));
#790=EDGE_LOOP('',(#4724,#4725,#4726,#4727,#4728,#4729,#4730,#4731,#4732));
#791=EDGE_LOOP('',(#4733,#4734,#4735,#4736));
#792=EDGE_LOOP('',(#4737,#4738,#4739,#4740,#4741));
#793=EDGE_LOOP('',(#4742,#4743,#4744,#4745));
#794=EDGE_LOOP('',(#4746,#4747,#4748,#4749,#4750));
#795=EDGE_LOOP('',(#4751,#4752,#4753,#4754));
#796=EDGE_LOOP('',(#4755,#4756,#4757,#4758,#4759));
#797=EDGE_LOOP('',(#4760,#4761,#4762,#4763));
#798=EDGE_LOOP('',(#4764,#4765,#4766,#4767,#4768));
#799=EDGE_LOOP('',(#4769,#4770,#4771,#4772));
#800=EDGE_LOOP('',(#4773,#4774,#4775,#4776));
#801=EDGE_LOOP('',(#4777,#4778,#4779,#4780));
#802=EDGE_LOOP('',(#4781,#4782,#4783,#4784,#4785,#4786,#4787,#4788));
#803=EDGE_LOOP('',(#4789,#4790,#4791,#4792));
#804=EDGE_LOOP('',(#4793,#4794,#4795,#4796));
#805=EDGE_LOOP('',(#4797,#4798,#4799,#4800,#4801,#4802,#4803,#4804));
#806=EDGE_LOOP('',(#4805,#4806,#4807,#4808));
#807=EDGE_LOOP('',(#4809,#4810,#4811,#4812));
#808=EDGE_LOOP('',(#4813,#4814,#4815,#4816));
#809=EDGE_LOOP('',(#4817,#4818,#4819,#4820));
#810=EDGE_LOOP('',(#4821,#4822,#4823,#4824));
#811=EDGE_LOOP('',(#4825,#4826,#4827,#4828));
#812=EDGE_LOOP('',(#4829,#4830,#4831,#4832));
#813=EDGE_LOOP('',(#4833,#4834,#4835,#4836));
#814=EDGE_LOOP('',(#4837,#4838,#4839,#4840));
#815=EDGE_LOOP('',(#4841,#4842,#4843,#4844,#4845,#4846,#4847,#4848,#4849,
#4850,#4851,#4852,#4853,#4854,#4855,#4856,#4857,#4858,#4859,#4860,#4861,
#4862,#4863,#4864,#4865,#4866,#4867,#4868,#4869,#4870,#4871,#4872));
#816=EDGE_LOOP('',(#4873,#4874,#4875,#4876));
#817=EDGE_LOOP('',(#4877,#4878,#4879,#4880,#4881,#4882,#4883,#4884,#4885,
#4886,#4887,#4888,#4889,#4890,#4891,#4892,#4893,#4894,#4895,#4896,#4897,
#4898,#4899,#4900));
#818=EDGE_LOOP('',(#4901,#4902,#4903,#4904));
#819=EDGE_LOOP('',(#4905,#4906,#4907,#4908));
#820=EDGE_LOOP('',(#4909,#4910,#4911,#4912));
#821=EDGE_LOOP('',(#4913,#4914,#4915,#4916));
#822=EDGE_LOOP('',(#4917,#4918,#4919,#4920));
#823=EDGE_LOOP('',(#4921,#4922,#4923,#4924));
#824=EDGE_LOOP('',(#4925,#4926,#4927,#4928));
#825=EDGE_LOOP('',(#4929,#4930,#4931,#4932,#4933,#4934,#4935,#4936,#4937,
#4938,#4939,#4940,#4941,#4942,#4943,#4944,#4945,#4946,#4947,#4948,#4949,
#4950,#4951,#4952,#4953,#4954,#4955,#4956,#4957,#4958,#4959,#4960,#4961,
#4962));
#826=EDGE_LOOP('',(#4963,#4964,#4965,#4966));
#827=EDGE_LOOP('',(#4967,#4968,#4969,#4970));
#828=EDGE_LOOP('',(#4971,#4972,#4973,#4974));
#829=EDGE_LOOP('',(#4975,#4976,#4977,#4978));
#830=EDGE_LOOP('',(#4979,#4980,#4981,#4982));
#831=EDGE_LOOP('',(#4983,#4984,#4985,#4986));
#832=EDGE_LOOP('',(#4987,#4988,#4989,#4990));
#833=EDGE_LOOP('',(#4991,#4992,#4993,#4994));
#834=EDGE_LOOP('',(#4995,#4996,#4997,#4998));
#835=EDGE_LOOP('',(#4999,#5000,#5001,#5002));
#836=EDGE_LOOP('',(#5003,#5004,#5005,#5006));
#837=EDGE_LOOP('',(#5007,#5008,#5009,#5010));
#838=EDGE_LOOP('',(#5011,#5012,#5013,#5014));
#839=LINE('',#6791,#1484);
#840=LINE('',#6793,#1485);
#841=LINE('',#6795,#1486);
#842=LINE('',#6796,#1487);
#843=LINE('',#6799,#1488);
#844=LINE('',#6801,#1489);
#845=LINE('',#6802,#1490);
#846=LINE('',#6806,#1491);
#847=LINE('',#6808,#1492);
#848=LINE('',#6810,#1493);
#849=LINE('',#6811,#1494);
#850=LINE('',#6814,#1495);
#851=LINE('',#6816,#1496);
#852=LINE('',#6817,#1497);
#853=LINE('',#6820,#1498);
#854=LINE('',#6822,#1499);
#855=LINE('',#6823,#1500);
#856=LINE('',#6826,#1501);
#857=LINE('',#6828,#1502);
#858=LINE('',#6829,#1503);
#859=LINE('',#6831,#1504);
#860=LINE('',#6832,#1505);
#861=LINE('',#6834,#1506);
#862=LINE('',#6835,#1507);
#863=LINE('',#6839,#1508);
#864=LINE('',#6843,#1509);
#865=LINE('',#6845,#1510);
#866=LINE('',#6849,#1511);
#867=LINE('',#6851,#1512);
#868=LINE('',#6855,#1513);
#869=LINE('',#6856,#1514);
#870=LINE('',#6859,#1515);
#871=LINE('',#6861,#1516);
#872=LINE('',#6863,#1517);
#873=LINE('',#6864,#1518);
#874=LINE('',#6875,#1519);
#875=LINE('',#6949,#1520);
#876=LINE('',#7003,#1521);
#877=LINE('',#7005,#1522);
#878=LINE('',#7007,#1523);
#879=LINE('',#7009,#1524);
#880=LINE('',#7019,#1525);
#881=LINE('',#7029,#1526);
#882=LINE('',#7031,#1527);
#883=LINE('',#7033,#1528);
#884=LINE('',#7035,#1529);
#885=LINE('',#7037,#1530);
#886=LINE('',#7039,#1531);
#887=LINE('',#7041,#1532);
#888=LINE('',#7043,#1533);
#889=LINE('',#7045,#1534);
#890=LINE('',#7047,#1535);
#891=LINE('',#7048,#1536);
#892=LINE('',#7051,#1537);
#893=LINE('',#7053,#1538);
#894=LINE('',#7055,#1539);
#895=LINE('',#7057,#1540);
#896=LINE('',#7082,#1541);
#897=LINE('',#7085,#1542);
#898=LINE('',#7087,#1543);
#899=LINE('',#7089,#1544);
#900=LINE('',#7091,#1545);
#901=LINE('',#7093,#1546);
#902=LINE('',#7139,#1547);
#903=LINE('',#7190,#1548);
#904=LINE('',#7192,#1549);
#905=LINE('',#7194,#1550);
#906=LINE('',#7195,#1551);
#907=LINE('',#7197,#1552);
#908=LINE('',#7198,#1553);
#909=LINE('',#7200,#1554);
#910=LINE('',#7202,#1555);
#911=LINE('',#7206,#1556);
#912=LINE('',#7208,#1557);
#913=LINE('',#7209,#1558);
#914=LINE('',#7212,#1559);
#915=LINE('',#7213,#1560);
#916=LINE('',#7217,#1561);
#917=LINE('',#7219,#1562);
#918=LINE('',#7221,#1563);
#919=LINE('',#7223,#1564);
#920=LINE('',#7225,#1565);
#921=LINE('',#7227,#1566);
#922=LINE('',#7229,#1567);
#923=LINE('',#7230,#1568);
#924=LINE('',#7233,#1569);
#925=LINE('',#7234,#1570);
#926=LINE('',#7236,#1571);
#927=LINE('',#7237,#1572);
#928=LINE('',#7240,#1573);
#929=LINE('',#7241,#1574);
#930=LINE('',#7244,#1575);
#931=LINE('',#7246,#1576);
#932=LINE('',#7247,#1577);
#933=LINE('',#7253,#1578);
#934=LINE('',#7255,#1579);
#935=LINE('',#7257,#1580);
#936=LINE('',#7280,#1581);
#937=LINE('',#7294,#1582);
#938=LINE('',#7296,#1583);
#939=LINE('',#7298,#1584);
#940=LINE('',#7321,#1585);
#941=LINE('',#7323,#1586);
#942=LINE('',#7324,#1587);
#943=LINE('',#7388,#1588);
#944=LINE('',#7461,#1589);
#945=LINE('',#7468,#1590);
#946=LINE('',#7469,#1591);
#947=LINE('',#7471,#1592);
#948=LINE('',#7478,#1593);
#949=LINE('',#7485,#1594);
#950=LINE('',#7492,#1595);
#951=LINE('',#7499,#1596);
#952=LINE('',#7506,#1597);
#953=LINE('',#7513,#1598);
#954=LINE('',#7520,#1599);
#955=LINE('',#7527,#1600);
#956=LINE('',#7534,#1601);
#957=LINE('',#7541,#1602);
#958=LINE('',#7548,#1603);
#959=LINE('',#7555,#1604);
#960=LINE('',#7562,#1605);
#961=LINE('',#7569,#1606);
#962=LINE('',#7576,#1607);
#963=LINE('',#7583,#1608);
#964=LINE('',#7590,#1609);
#965=LINE('',#7597,#1610);
#966=LINE('',#7599,#1611);
#967=LINE('',#7606,#1612);
#968=LINE('',#7613,#1613);
#969=LINE('',#7620,#1614);
#970=LINE('',#7627,#1615);
#971=LINE('',#7634,#1616);
#972=LINE('',#7641,#1617);
#973=LINE('',#7648,#1618);
#974=LINE('',#7655,#1619);
#975=LINE('',#7662,#1620);
#976=LINE('',#7669,#1621);
#977=LINE('',#7676,#1622);
#978=LINE('',#7683,#1623);
#979=LINE('',#7690,#1624);
#980=LINE('',#7700,#1625);
#981=LINE('',#7702,#1626);
#982=LINE('',#7712,#1627);
#983=LINE('',#7722,#1628);
#984=LINE('',#7723,#1629);
#985=LINE('',#7725,#1630);
#986=LINE('',#7726,#1631);
#987=LINE('',#7728,#1632);
#988=LINE('',#7730,#1633);
#989=LINE('',#7737,#1634);
#990=LINE('',#7744,#1635);
#991=LINE('',#7746,#1636);
#992=LINE('',#7753,#1637);
#993=LINE('',#7760,#1638);
#994=LINE('',#7765,#1639);
#995=LINE('',#7767,#1640);
#996=LINE('',#7769,#1641);
#997=LINE('',#7771,#1642);
#998=LINE('',#7773,#1643);
#999=LINE('',#7775,#1644);
#1000=LINE('',#7777,#1645);
#1001=LINE('',#7779,#1646);
#1002=LINE('',#7781,#1647);
#1003=LINE('',#7783,#1648);
#1004=LINE('',#7784,#1649);
#1005=LINE('',#7787,#1650);
#1006=LINE('',#7789,#1651);
#1007=LINE('',#7790,#1652);
#1008=LINE('',#7792,#1653);
#1009=LINE('',#7793,#1654);
#1010=LINE('',#7795,#1655);
#1011=LINE('',#7797,#1656);
#1012=LINE('',#7799,#1657);
#1013=LINE('',#7801,#1658);
#1014=LINE('',#7803,#1659);
#1015=LINE('',#7805,#1660);
#1016=LINE('',#7807,#1661);
#1017=LINE('',#7809,#1662);
#1018=LINE('',#7811,#1663);
#1019=LINE('',#7814,#1664);
#1020=LINE('',#7815,#1665);
#1021=LINE('',#7817,#1666);
#1022=LINE('',#7822,#1667);
#1023=LINE('',#7824,#1668);
#1024=LINE('',#7826,#1669);
#1025=LINE('',#7852,#1670);
#1026=LINE('',#7853,#1671);
#1027=LINE('',#7856,#1672);
#1028=LINE('',#7858,#1673);
#1029=LINE('',#7879,#1674);
#1030=LINE('',#7881,#1675);
#1031=LINE('',#7882,#1676);
#1032=LINE('',#7884,#1677);
#1033=LINE('',#7886,#1678);
#1034=LINE('',#7893,#1679);
#1035=LINE('',#7900,#1680);
#1036=LINE('',#7907,#1681);
#1037=LINE('',#7914,#1682);
#1038=LINE('',#7921,#1683);
#1039=LINE('',#7928,#1684);
#1040=LINE('',#7930,#1685);
#1041=LINE('',#7933,#1686);
#1042=LINE('',#7934,#1687);
#1043=LINE('',#7936,#1688);
#1044=LINE('',#7943,#1689);
#1045=LINE('',#7950,#1690);
#1046=LINE('',#7957,#1691);
#1047=LINE('',#7964,#1692);
#1048=LINE('',#7971,#1693);
#1049=LINE('',#7976,#1694);
#1050=LINE('',#7978,#1695);
#1051=LINE('',#8028,#1696);
#1052=LINE('',#8074,#1697);
#1053=LINE('',#8076,#1698);
#1054=LINE('',#8077,#1699);
#1055=LINE('',#8079,#1700);
#1056=LINE('',#8080,#1701);
#1057=LINE('',#8082,#1702);
#1058=LINE('',#8084,#1703);
#1059=LINE('',#8086,#1704);
#1060=LINE('',#8093,#1705);
#1061=LINE('',#8100,#1706);
#1062=LINE('',#8107,#1707);
#1063=LINE('',#8114,#1708);
#1064=LINE('',#8121,#1709);
#1065=LINE('',#8128,#1710);
#1066=LINE('',#8135,#1711);
#1067=LINE('',#8142,#1712);
#1068=LINE('',#8149,#1713);
#1069=LINE('',#8156,#1714);
#1070=LINE('',#8163,#1715);
#1071=LINE('',#8165,#1716);
#1072=LINE('',#8172,#1717);
#1073=LINE('',#8179,#1718);
#1074=LINE('',#8186,#1719);
#1075=LINE('',#8193,#1720);
#1076=LINE('',#8200,#1721);
#1077=LINE('',#8207,#1722);
#1078=LINE('',#8214,#1723);
#1079=LINE('',#8221,#1724);
#1080=LINE('',#8228,#1725);
#1081=LINE('',#8235,#1726);
#1082=LINE('',#8242,#1727);
#1083=LINE('',#8249,#1728);
#1084=LINE('',#8254,#1729);
#1085=LINE('',#8256,#1730);
#1086=LINE('',#8258,#1731);
#1087=LINE('',#8259,#1732);
#1088=LINE('',#8263,#1733);
#1089=LINE('',#8265,#1734);
#1090=LINE('',#8267,#1735);
#1091=LINE('',#8268,#1736);
#1092=LINE('',#8271,#1737);
#1093=LINE('',#8273,#1738);
#1094=LINE('',#8274,#1739);
#1095=LINE('',#8277,#1740);
#1096=LINE('',#8279,#1741);
#1097=LINE('',#8280,#1742);
#1098=LINE('',#8283,#1743);
#1099=LINE('',#8285,#1744);
#1100=LINE('',#8286,#1745);
#1101=LINE('',#8289,#1746);
#1102=LINE('',#8291,#1747);
#1103=LINE('',#8293,#1748);
#1104=LINE('',#8294,#1749);
#1105=LINE('',#8296,#1750);
#1106=LINE('',#8298,#1751);
#1107=LINE('',#8300,#1752);
#1108=LINE('',#8301,#1753);
#1109=LINE('',#8304,#1754);
#1110=LINE('',#8305,#1755);
#1111=LINE('',#8308,#1756);
#1112=LINE('',#8309,#1757);
#1113=LINE('',#8313,#1758);
#1114=LINE('',#8314,#1759);
#1115=LINE('',#8316,#1760);
#1116=LINE('',#8317,#1761);
#1117=LINE('',#8320,#1762);
#1118=LINE('',#8322,#1763);
#1119=LINE('',#8323,#1764);
#1120=LINE('',#8326,#1765);
#1121=LINE('',#8328,#1766);
#1122=LINE('',#8329,#1767);
#1123=LINE('',#8333,#1768);
#1124=LINE('',#8335,#1769);
#1125=LINE('',#8337,#1770);
#1126=LINE('',#8339,#1771);
#1127=LINE('',#8341,#1772);
#1128=LINE('',#8342,#1773);
#1129=LINE('',#8343,#1774);
#1130=LINE('',#8345,#1775);
#1131=LINE('',#8346,#1776);
#1132=LINE('',#8349,#1777);
#1133=LINE('',#8351,#1778);
#1134=LINE('',#8353,#1779);
#1135=LINE('',#8354,#1780);
#1136=LINE('',#8358,#1781);
#1137=LINE('',#8360,#1782);
#1138=LINE('',#8362,#1783);
#1139=LINE('',#8363,#1784);
#1140=LINE('',#8365,#1785);
#1141=LINE('',#8366,#1786);
#1142=LINE('',#8368,#1787);
#1143=LINE('',#8370,#1788);
#1144=LINE('',#8372,#1789);
#1145=LINE('',#8373,#1790);
#1146=LINE('',#8375,#1791);
#1147=LINE('',#8377,#1792);
#1148=LINE('',#8380,#1793);
#1149=LINE('',#8382,#1794);
#1150=LINE('',#8384,#1795);
#1151=LINE('',#8385,#1796);
#1152=LINE('',#8388,#1797);
#1153=LINE('',#8389,#1798);
#1154=LINE('',#8391,#1799);
#1155=LINE('',#8392,#1800);
#1156=LINE('',#8395,#1801);
#1157=LINE('',#8397,#1802);
#1158=LINE('',#8398,#1803);
#1159=LINE('',#8400,#1804);
#1160=LINE('',#8403,#1805);
#1161=LINE('',#8405,#1806);
#1162=LINE('',#8407,#1807);
#1163=LINE('',#8408,#1808);
#1164=LINE('',#8410,#1809);
#1165=LINE('',#8412,#1810);
#1166=LINE('',#8413,#1811);
#1167=LINE('',#8415,#1812);
#1168=LINE('',#8417,#1813);
#1169=LINE('',#8419,#1814);
#1170=LINE('',#8421,#1815);
#1171=LINE('',#8423,#1816);
#1172=LINE('',#8425,#1817);
#1173=LINE('',#8427,#1818);
#1174=LINE('',#8429,#1819);
#1175=LINE('',#8431,#1820);
#1176=LINE('',#8433,#1821);
#1177=LINE('',#8435,#1822);
#1178=LINE('',#8437,#1823);
#1179=LINE('',#8439,#1824);
#1180=LINE('',#8441,#1825);
#1181=LINE('',#8443,#1826);
#1182=LINE('',#8445,#1827);
#1183=LINE('',#8447,#1828);
#1184=LINE('',#8449,#1829);
#1185=LINE('',#8451,#1830);
#1186=LINE('',#8453,#1831);
#1187=LINE('',#8455,#1832);
#1188=LINE('',#8457,#1833);
#1189=LINE('',#8459,#1834);
#1190=LINE('',#8461,#1835);
#1191=LINE('',#8463,#1836);
#1192=LINE('',#8465,#1837);
#1193=LINE('',#8467,#1838);
#1194=LINE('',#8469,#1839);
#1195=LINE('',#8471,#1840);
#1196=LINE('',#8473,#1841);
#1197=LINE('',#8475,#1842);
#1198=LINE('',#8477,#1843);
#1199=LINE('',#8479,#1844);
#1200=LINE('',#8481,#1845);
#1201=LINE('',#8483,#1846);
#1202=LINE('',#8484,#1847);
#1203=LINE('',#8487,#1848);
#1204=LINE('',#8489,#1849);
#1205=LINE('',#8491,#1850);
#1206=LINE('',#8492,#1851);
#1207=LINE('',#8494,#1852);
#1208=LINE('',#8496,#1853);
#1209=LINE('',#8498,#1854);
#1210=LINE('',#8499,#1855);
#1211=LINE('',#8501,#1856);
#1212=LINE('',#8503,#1857);
#1213=LINE('',#8505,#1858);
#1214=LINE('',#8507,#1859);
#1215=LINE('',#8509,#1860);
#1216=LINE('',#8511,#1861);
#1217=LINE('',#8513,#1862);
#1218=LINE('',#8514,#1863);
#1219=LINE('',#8516,#1864);
#1220=LINE('',#8518,#1865);
#1221=LINE('',#8519,#1866);
#1222=LINE('',#8520,#1867);
#1223=LINE('',#8523,#1868);
#1224=LINE('',#8525,#1869);
#1225=LINE('',#8526,#1870);
#1226=LINE('',#8530,#1871);
#1227=LINE('',#8532,#1872);
#1228=LINE('',#8534,#1873);
#1229=LINE('',#8535,#1874);
#1230=LINE('',#8537,#1875);
#1231=LINE('',#8538,#1876);
#1232=LINE('',#8540,#1877);
#1233=LINE('',#8541,#1878);
#1234=LINE('',#8544,#1879);
#1235=LINE('',#8546,#1880);
#1236=LINE('',#8548,#1881);
#1237=LINE('',#8549,#1882);
#1238=LINE('',#8552,#1883);
#1239=LINE('',#8554,#1884);
#1240=LINE('',#8556,#1885);
#1241=LINE('',#8557,#1886);
#1242=LINE('',#8560,#1887);
#1243=LINE('',#8561,#1888);
#1244=LINE('',#8564,#1889);
#1245=LINE('',#8566,#1890);
#1246=LINE('',#8568,#1891);
#1247=LINE('',#8569,#1892);
#1248=LINE('',#8572,#1893);
#1249=LINE('',#8574,#1894);
#1250=LINE('',#8576,#1895);
#1251=LINE('',#8577,#1896);
#1252=LINE('',#8580,#1897);
#1253=LINE('',#8581,#1898);
#1254=LINE('',#8584,#1899);
#1255=LINE('',#8585,#1900);
#1256=LINE('',#8588,#1901);
#1257=LINE('',#8589,#1902);
#1258=LINE('',#8590,#1903);
#1259=LINE('',#8593,#1904);
#1260=LINE('',#8594,#1905);
#1261=LINE('',#8597,#1906);
#1262=LINE('',#8599,#1907);
#1263=LINE('',#8600,#1908);
#1264=LINE('',#8601,#1909);
#1265=LINE('',#8602,#1910);
#1266=LINE('',#8604,#1911);
#1267=LINE('',#8605,#1912);
#1268=LINE('',#8607,#1913);
#1269=LINE('',#8610,#1914);
#1270=LINE('',#8612,#1915);
#1271=LINE('',#8613,#1916);
#1272=LINE('',#8615,#1917);
#1273=LINE('',#8616,#1918);
#1274=LINE('',#8619,#1919);
#1275=LINE('',#8621,#1920);
#1276=LINE('',#8623,#1921);
#1277=LINE('',#8625,#1922);
#1278=LINE('',#8626,#1923);
#1279=LINE('',#8629,#1924);
#1280=LINE('',#8631,#1925);
#1281=LINE('',#8633,#1926);
#1282=LINE('',#8634,#1927);
#1283=LINE('',#8636,#1928);
#1284=LINE('',#8637,#1929);
#1285=LINE('',#8639,#1930);
#1286=LINE('',#8642,#1931);
#1287=LINE('',#8645,#1932);
#1288=LINE('',#8647,#1933);
#1289=LINE('',#8648,#1934);
#1290=LINE('',#8649,#1935);
#1291=LINE('',#8650,#1936);
#1292=LINE('',#8652,#1937);
#1293=LINE('',#8653,#1938);
#1294=LINE('',#8656,#1939);
#1295=LINE('',#8657,#1940);
#1296=LINE('',#8660,#1941);
#1297=LINE('',#8662,#1942);
#1298=LINE('',#8663,#1943);
#1299=LINE('',#8666,#1944);
#1300=LINE('',#8668,#1945);
#1301=LINE('',#8669,#1946);
#1302=LINE('',#8671,#1947);
#1303=LINE('',#8672,#1948);
#1304=LINE('',#8676,#1949);
#1305=LINE('',#8678,#1950);
#1306=LINE('',#8679,#1951);
#1307=LINE('',#8682,#1952);
#1308=LINE('',#8684,#1953);
#1309=LINE('',#8685,#1954);
#1310=LINE('',#8687,#1955);
#1311=LINE('',#8688,#1956);
#1312=LINE('',#8692,#1957);
#1313=LINE('',#8694,#1958);
#1314=LINE('',#8695,#1959);
#1315=LINE('',#8698,#1960);
#1316=LINE('',#8700,#1961);
#1317=LINE('',#8701,#1962);
#1318=LINE('',#8703,#1963);
#1319=LINE('',#8705,#1964);
#1320=LINE('',#8708,#1965);
#1321=LINE('',#8710,#1966);
#1322=LINE('',#8711,#1967);
#1323=LINE('',#8714,#1968);
#1324=LINE('',#8716,#1969);
#1325=LINE('',#8717,#1970);
#1326=LINE('',#8719,#1971);
#1327=LINE('',#8720,#1972);
#1328=LINE('',#8724,#1973);
#1329=LINE('',#8726,#1974);
#1330=LINE('',#8727,#1975);
#1331=LINE('',#8730,#1976);
#1332=LINE('',#8732,#1977);
#1333=LINE('',#8733,#1978);
#1334=LINE('',#8735,#1979);
#1335=LINE('',#8736,#1980);
#1336=LINE('',#8740,#1981);
#1337=LINE('',#8741,#1982);
#1338=LINE('',#8744,#1983);
#1339=LINE('',#8745,#1984);
#1340=LINE('',#8747,#1985);
#1341=LINE('',#8751,#1986);
#1342=LINE('',#8752,#1987);
#1343=LINE('',#8755,#1988);
#1344=LINE('',#8756,#1989);
#1345=LINE('',#8758,#1990);
#1346=LINE('',#8762,#1991);
#1347=LINE('',#8763,#1992);
#1348=LINE('',#8766,#1993);
#1349=LINE('',#8767,#1994);
#1350=LINE('',#8769,#1995);
#1351=LINE('',#8773,#1996);
#1352=LINE('',#8775,#1997);
#1353=LINE('',#8776,#1998);
#1354=LINE('',#8779,#1999);
#1355=LINE('',#8781,#2000);
#1356=LINE('',#8782,#2001);
#1357=LINE('',#8784,#2002);
#1358=LINE('',#8785,#2003);
#1359=LINE('',#8789,#2004);
#1360=LINE('',#8791,#2005);
#1361=LINE('',#8792,#2006);
#1362=LINE('',#8795,#2007);
#1363=LINE('',#8797,#2008);
#1364=LINE('',#8799,#2009);
#1365=LINE('',#8800,#2010);
#1366=LINE('',#8802,#2011);
#1367=LINE('',#8803,#2012);
#1368=LINE('',#8806,#2013);
#1369=LINE('',#8807,#2014);
#1370=LINE('',#8810,#2015);
#1371=LINE('',#8811,#2016);
#1372=LINE('',#8814,#2017);
#1373=LINE('',#8815,#2018);
#1374=LINE('',#8818,#2019);
#1375=LINE('',#8820,#2020);
#1376=LINE('',#8821,#2021);
#1377=LINE('',#8824,#2022);
#1378=LINE('',#8825,#2023);
#1379=LINE('',#8826,#2024);
#1380=LINE('',#8829,#2025);
#1381=LINE('',#8830,#2026);
#1382=LINE('',#8833,#2027);
#1383=LINE('',#8835,#2028);
#1384=LINE('',#8837,#2029);
#1385=LINE('',#8838,#2030);
#1386=LINE('',#8840,#2031);
#1387=LINE('',#8842,#2032);
#1388=LINE('',#8843,#2033);
#1389=LINE('',#8846,#2034);
#1390=LINE('',#8847,#2035);
#1391=LINE('',#8849,#2036);
#1392=LINE('',#8851,#2037);
#1393=LINE('',#8854,#2038);
#1394=LINE('',#8856,#2039);
#1395=LINE('',#8857,#2040);
#1396=LINE('',#8859,#2041);
#1397=LINE('',#8861,#2042);
#1398=LINE('',#8862,#2043);
#1399=LINE('',#8865,#2044);
#1400=LINE('',#8866,#2045);
#1401=LINE('',#8868,#2046);
#1402=LINE('',#8871,#2047);
#1403=LINE('',#8873,#2048);
#1404=LINE('',#8874,#2049);
#1405=LINE('',#8877,#2050);
#1406=LINE('',#8879,#2051);
#1407=LINE('',#8880,#2052);
#1408=LINE('',#8883,#2053);
#1409=LINE('',#8884,#2054);
#1410=LINE('',#8885,#2055);
#1411=LINE('',#8887,#2056);
#1412=LINE('',#8891,#2057);
#1413=LINE('',#8892,#2058);
#1414=LINE('',#8893,#2059);
#1415=LINE('',#8894,#2060);
#1416=LINE('',#8897,#2061);
#1417=LINE('',#8898,#2062);
#1418=LINE('',#8901,#2063);
#1419=LINE('',#8902,#2064);
#1420=LINE('',#8904,#2065);
#1421=LINE('',#8905,#2066);
#1422=LINE('',#8907,#2067);
#1423=LINE('',#8909,#2068);
#1424=LINE('',#8911,#2069);
#1425=LINE('',#8912,#2070);
#1426=LINE('',#8914,#2071);
#1427=LINE('',#8916,#2072);
#1428=LINE('',#8918,#2073);
#1429=LINE('',#8919,#2074);
#1430=LINE('',#8922,#2075);
#1431=LINE('',#8924,#2076);
#1432=LINE('',#8925,#2077);
#1433=LINE('',#8926,#2078);
#1434=LINE('',#8928,#2079);
#1435=LINE('',#8929,#2080);
#1436=LINE('',#8932,#2081);
#1437=LINE('',#8934,#2082);
#1438=LINE('',#8935,#2083);
#1439=LINE('',#8937,#2084);
#1440=LINE('',#8939,#2085);
#1441=LINE('',#8940,#2086);
#1442=LINE('',#8942,#2087);
#1443=LINE('',#8945,#2088);
#1444=LINE('',#8946,#2089);
#1445=LINE('',#8948,#2090);
#1446=LINE('',#8951,#2091);
#1447=LINE('',#8954,#2092);
#1448=LINE('',#8955,#2093);
#1449=LINE('',#8958,#2094);
#1450=LINE('',#8959,#2095);
#1451=LINE('',#8960,#2096);
#1452=LINE('',#8963,#2097);
#1453=LINE('',#8964,#2098);
#1454=LINE('',#8966,#2099);
#1455=LINE('',#8968,#2100);
#1456=LINE('',#8971,#2101);
#1457=LINE('',#8972,#2102);
#1458=LINE('',#8974,#2103);
#1459=LINE('',#8977,#2104);
#1460=LINE('',#8982,#2105);
#1461=LINE('',#8984,#2106);
#1462=LINE('',#8986,#2107);
#1463=LINE('',#8987,#2108);
#1464=LINE('',#8991,#2109);
#1465=LINE('',#8992,#2110);
#1466=LINE('',#8993,#2111);
#1467=LINE('',#8996,#2112);
#1468=LINE('',#8997,#2113);
#1469=LINE('',#9000,#2114);
#1470=LINE('',#9001,#2115);
#1471=LINE('',#9003,#2116);
#1472=LINE('',#9007,#2117);
#1473=LINE('',#9009,#2118);
#1474=LINE('',#9011,#2119);
#1475=LINE('',#9012,#2120);
#1476=LINE('',#9016,#2121);
#1477=LINE('',#9018,#2122);
#1478=LINE('',#9020,#2123);
#1479=LINE('',#9021,#2124);
#1480=LINE('',#9023,#2125);
#1481=LINE('',#9024,#2126);
#1482=LINE('',#9026,#2127);
#1483=LINE('',#9028,#2128);
#1484=VECTOR('',#5725,10.);
#1485=VECTOR('',#5726,10.);
#1486=VECTOR('',#5727,10.);
#1487=VECTOR('',#5728,10.);
#1488=VECTOR('',#5731,10.);
#1489=VECTOR('',#5732,10.);
#1490=VECTOR('',#5733,10.);
#1491=VECTOR('',#5736,10.);
#1492=VECTOR('',#5737,10.);
#1493=VECTOR('',#5738,10.);
#1494=VECTOR('',#5739,10.);
#1495=VECTOR('',#5742,10.);
#1496=VECTOR('',#5743,10.);
#1497=VECTOR('',#5744,10.);
#1498=VECTOR('',#5747,10.);
#1499=VECTOR('',#5748,10.);
#1500=VECTOR('',#5749,10.);
#1501=VECTOR('',#5752,10.);
#1502=VECTOR('',#5753,10.);
#1503=VECTOR('',#5754,10.);
#1504=VECTOR('',#5757,10.);
#1505=VECTOR('',#5758,10.);
#1506=VECTOR('',#5761,10.);
#1507=VECTOR('',#5762,10.);
#1508=VECTOR('',#5765,10.);
#1509=VECTOR('',#5768,10.);
#1510=VECTOR('',#5769,10.);
#1511=VECTOR('',#5772,10.);
#1512=VECTOR('',#5773,10.);
#1513=VECTOR('',#5776,10.);
#1514=VECTOR('',#5777,10.);
#1515=VECTOR('',#5778,10.);
#1516=VECTOR('',#5779,10.);
#1517=VECTOR('',#5780,10.);
#1518=VECTOR('',#5781,10.);
#1519=VECTOR('',#5782,10.);
#1520=VECTOR('',#5783,10.);
#1521=VECTOR('',#5784,10.);
#1522=VECTOR('',#5785,10.);
#1523=VECTOR('',#5786,10.);
#1524=VECTOR('',#5787,10.);
#1525=VECTOR('',#5788,10.);
#1526=VECTOR('',#5789,10.);
#1527=VECTOR('',#5790,10.);
#1528=VECTOR('',#5791,10.);
#1529=VECTOR('',#5792,10.);
#1530=VECTOR('',#5793,10.);
#1531=VECTOR('',#5794,10.);
#1532=VECTOR('',#5795,10.);
#1533=VECTOR('',#5796,10.);
#1534=VECTOR('',#5797,10.);
#1535=VECTOR('',#5798,10.);
#1536=VECTOR('',#5799,10.);
#1537=VECTOR('',#5800,10.);
#1538=VECTOR('',#5801,10.);
#1539=VECTOR('',#5802,10.);
#1540=VECTOR('',#5803,10.);
#1541=VECTOR('',#5804,10.);
#1542=VECTOR('',#5805,10.);
#1543=VECTOR('',#5806,10.);
#1544=VECTOR('',#5807,10.);
#1545=VECTOR('',#5808,10.);
#1546=VECTOR('',#5809,10.);
#1547=VECTOR('',#5810,10.);
#1548=VECTOR('',#5813,10.);
#1549=VECTOR('',#5814,10.);
#1550=VECTOR('',#5815,10.);
#1551=VECTOR('',#5816,10.);
#1552=VECTOR('',#5819,10.);
#1553=VECTOR('',#5820,10.);
#1554=VECTOR('',#5823,10.);
#1555=VECTOR('',#5826,10.);
#1556=VECTOR('',#5831,10.);
#1557=VECTOR('',#5832,10.);
#1558=VECTOR('',#5833,10.);
#1559=VECTOR('',#5836,10.);
#1560=VECTOR('',#5837,10.);
#1561=VECTOR('',#5840,10.);
#1562=VECTOR('',#5841,10.);
#1563=VECTOR('',#5842,10.);
#1564=VECTOR('',#5843,10.);
#1565=VECTOR('',#5844,10.);
#1566=VECTOR('',#5845,10.);
#1567=VECTOR('',#5846,10.);
#1568=VECTOR('',#5847,10.);
#1569=VECTOR('',#5850,10.);
#1570=VECTOR('',#5851,10.);
#1571=VECTOR('',#5852,10.);
#1572=VECTOR('',#5853,10.);
#1573=VECTOR('',#5856,10.);
#1574=VECTOR('',#5857,10.);
#1575=VECTOR('',#5860,10.);
#1576=VECTOR('',#5861,10.);
#1577=VECTOR('',#5862,10.);
#1578=VECTOR('',#5869,10.);
#1579=VECTOR('',#5872,10.);
#1580=VECTOR('',#5875,10.);
#1581=VECTOR('',#5880,10.);
#1582=VECTOR('',#5883,10.);
#1583=VECTOR('',#5884,10.);
#1584=VECTOR('',#5885,10.);
#1585=VECTOR('',#5888,10.);
#1586=VECTOR('',#5889,10.);
#1587=VECTOR('',#5890,10.);
#1588=VECTOR('',#5893,10.);
#1589=VECTOR('',#5894,10.);
#1590=VECTOR('',#5895,10.);
#1591=VECTOR('',#5896,10.);
#1592=VECTOR('',#5899,10.);
#1593=VECTOR('',#5900,10.);
#1594=VECTOR('',#5901,10.);
#1595=VECTOR('',#5902,10.);
#1596=VECTOR('',#5903,10.);
#1597=VECTOR('',#5904,10.);
#1598=VECTOR('',#5905,10.);
#1599=VECTOR('',#5906,10.);
#1600=VECTOR('',#5907,10.);
#1601=VECTOR('',#5908,10.);
#1602=VECTOR('',#5909,10.);
#1603=VECTOR('',#5910,10.);
#1604=VECTOR('',#5911,10.);
#1605=VECTOR('',#5912,10.);
#1606=VECTOR('',#5913,10.);
#1607=VECTOR('',#5914,10.);
#1608=VECTOR('',#5915,10.);
#1609=VECTOR('',#5916,10.);
#1610=VECTOR('',#5917,10.);
#1611=VECTOR('',#5920,10.);
#1612=VECTOR('',#5921,10.);
#1613=VECTOR('',#5922,10.);
#1614=VECTOR('',#5923,10.);
#1615=VECTOR('',#5924,10.);
#1616=VECTOR('',#5925,10.);
#1617=VECTOR('',#5926,10.);
#1618=VECTOR('',#5927,10.);
#1619=VECTOR('',#5928,10.);
#1620=VECTOR('',#5929,10.);
#1621=VECTOR('',#5930,10.);
#1622=VECTOR('',#5931,10.);
#1623=VECTOR('',#5932,10.);
#1624=VECTOR('',#5933,10.);
#1625=VECTOR('',#5936,10.);
#1626=VECTOR('',#5937,10.);
#1627=VECTOR('',#5938,10.);
#1628=VECTOR('',#5939,10.);
#1629=VECTOR('',#5940,10.);
#1630=VECTOR('',#5943,10.);
#1631=VECTOR('',#5944,10.);
#1632=VECTOR('',#5947,10.);
#1633=VECTOR('',#5950,10.);
#1634=VECTOR('',#5951,10.);
#1635=VECTOR('',#5952,10.);
#1636=VECTOR('',#5955,10.);
#1637=VECTOR('',#5956,10.);
#1638=VECTOR('',#5957,10.);
#1639=VECTOR('',#5962,10.);
#1640=VECTOR('',#5963,10.);
#1641=VECTOR('',#5964,10.);
#1642=VECTOR('',#5965,10.);
#1643=VECTOR('',#5966,10.);
#1644=VECTOR('',#5967,10.);
#1645=VECTOR('',#5968,10.);
#1646=VECTOR('',#5969,10.);
#1647=VECTOR('',#5970,10.);
#1648=VECTOR('',#5971,10.);
#1649=VECTOR('',#5972,10.);
#1650=VECTOR('',#5973,10.);
#1651=VECTOR('',#5974,10.);
#1652=VECTOR('',#5975,10.);
#1653=VECTOR('',#5978,10.);
#1654=VECTOR('',#5979,10.);
#1655=VECTOR('',#5982,10.);
#1656=VECTOR('',#5985,10.);
#1657=VECTOR('',#5988,10.);
#1658=VECTOR('',#5991,10.);
#1659=VECTOR('',#5994,10.);
#1660=VECTOR('',#5997,10.);
#1661=VECTOR('',#6000,10.);
#1662=VECTOR('',#6003,10.);
#1663=VECTOR('',#6006,10.);
#1664=VECTOR('',#6011,10.);
#1665=VECTOR('',#6012,10.);
#1666=VECTOR('',#6015,10.);
#1667=VECTOR('',#6020,10.);
#1668=VECTOR('',#6021,10.);
#1669=VECTOR('',#6022,10.);
#1670=VECTOR('',#6023,10.);
#1671=VECTOR('',#6024,10.);
#1672=VECTOR('',#6025,10.);
#1673=VECTOR('',#6026,10.);
#1674=VECTOR('',#6027,10.);
#1675=VECTOR('',#6030,10.);
#1676=VECTOR('',#6031,10.);
#1677=VECTOR('',#6034,10.);
#1678=VECTOR('',#6037,10.);
#1679=VECTOR('',#6038,10.);
#1680=VECTOR('',#6039,10.);
#1681=VECTOR('',#6040,10.);
#1682=VECTOR('',#6041,10.);
#1683=VECTOR('',#6042,10.);
#1684=VECTOR('',#6043,10.);
#1685=VECTOR('',#6046,10.);
#1686=VECTOR('',#6051,10.);
#1687=VECTOR('',#6052,10.);
#1688=VECTOR('',#6055,10.);
#1689=VECTOR('',#6056,10.);
#1690=VECTOR('',#6057,10.);
#1691=VECTOR('',#6058,10.);
#1692=VECTOR('',#6059,10.);
#1693=VECTOR('',#6060,10.);
#1694=VECTOR('',#6065,10.);
#1695=VECTOR('',#6066,10.);
#1696=VECTOR('',#6067,10.);
#1697=VECTOR('',#6068,10.);
#1698=VECTOR('',#6069,10.);
#1699=VECTOR('',#6070,10.);
#1700=VECTOR('',#6073,10.);
#1701=VECTOR('',#6074,10.);
#1702=VECTOR('',#6077,10.);
#1703=VECTOR('',#6080,10.);
#1704=VECTOR('',#6083,10.);
#1705=VECTOR('',#6084,10.);
#1706=VECTOR('',#6085,10.);
#1707=VECTOR('',#6086,10.);
#1708=VECTOR('',#6087,10.);
#1709=VECTOR('',#6088,10.);
#1710=VECTOR('',#6089,10.);
#1711=VECTOR('',#6090,10.);
#1712=VECTOR('',#6091,10.);
#1713=VECTOR('',#6092,10.);
#1714=VECTOR('',#6093,10.);
#1715=VECTOR('',#6094,10.);
#1716=VECTOR('',#6097,10.);
#1717=VECTOR('',#6098,10.);
#1718=VECTOR('',#6099,10.);
#1719=VECTOR('',#6100,10.);
#1720=VECTOR('',#6101,10.);
#1721=VECTOR('',#6102,10.);
#1722=VECTOR('',#6103,10.);
#1723=VECTOR('',#6104,10.);
#1724=VECTOR('',#6105,10.);
#1725=VECTOR('',#6106,10.);
#1726=VECTOR('',#6107,10.);
#1727=VECTOR('',#6108,10.);
#1728=VECTOR('',#6109,10.);
#1729=VECTOR('',#6114,10.);
#1730=VECTOR('',#6115,10.);
#1731=VECTOR('',#6116,10.);
#1732=VECTOR('',#6117,10.);
#1733=VECTOR('',#6120,10.);
#1734=VECTOR('',#6121,10.);
#1735=VECTOR('',#6122,10.);
#1736=VECTOR('',#6123,10.);
#1737=VECTOR('',#6126,10.);
#1738=VECTOR('',#6127,10.);
#1739=VECTOR('',#6128,10.);
#1740=VECTOR('',#6131,10.);
#1741=VECTOR('',#6132,10.);
#1742=VECTOR('',#6133,10.);
#1743=VECTOR('',#6136,10.);
#1744=VECTOR('',#6137,10.);
#1745=VECTOR('',#6138,10.);
#1746=VECTOR('',#6141,10.);
#1747=VECTOR('',#6142,10.);
#1748=VECTOR('',#6143,10.);
#1749=VECTOR('',#6144,10.);
#1750=VECTOR('',#6147,10.);
#1751=VECTOR('',#6148,10.);
#1752=VECTOR('',#6149,10.);
#1753=VECTOR('',#6150,10.);
#1754=VECTOR('',#6153,10.);
#1755=VECTOR('',#6154,10.);
#1756=VECTOR('',#6157,10.);
#1757=VECTOR('',#6158,10.);
#1758=VECTOR('',#6161,10.);
#1759=VECTOR('',#6162,10.);
#1760=VECTOR('',#6163,10.);
#1761=VECTOR('',#6164,10.);
#1762=VECTOR('',#6167,10.);
#1763=VECTOR('',#6168,10.);
#1764=VECTOR('',#6169,10.);
#1765=VECTOR('',#6172,10.);
#1766=VECTOR('',#6173,10.);
#1767=VECTOR('',#6174,10.);
#1768=VECTOR('',#6177,10.);
#1769=VECTOR('',#6178,10.);
#1770=VECTOR('',#6179,10.);
#1771=VECTOR('',#6180,10.);
#1772=VECTOR('',#6181,10.);
#1773=VECTOR('',#6182,10.);
#1774=VECTOR('',#6183,10.);
#1775=VECTOR('',#6184,10.);
#1776=VECTOR('',#6185,10.);
#1777=VECTOR('',#6188,10.);
#1778=VECTOR('',#6189,10.);
#1779=VECTOR('',#6190,10.);
#1780=VECTOR('',#6191,10.);
#1781=VECTOR('',#6194,10.);
#1782=VECTOR('',#6195,10.);
#1783=VECTOR('',#6196,10.);
#1784=VECTOR('',#6197,10.);
#1785=VECTOR('',#6198,10.);
#1786=VECTOR('',#6199,10.);
#1787=VECTOR('',#6202,10.);
#1788=VECTOR('',#6203,10.);
#1789=VECTOR('',#6204,10.);
#1790=VECTOR('',#6205,10.);
#1791=VECTOR('',#6208,10.);
#1792=VECTOR('',#6211,10.);
#1793=VECTOR('',#6214,10.);
#1794=VECTOR('',#6215,10.);
#1795=VECTOR('',#6216,10.);
#1796=VECTOR('',#6217,10.);
#1797=VECTOR('',#6220,10.);
#1798=VECTOR('',#6221,10.);
#1799=VECTOR('',#6222,10.);
#1800=VECTOR('',#6223,10.);
#1801=VECTOR('',#6226,10.);
#1802=VECTOR('',#6227,10.);
#1803=VECTOR('',#6228,10.);
#1804=VECTOR('',#6231,10.);
#1805=VECTOR('',#6234,10.);
#1806=VECTOR('',#6235,10.);
#1807=VECTOR('',#6236,10.);
#1808=VECTOR('',#6237,10.);
#1809=VECTOR('',#6238,10.);
#1810=VECTOR('',#6239,10.);
#1811=VECTOR('',#6240,10.);
#1812=VECTOR('',#6241,10.);
#1813=VECTOR('',#6242,10.);
#1814=VECTOR('',#6243,10.);
#1815=VECTOR('',#6244,10.);
#1816=VECTOR('',#6245,10.);
#1817=VECTOR('',#6246,10.);
#1818=VECTOR('',#6247,10.);
#1819=VECTOR('',#6248,10.);
#1820=VECTOR('',#6249,10.);
#1821=VECTOR('',#6250,10.);
#1822=VECTOR('',#6251,10.);
#1823=VECTOR('',#6252,10.);
#1824=VECTOR('',#6253,10.);
#1825=VECTOR('',#6254,10.);
#1826=VECTOR('',#6255,10.);
#1827=VECTOR('',#6256,10.);
#1828=VECTOR('',#6257,10.);
#1829=VECTOR('',#6258,10.);
#1830=VECTOR('',#6259,10.);
#1831=VECTOR('',#6260,10.);
#1832=VECTOR('',#6261,10.);
#1833=VECTOR('',#6262,10.);
#1834=VECTOR('',#6263,10.);
#1835=VECTOR('',#6264,10.);
#1836=VECTOR('',#6265,10.);
#1837=VECTOR('',#6266,10.);
#1838=VECTOR('',#6267,10.);
#1839=VECTOR('',#6268,10.);
#1840=VECTOR('',#6269,10.);
#1841=VECTOR('',#6270,10.);
#1842=VECTOR('',#6271,10.);
#1843=VECTOR('',#6272,10.);
#1844=VECTOR('',#6273,10.);
#1845=VECTOR('',#6274,10.);
#1846=VECTOR('',#6275,10.);
#1847=VECTOR('',#6276,10.);
#1848=VECTOR('',#6279,10.);
#1849=VECTOR('',#6280,10.);
#1850=VECTOR('',#6281,10.);
#1851=VECTOR('',#6282,10.);
#1852=VECTOR('',#6283,10.);
#1853=VECTOR('',#6284,10.);
#1854=VECTOR('',#6285,10.);
#1855=VECTOR('',#6286,10.);
#1856=VECTOR('',#6287,10.);
#1857=VECTOR('',#6288,10.);
#1858=VECTOR('',#6289,10.);
#1859=VECTOR('',#6290,10.);
#1860=VECTOR('',#6291,10.);
#1861=VECTOR('',#6292,10.);
#1862=VECTOR('',#6293,10.);
#1863=VECTOR('',#6294,10.);
#1864=VECTOR('',#6295,10.);
#1865=VECTOR('',#6296,10.);
#1866=VECTOR('',#6297,10.);
#1867=VECTOR('',#6298,10.);
#1868=VECTOR('',#6301,10.);
#1869=VECTOR('',#6302,10.);
#1870=VECTOR('',#6303,10.);
#1871=VECTOR('',#6306,10.);
#1872=VECTOR('',#6307,10.);
#1873=VECTOR('',#6308,10.);
#1874=VECTOR('',#6309,10.);
#1875=VECTOR('',#6310,10.);
#1876=VECTOR('',#6311,10.);
#1877=VECTOR('',#6312,10.);
#1878=VECTOR('',#6313,10.);
#1879=VECTOR('',#6314,10.);
#1880=VECTOR('',#6315,10.);
#1881=VECTOR('',#6316,10.);
#1882=VECTOR('',#6317,10.);
#1883=VECTOR('',#6318,10.);
#1884=VECTOR('',#6319,10.);
#1885=VECTOR('',#6320,10.);
#1886=VECTOR('',#6321,10.);
#1887=VECTOR('',#6324,10.);
#1888=VECTOR('',#6325,10.);
#1889=VECTOR('',#6328,10.);
#1890=VECTOR('',#6329,10.);
#1891=VECTOR('',#6330,10.);
#1892=VECTOR('',#6331,10.);
#1893=VECTOR('',#6334,10.);
#1894=VECTOR('',#6335,10.);
#1895=VECTOR('',#6336,10.);
#1896=VECTOR('',#6337,10.);
#1897=VECTOR('',#6340,10.);
#1898=VECTOR('',#6341,10.);
#1899=VECTOR('',#6344,10.);
#1900=VECTOR('',#6345,10.);
#1901=VECTOR('',#6348,10.);
#1902=VECTOR('',#6349,10.);
#1903=VECTOR('',#6350,10.);
#1904=VECTOR('',#6353,10.);
#1905=VECTOR('',#6354,10.);
#1906=VECTOR('',#6357,10.);
#1907=VECTOR('',#6358,10.);
#1908=VECTOR('',#6359,10.);
#1909=VECTOR('',#6360,10.);
#1910=VECTOR('',#6361,10.);
#1911=VECTOR('',#6362,10.);
#1912=VECTOR('',#6363,10.);
#1913=VECTOR('',#6366,10.);
#1914=VECTOR('',#6369,10.);
#1915=VECTOR('',#6370,10.);
#1916=VECTOR('',#6371,10.);
#1917=VECTOR('',#6372,10.);
#1918=VECTOR('',#6373,10.);
#1919=VECTOR('',#6376,10.);
#1920=VECTOR('',#6377,10.);
#1921=VECTOR('',#6378,10.);
#1922=VECTOR('',#6379,10.);
#1923=VECTOR('',#6380,10.);
#1924=VECTOR('',#6383,10.);
#1925=VECTOR('',#6384,10.);
#1926=VECTOR('',#6385,10.);
#1927=VECTOR('',#6386,10.);
#1928=VECTOR('',#6389,10.);
#1929=VECTOR('',#6390,10.);
#1930=VECTOR('',#6393,10.);
#1931=VECTOR('',#6398,10.);
#1932=VECTOR('',#6401,10.);
#1933=VECTOR('',#6402,10.);
#1934=VECTOR('',#6403,10.);
#1935=VECTOR('',#6404,10.);
#1936=VECTOR('',#6405,10.);
#1937=VECTOR('',#6406,10.);
#1938=VECTOR('',#6407,10.);
#1939=VECTOR('',#6410,10.);
#1940=VECTOR('',#6411,10.);
#1941=VECTOR('',#6414,10.);
#1942=VECTOR('',#6415,10.);
#1943=VECTOR('',#6416,10.);
#1944=VECTOR('',#6419,10.);
#1945=VECTOR('',#6420,10.);
#1946=VECTOR('',#6421,10.);
#1947=VECTOR('',#6424,10.);
#1948=VECTOR('',#6425,10.);
#1949=VECTOR('',#6430,10.);
#1950=VECTOR('',#6431,10.);
#1951=VECTOR('',#6432,10.);
#1952=VECTOR('',#6435,10.);
#1953=VECTOR('',#6436,10.);
#1954=VECTOR('',#6437,10.);
#1955=VECTOR('',#6440,10.);
#1956=VECTOR('',#6441,10.);
#1957=VECTOR('',#6446,10.);
#1958=VECTOR('',#6447,10.);
#1959=VECTOR('',#6448,10.);
#1960=VECTOR('',#6451,10.);
#1961=VECTOR('',#6452,10.);
#1962=VECTOR('',#6453,10.);
#1963=VECTOR('',#6456,10.);
#1964=VECTOR('',#6459,10.);
#1965=VECTOR('',#6462,10.);
#1966=VECTOR('',#6463,10.);
#1967=VECTOR('',#6464,10.);
#1968=VECTOR('',#6467,10.);
#1969=VECTOR('',#6468,10.);
#1970=VECTOR('',#6469,10.);
#1971=VECTOR('',#6472,10.);
#1972=VECTOR('',#6473,10.);
#1973=VECTOR('',#6478,10.);
#1974=VECTOR('',#6479,10.);
#1975=VECTOR('',#6480,10.);
#1976=VECTOR('',#6483,10.);
#1977=VECTOR('',#6484,10.);
#1978=VECTOR('',#6485,10.);
#1979=VECTOR('',#6488,10.);
#1980=VECTOR('',#6489,10.);
#1981=VECTOR('',#6494,10.);
#1982=VECTOR('',#6495,10.);
#1983=VECTOR('',#6498,10.);
#1984=VECTOR('',#6499,10.);
#1985=VECTOR('',#6502,10.);
#1986=VECTOR('',#6507,10.);
#1987=VECTOR('',#6508,10.);
#1988=VECTOR('',#6511,10.);
#1989=VECTOR('',#6512,10.);
#1990=VECTOR('',#6515,10.);
#1991=VECTOR('',#6520,10.);
#1992=VECTOR('',#6521,10.);
#1993=VECTOR('',#6524,10.);
#1994=VECTOR('',#6525,10.);
#1995=VECTOR('',#6528,10.);
#1996=VECTOR('',#6533,10.);
#1997=VECTOR('',#6534,10.);
#1998=VECTOR('',#6535,10.);
#1999=VECTOR('',#6538,10.);
#2000=VECTOR('',#6539,10.);
#2001=VECTOR('',#6540,10.);
#2002=VECTOR('',#6543,10.);
#2003=VECTOR('',#6544,10.);
#2004=VECTOR('',#6549,10.);
#2005=VECTOR('',#6550,10.);
#2006=VECTOR('',#6551,10.);
#2007=VECTOR('',#6554,10.);
#2008=VECTOR('',#6555,10.);
#2009=VECTOR('',#6556,10.);
#2010=VECTOR('',#6557,10.);
#2011=VECTOR('',#6560,10.);
#2012=VECTOR('',#6561,10.);
#2013=VECTOR('',#6564,10.);
#2014=VECTOR('',#6565,10.);
#2015=VECTOR('',#6568,10.);
#2016=VECTOR('',#6569,10.);
#2017=VECTOR('',#6572,10.);
#2018=VECTOR('',#6573,10.);
#2019=VECTOR('',#6576,10.);
#2020=VECTOR('',#6577,10.);
#2021=VECTOR('',#6578,10.);
#2022=VECTOR('',#6581,10.);
#2023=VECTOR('',#6582,10.);
#2024=VECTOR('',#6583,10.);
#2025=VECTOR('',#6586,10.);
#2026=VECTOR('',#6587,10.);
#2027=VECTOR('',#6590,10.);
#2028=VECTOR('',#6591,10.);
#2029=VECTOR('',#6592,10.);
#2030=VECTOR('',#6593,10.);
#2031=VECTOR('',#6596,10.);
#2032=VECTOR('',#6597,10.);
#2033=VECTOR('',#6598,10.);
#2034=VECTOR('',#6601,10.);
#2035=VECTOR('',#6602,10.);
#2036=VECTOR('',#6605,10.);
#2037=VECTOR('',#6608,10.);
#2038=VECTOR('',#6611,10.);
#2039=VECTOR('',#6612,10.);
#2040=VECTOR('',#6613,10.);
#2041=VECTOR('',#6616,10.);
#2042=VECTOR('',#6617,10.);
#2043=VECTOR('',#6618,10.);
#2044=VECTOR('',#6621,10.);
#2045=VECTOR('',#6622,10.);
#2046=VECTOR('',#6625,10.);
#2047=VECTOR('',#6628,10.);
#2048=VECTOR('',#6629,10.);
#2049=VECTOR('',#6630,10.);
#2050=VECTOR('',#6633,10.);
#2051=VECTOR('',#6634,10.);
#2052=VECTOR('',#6635,10.);
#2053=VECTOR('',#6638,10.);
#2054=VECTOR('',#6639,10.);
#2055=VECTOR('',#6640,10.);
#2056=VECTOR('',#6643,10.);
#2057=VECTOR('',#6646,10.);
#2058=VECTOR('',#6647,10.);
#2059=VECTOR('',#6648,10.);
#2060=VECTOR('',#6649,10.);
#2061=VECTOR('',#6652,10.);
#2062=VECTOR('',#6653,10.);
#2063=VECTOR('',#6656,10.);
#2064=VECTOR('',#6657,10.);
#2065=VECTOR('',#6658,10.);
#2066=VECTOR('',#6659,10.);
#2067=VECTOR('',#6662,10.);
#2068=VECTOR('',#6663,10.);
#2069=VECTOR('',#6664,10.);
#2070=VECTOR('',#6665,10.);
#2071=VECTOR('',#6668,10.);
#2072=VECTOR('',#6669,10.);
#2073=VECTOR('',#6670,10.);
#2074=VECTOR('',#6671,10.);
#2075=VECTOR('',#6674,10.);
#2076=VECTOR('',#6675,10.);
#2077=VECTOR('',#6676,10.);
#2078=VECTOR('',#6677,10.);
#2079=VECTOR('',#6680,10.);
#2080=VECTOR('',#6681,10.);
#2081=VECTOR('',#6684,10.);
#2082=VECTOR('',#6685,10.);
#2083=VECTOR('',#6686,10.);
#2084=VECTOR('',#6687,10.);
#2085=VECTOR('',#6688,10.);
#2086=VECTOR('',#6689,10.);
#2087=VECTOR('',#6692,10.);
#2088=VECTOR('',#6695,10.);
#2089=VECTOR('',#6696,10.);
#2090=VECTOR('',#6699,10.);
#2091=VECTOR('',#6704,10.);
#2092=VECTOR('',#6707,10.);
#2093=VECTOR('',#6708,10.);
#2094=VECTOR('',#6711,10.);
#2095=VECTOR('',#6712,10.);
#2096=VECTOR('',#6713,10.);
#2097=VECTOR('',#6716,10.);
#2098=VECTOR('',#6717,10.);
#2099=VECTOR('',#6720,10.);
#2100=VECTOR('',#6723,10.);
#2101=VECTOR('',#6726,10.);
#2102=VECTOR('',#6727,10.);
#2103=VECTOR('',#6730,10.);
#2104=VECTOR('',#6735,10.);
#2105=VECTOR('',#6740,10.);
#2106=VECTOR('',#6741,10.);
#2107=VECTOR('',#6742,10.);
#2108=VECTOR('',#6743,10.);
#2109=VECTOR('',#6746,10.);
#2110=VECTOR('',#6747,10.);
#2111=VECTOR('',#6748,10.);
#2112=VECTOR('',#6751,10.);
#2113=VECTOR('',#6752,10.);
#2114=VECTOR('',#6755,10.);
#2115=VECTOR('',#6756,10.);
#2116=VECTOR('',#6759,10.);
#2117=VECTOR('',#6762,10.);
#2118=VECTOR('',#6763,10.);
#2119=VECTOR('',#6764,10.);
#2120=VECTOR('',#6765,10.);
#2121=VECTOR('',#6768,10.);
#2122=VECTOR('',#6769,10.);
#2123=VECTOR('',#6770,10.);
#2124=VECTOR('',#6771,10.);
#2125=VECTOR('',#6774,10.);
#2126=VECTOR('',#6775,10.);
#2127=VECTOR('',#6778,10.);
#2128=VECTOR('',#6781,10.);
#2129=VERTEX_POINT('',#6789);
#2130=VERTEX_POINT('',#6790);
#2131=VERTEX_POINT('',#6792);
#2132=VERTEX_POINT('',#6794);
#2133=VERTEX_POINT('',#6798);
#2134=VERTEX_POINT('',#6800);
#2135=VERTEX_POINT('',#6804);
#2136=VERTEX_POINT('',#6805);
#2137=VERTEX_POINT('',#6807);
#2138=VERTEX_POINT('',#6809);
#2139=VERTEX_POINT('',#6813);
#2140=VERTEX_POINT('',#6815);
#2141=VERTEX_POINT('',#6819);
#2142=VERTEX_POINT('',#6821);
#2143=VERTEX_POINT('',#6825);
#2144=VERTEX_POINT('',#6827);
#2145=VERTEX_POINT('',#6837);
#2146=VERTEX_POINT('',#6838);
#2147=VERTEX_POINT('',#6840);
#2148=VERTEX_POINT('',#6842);
#2149=VERTEX_POINT('',#6844);
#2150=VERTEX_POINT('',#6846);
#2151=VERTEX_POINT('',#6848);
#2152=VERTEX_POINT('',#6850);
#2153=VERTEX_POINT('',#6852);
#2154=VERTEX_POINT('',#6854);
#2155=VERTEX_POINT('',#6857);
#2156=VERTEX_POINT('',#6858);
#2157=VERTEX_POINT('',#6860);
#2158=VERTEX_POINT('',#6862);
#2159=VERTEX_POINT('',#6865);
#2160=VERTEX_POINT('',#6866);
#2161=VERTEX_POINT('',#6870);
#2162=VERTEX_POINT('',#6874);
#2163=VERTEX_POINT('',#6876);
#2164=VERTEX_POINT('',#6880);
#2165=VERTEX_POINT('',#6884);
#2166=VERTEX_POINT('',#6888);
#2167=VERTEX_POINT('',#6892);
#2168=VERTEX_POINT('',#6896);
#2169=VERTEX_POINT('',#6900);
#2170=VERTEX_POINT('',#6904);
#2171=VERTEX_POINT('',#6908);
#2172=VERTEX_POINT('',#6912);
#2173=VERTEX_POINT('',#6916);
#2174=VERTEX_POINT('',#6920);
#2175=VERTEX_POINT('',#6924);
#2176=VERTEX_POINT('',#6928);
#2177=VERTEX_POINT('',#6932);
#2178=VERTEX_POINT('',#6936);
#2179=VERTEX_POINT('',#6940);
#2180=VERTEX_POINT('',#6944);
#2181=VERTEX_POINT('',#6948);
#2182=VERTEX_POINT('',#6950);
#2183=VERTEX_POINT('',#6954);
#2184=VERTEX_POINT('',#6958);
#2185=VERTEX_POINT('',#6962);
#2186=VERTEX_POINT('',#6966);
#2187=VERTEX_POINT('',#6970);
#2188=VERTEX_POINT('',#6974);
#2189=VERTEX_POINT('',#6978);
#2190=VERTEX_POINT('',#6982);
#2191=VERTEX_POINT('',#6986);
#2192=VERTEX_POINT('',#6990);
#2193=VERTEX_POINT('',#6994);
#2194=VERTEX_POINT('',#7001);
#2195=VERTEX_POINT('',#7002);
#2196=VERTEX_POINT('',#7004);
#2197=VERTEX_POINT('',#7006);
#2198=VERTEX_POINT('',#7008);
#2199=VERTEX_POINT('',#7010);
#2200=VERTEX_POINT('',#7014);
#2201=VERTEX_POINT('',#7018);
#2202=VERTEX_POINT('',#7020);
#2203=VERTEX_POINT('',#7027);
#2204=VERTEX_POINT('',#7028);
#2205=VERTEX_POINT('',#7030);
#2206=VERTEX_POINT('',#7032);
#2207=VERTEX_POINT('',#7034);
#2208=VERTEX_POINT('',#7036);
#2209=VERTEX_POINT('',#7038);
#2210=VERTEX_POINT('',#7040);
#2211=VERTEX_POINT('',#7042);
#2212=VERTEX_POINT('',#7044);
#2213=VERTEX_POINT('',#7046);
#2214=VERTEX_POINT('',#7049);
#2215=VERTEX_POINT('',#7050);
#2216=VERTEX_POINT('',#7052);
#2217=VERTEX_POINT('',#7054);
#2218=VERTEX_POINT('',#7056);
#2219=VERTEX_POINT('',#7058);
#2220=VERTEX_POINT('',#7062);
#2221=VERTEX_POINT('',#7066);
#2222=VERTEX_POINT('',#7070);
#2223=VERTEX_POINT('',#7074);
#2224=VERTEX_POINT('',#7078);
#2225=VERTEX_POINT('',#7083);
#2226=VERTEX_POINT('',#7084);
#2227=VERTEX_POINT('',#7086);
#2228=VERTEX_POINT('',#7088);
#2229=VERTEX_POINT('',#7090);
#2230=VERTEX_POINT('',#7092);
#2231=VERTEX_POINT('',#7094);
#2232=VERTEX_POINT('',#7098);
#2233=VERTEX_POINT('',#7102);
#2234=VERTEX_POINT('',#7106);
#2235=VERTEX_POINT('',#7110);
#2236=VERTEX_POINT('',#7114);
#2237=VERTEX_POINT('',#7118);
#2238=VERTEX_POINT('',#7122);
#2239=VERTEX_POINT('',#7126);
#2240=VERTEX_POINT('',#7130);
#2241=VERTEX_POINT('',#7134);
#2242=VERTEX_POINT('',#7138);
#2243=VERTEX_POINT('',#7140);
#2244=VERTEX_POINT('',#7144);
#2245=VERTEX_POINT('',#7148);
#2246=VERTEX_POINT('',#7152);
#2247=VERTEX_POINT('',#7156);
#2248=VERTEX_POINT('',#7160);
#2249=VERTEX_POINT('',#7164);
#2250=VERTEX_POINT('',#7168);
#2251=VERTEX_POINT('',#7172);
#2252=VERTEX_POINT('',#7176);
#2253=VERTEX_POINT('',#7180);
#2254=VERTEX_POINT('',#7188);
#2255=VERTEX_POINT('',#7189);
#2256=VERTEX_POINT('',#7191);
#2257=VERTEX_POINT('',#7193);
#2258=VERTEX_POINT('',#7205);
#2259=VERTEX_POINT('',#7207);
#2260=VERTEX_POINT('',#7211);
#2261=VERTEX_POINT('',#7215);
#2262=VERTEX_POINT('',#7216);
#2263=VERTEX_POINT('',#7218);
#2264=VERTEX_POINT('',#7220);
#2265=VERTEX_POINT('',#7222);
#2266=VERTEX_POINT('',#7224);
#2267=VERTEX_POINT('',#7226);
#2268=VERTEX_POINT('',#7228);
#2269=VERTEX_POINT('',#7232);
#2270=VERTEX_POINT('',#7235);
#2271=VERTEX_POINT('',#7239);
#2272=VERTEX_POINT('',#7243);
#2273=VERTEX_POINT('',#7245);
#2274=VERTEX_POINT('',#7249);
#2275=VERTEX_POINT('',#7251);
#2276=VERTEX_POINT('',#7292);
#2277=VERTEX_POINT('',#7293);
#2278=VERTEX_POINT('',#7295);
#2279=VERTEX_POINT('',#7297);
#2280=VERTEX_POINT('',#7299);
#2281=VERTEX_POINT('',#7303);
#2282=VERTEX_POINT('',#7307);
#2283=VERTEX_POINT('',#7311);
#2284=VERTEX_POINT('',#7319);
#2285=VERTEX_POINT('',#7320);
#2286=VERTEX_POINT('',#7322);
#2287=VERTEX_POINT('',#7326);
#2288=VERTEX_POINT('',#7327);
#2289=VERTEX_POINT('',#7331);
#2290=VERTEX_POINT('',#7335);
#2291=VERTEX_POINT('',#7339);
#2292=VERTEX_POINT('',#7343);
#2293=VERTEX_POINT('',#7347);
#2294=VERTEX_POINT('',#7351);
#2295=VERTEX_POINT('',#7355);
#2296=VERTEX_POINT('',#7359);
#2297=VERTEX_POINT('',#7363);
#2298=VERTEX_POINT('',#7367);
#2299=VERTEX_POINT('',#7371);
#2300=VERTEX_POINT('',#7375);
#2301=VERTEX_POINT('',#7379);
#2302=VERTEX_POINT('',#7383);
#2303=VERTEX_POINT('',#7387);
#2304=VERTEX_POINT('',#7389);
#2305=VERTEX_POINT('',#7393);
#2306=VERTEX_POINT('',#7397);
#2307=VERTEX_POINT('',#7401);
#2308=VERTEX_POINT('',#7405);
#2309=VERTEX_POINT('',#7409);
#2310=VERTEX_POINT('',#7413);
#2311=VERTEX_POINT('',#7417);
#2312=VERTEX_POINT('',#7421);
#2313=VERTEX_POINT('',#7425);
#2314=VERTEX_POINT('',#7429);
#2315=VERTEX_POINT('',#7433);
#2316=VERTEX_POINT('',#7437);
#2317=VERTEX_POINT('',#7441);
#2318=VERTEX_POINT('',#7445);
#2319=VERTEX_POINT('',#7449);
#2320=VERTEX_POINT('',#7453);
#2321=VERTEX_POINT('',#7457);
#2322=VERTEX_POINT('',#7698);
#2323=VERTEX_POINT('',#7699);
#2324=VERTEX_POINT('',#7701);
#2325=VERTEX_POINT('',#7703);
#2326=VERTEX_POINT('',#7707);
#2327=VERTEX_POINT('',#7711);
#2328=VERTEX_POINT('',#7713);
#2329=VERTEX_POINT('',#7717);
#2330=VERTEX_POINT('',#7721);
#2331=VERTEX_POINT('',#7763);
#2332=VERTEX_POINT('',#7764);
#2333=VERTEX_POINT('',#7766);
#2334=VERTEX_POINT('',#7768);
#2335=VERTEX_POINT('',#7770);
#2336=VERTEX_POINT('',#7772);
#2337=VERTEX_POINT('',#7774);
#2338=VERTEX_POINT('',#7776);
#2339=VERTEX_POINT('',#7778);
#2340=VERTEX_POINT('',#7780);
#2341=VERTEX_POINT('',#7782);
#2342=VERTEX_POINT('',#7785);
#2343=VERTEX_POINT('',#7786);
#2344=VERTEX_POINT('',#7788);
#2345=VERTEX_POINT('',#7820);
#2346=VERTEX_POINT('',#7821);
#2347=VERTEX_POINT('',#7823);
#2348=VERTEX_POINT('',#7825);
#2349=VERTEX_POINT('',#7827);
#2350=VERTEX_POINT('',#7831);
#2351=VERTEX_POINT('',#7835);
#2352=VERTEX_POINT('',#7839);
#2353=VERTEX_POINT('',#7843);
#2354=VERTEX_POINT('',#7847);
#2355=VERTEX_POINT('',#7851);
#2356=VERTEX_POINT('',#7854);
#2357=VERTEX_POINT('',#7855);
#2358=VERTEX_POINT('',#7857);
#2359=VERTEX_POINT('',#7859);
#2360=VERTEX_POINT('',#7863);
#2361=VERTEX_POINT('',#7867);
#2362=VERTEX_POINT('',#7871);
#2363=VERTEX_POINT('',#7875);
#2364=VERTEX_POINT('',#7974);
#2365=VERTEX_POINT('',#7975);
#2366=VERTEX_POINT('',#7977);
#2367=VERTEX_POINT('',#7979);
#2368=VERTEX_POINT('',#7983);
#2369=VERTEX_POINT('',#7987);
#2370=VERTEX_POINT('',#7991);
#2371=VERTEX_POINT('',#7995);
#2372=VERTEX_POINT('',#7999);
#2373=VERTEX_POINT('',#8003);
#2374=VERTEX_POINT('',#8007);
#2375=VERTEX_POINT('',#8011);
#2376=VERTEX_POINT('',#8015);
#2377=VERTEX_POINT('',#8019);
#2378=VERTEX_POINT('',#8023);
#2379=VERTEX_POINT('',#8027);
#2380=VERTEX_POINT('',#8029);
#2381=VERTEX_POINT('',#8033);
#2382=VERTEX_POINT('',#8037);
#2383=VERTEX_POINT('',#8041);
#2384=VERTEX_POINT('',#8045);
#2385=VERTEX_POINT('',#8049);
#2386=VERTEX_POINT('',#8053);
#2387=VERTEX_POINT('',#8057);
#2388=VERTEX_POINT('',#8061);
#2389=VERTEX_POINT('',#8065);
#2390=VERTEX_POINT('',#8069);
#2391=VERTEX_POINT('',#8073);
#2392=VERTEX_POINT('',#8075);
#2393=VERTEX_POINT('',#8252);
#2394=VERTEX_POINT('',#8253);
#2395=VERTEX_POINT('',#8255);
#2396=VERTEX_POINT('',#8257);
#2397=VERTEX_POINT('',#8261);
#2398=VERTEX_POINT('',#8262);
#2399=VERTEX_POINT('',#8264);
#2400=VERTEX_POINT('',#8266);
#2401=VERTEX_POINT('',#8270);
#2402=VERTEX_POINT('',#8272);
#2403=VERTEX_POINT('',#8276);
#2404=VERTEX_POINT('',#8278);
#2405=VERTEX_POINT('',#8282);
#2406=VERTEX_POINT('',#8284);
#2407=VERTEX_POINT('',#8288);
#2408=VERTEX_POINT('',#8290);
#2409=VERTEX_POINT('',#8292);
#2410=VERTEX_POINT('',#8297);
#2411=VERTEX_POINT('',#8299);
#2412=VERTEX_POINT('',#8303);
#2413=VERTEX_POINT('',#8307);
#2414=VERTEX_POINT('',#8311);
#2415=VERTEX_POINT('',#8312);
#2416=VERTEX_POINT('',#8315);
#2417=VERTEX_POINT('',#8319);
#2418=VERTEX_POINT('',#8321);
#2419=VERTEX_POINT('',#8325);
#2420=VERTEX_POINT('',#8327);
#2421=VERTEX_POINT('',#8331);
#2422=VERTEX_POINT('',#8332);
#2423=VERTEX_POINT('',#8334);
#2424=VERTEX_POINT('',#8336);
#2425=VERTEX_POINT('',#8338);
#2426=VERTEX_POINT('',#8340);
#2427=VERTEX_POINT('',#8344);
#2428=VERTEX_POINT('',#8348);
#2429=VERTEX_POINT('',#8350);
#2430=VERTEX_POINT('',#8352);
#2431=VERTEX_POINT('',#8356);
#2432=VERTEX_POINT('',#8357);
#2433=VERTEX_POINT('',#8359);
#2434=VERTEX_POINT('',#8361);
#2435=VERTEX_POINT('',#8364);
#2436=VERTEX_POINT('',#8369);
#2437=VERTEX_POINT('',#8371);
#2438=VERTEX_POINT('',#8379);
#2439=VERTEX_POINT('',#8381);
#2440=VERTEX_POINT('',#8383);
#2441=VERTEX_POINT('',#8387);
#2442=VERTEX_POINT('',#8390);
#2443=VERTEX_POINT('',#8394);
#2444=VERTEX_POINT('',#8396);
#2445=VERTEX_POINT('',#8402);
#2446=VERTEX_POINT('',#8404);
#2447=VERTEX_POINT('',#8406);
#2448=VERTEX_POINT('',#8409);
#2449=VERTEX_POINT('',#8411);
#2450=VERTEX_POINT('',#8414);
#2451=VERTEX_POINT('',#8416);
#2452=VERTEX_POINT('',#8418);
#2453=VERTEX_POINT('',#8420);
#2454=VERTEX_POINT('',#8422);
#2455=VERTEX_POINT('',#8424);
#2456=VERTEX_POINT('',#8426);
#2457=VERTEX_POINT('',#8428);
#2458=VERTEX_POINT('',#8430);
#2459=VERTEX_POINT('',#8432);
#2460=VERTEX_POINT('',#8434);
#2461=VERTEX_POINT('',#8436);
#2462=VERTEX_POINT('',#8438);
#2463=VERTEX_POINT('',#8440);
#2464=VERTEX_POINT('',#8442);
#2465=VERTEX_POINT('',#8444);
#2466=VERTEX_POINT('',#8446);
#2467=VERTEX_POINT('',#8448);
#2468=VERTEX_POINT('',#8450);
#2469=VERTEX_POINT('',#8452);
#2470=VERTEX_POINT('',#8454);
#2471=VERTEX_POINT('',#8456);
#2472=VERTEX_POINT('',#8458);
#2473=VERTEX_POINT('',#8460);
#2474=VERTEX_POINT('',#8462);
#2475=VERTEX_POINT('',#8464);
#2476=VERTEX_POINT('',#8466);
#2477=VERTEX_POINT('',#8468);
#2478=VERTEX_POINT('',#8470);
#2479=VERTEX_POINT('',#8472);
#2480=VERTEX_POINT('',#8474);
#2481=VERTEX_POINT('',#8476);
#2482=VERTEX_POINT('',#8478);
#2483=VERTEX_POINT('',#8480);
#2484=VERTEX_POINT('',#8482);
#2485=VERTEX_POINT('',#8486);
#2486=VERTEX_POINT('',#8488);
#2487=VERTEX_POINT('',#8490);
#2488=VERTEX_POINT('',#8493);
#2489=VERTEX_POINT('',#8495);
#2490=VERTEX_POINT('',#8497);
#2491=VERTEX_POINT('',#8500);
#2492=VERTEX_POINT('',#8502);
#2493=VERTEX_POINT('',#8504);
#2494=VERTEX_POINT('',#8506);
#2495=VERTEX_POINT('',#8508);
#2496=VERTEX_POINT('',#8510);
#2497=VERTEX_POINT('',#8512);
#2498=VERTEX_POINT('',#8515);
#2499=VERTEX_POINT('',#8517);
#2500=VERTEX_POINT('',#8522);
#2501=VERTEX_POINT('',#8524);
#2502=VERTEX_POINT('',#8528);
#2503=VERTEX_POINT('',#8529);
#2504=VERTEX_POINT('',#8531);
#2505=VERTEX_POINT('',#8533);
#2506=VERTEX_POINT('',#8536);
#2507=VERTEX_POINT('',#8539);
#2508=VERTEX_POINT('',#8542);
#2509=VERTEX_POINT('',#8543);
#2510=VERTEX_POINT('',#8545);
#2511=VERTEX_POINT('',#8547);
#2512=VERTEX_POINT('',#8550);
#2513=VERTEX_POINT('',#8551);
#2514=VERTEX_POINT('',#8553);
#2515=VERTEX_POINT('',#8555);
#2516=VERTEX_POINT('',#8559);
#2517=VERTEX_POINT('',#8563);
#2518=VERTEX_POINT('',#8565);
#2519=VERTEX_POINT('',#8567);
#2520=VERTEX_POINT('',#8571);
#2521=VERTEX_POINT('',#8573);
#2522=VERTEX_POINT('',#8575);
#2523=VERTEX_POINT('',#8579);
#2524=VERTEX_POINT('',#8583);
#2525=VERTEX_POINT('',#8587);
#2526=VERTEX_POINT('',#8592);
#2527=VERTEX_POINT('',#8596);
#2528=VERTEX_POINT('',#8598);
#2529=VERTEX_POINT('',#8603);
#2530=VERTEX_POINT('',#8609);
#2531=VERTEX_POINT('',#8611);
#2532=VERTEX_POINT('',#8614);
#2533=VERTEX_POINT('',#8618);
#2534=VERTEX_POINT('',#8620);
#2535=VERTEX_POINT('',#8622);
#2536=VERTEX_POINT('',#8624);
#2537=VERTEX_POINT('',#8628);
#2538=VERTEX_POINT('',#8630);
#2539=VERTEX_POINT('',#8632);
#2540=VERTEX_POINT('',#8644);
#2541=VERTEX_POINT('',#8646);
#2542=VERTEX_POINT('',#8651);
#2543=VERTEX_POINT('',#8655);
#2544=VERTEX_POINT('',#8659);
#2545=VERTEX_POINT('',#8661);
#2546=VERTEX_POINT('',#8665);
#2547=VERTEX_POINT('',#8667);
#2548=VERTEX_POINT('',#8675);
#2549=VERTEX_POINT('',#8677);
#2550=VERTEX_POINT('',#8681);
#2551=VERTEX_POINT('',#8683);
#2552=VERTEX_POINT('',#8691);
#2553=VERTEX_POINT('',#8693);
#2554=VERTEX_POINT('',#8697);
#2555=VERTEX_POINT('',#8699);
#2556=VERTEX_POINT('',#8707);
#2557=VERTEX_POINT('',#8709);
#2558=VERTEX_POINT('',#8713);
#2559=VERTEX_POINT('',#8715);
#2560=VERTEX_POINT('',#8723);
#2561=VERTEX_POINT('',#8725);
#2562=VERTEX_POINT('',#8729);
#2563=VERTEX_POINT('',#8731);
#2564=VERTEX_POINT('',#8739);
#2565=VERTEX_POINT('',#8743);
#2566=VERTEX_POINT('',#8750);
#2567=VERTEX_POINT('',#8754);
#2568=VERTEX_POINT('',#8761);
#2569=VERTEX_POINT('',#8765);
#2570=VERTEX_POINT('',#8772);
#2571=VERTEX_POINT('',#8774);
#2572=VERTEX_POINT('',#8778);
#2573=VERTEX_POINT('',#8780);
#2574=VERTEX_POINT('',#8788);
#2575=VERTEX_POINT('',#8790);
#2576=VERTEX_POINT('',#8794);
#2577=VERTEX_POINT('',#8796);
#2578=VERTEX_POINT('',#8798);
#2579=VERTEX_POINT('',#8805);
#2580=VERTEX_POINT('',#8809);
#2581=VERTEX_POINT('',#8813);
#2582=VERTEX_POINT('',#8817);
#2583=VERTEX_POINT('',#8819);
#2584=VERTEX_POINT('',#8823);
#2585=VERTEX_POINT('',#8828);
#2586=VERTEX_POINT('',#8832);
#2587=VERTEX_POINT('',#8834);
#2588=VERTEX_POINT('',#8836);
#2589=VERTEX_POINT('',#8841);
#2590=VERTEX_POINT('',#8845);
#2591=VERTEX_POINT('',#8853);
#2592=VERTEX_POINT('',#8855);
#2593=VERTEX_POINT('',#8860);
#2594=VERTEX_POINT('',#8864);
#2595=VERTEX_POINT('',#8870);
#2596=VERTEX_POINT('',#8872);
#2597=VERTEX_POINT('',#8876);
#2598=VERTEX_POINT('',#8878);
#2599=VERTEX_POINT('',#8882);
#2600=VERTEX_POINT('',#8889);
#2601=VERTEX_POINT('',#8890);
#2602=VERTEX_POINT('',#8896);
#2603=VERTEX_POINT('',#8900);
#2604=VERTEX_POINT('',#8903);
#2605=VERTEX_POINT('',#8908);
#2606=VERTEX_POINT('',#8910);
#2607=VERTEX_POINT('',#8915);
#2608=VERTEX_POINT('',#8917);
#2609=VERTEX_POINT('',#8921);
#2610=VERTEX_POINT('',#8923);
#2611=VERTEX_POINT('',#8931);
#2612=VERTEX_POINT('',#8933);
#2613=VERTEX_POINT('',#8936);
#2614=VERTEX_POINT('',#8938);
#2615=VERTEX_POINT('',#8944);
#2616=VERTEX_POINT('',#8953);
#2617=VERTEX_POINT('',#8957);
#2618=VERTEX_POINT('',#8962);
#2619=VERTEX_POINT('',#8970);
#2620=VERTEX_POINT('',#8980);
#2621=VERTEX_POINT('',#8981);
#2622=VERTEX_POINT('',#8983);
#2623=VERTEX_POINT('',#8985);
#2624=VERTEX_POINT('',#8989);
#2625=VERTEX_POINT('',#8990);
#2626=VERTEX_POINT('',#8995);
#2627=VERTEX_POINT('',#8999);
#2628=VERTEX_POINT('',#9005);
#2629=VERTEX_POINT('',#9006);
#2630=VERTEX_POINT('',#9008);
#2631=VERTEX_POINT('',#9010);
#2632=VERTEX_POINT('',#9014);
#2633=VERTEX_POINT('',#9015);
#2634=VERTEX_POINT('',#9017);
#2635=VERTEX_POINT('',#9019);
#2636=EDGE_CURVE('',#2129,#2130,#839,.T.);
#2637=EDGE_CURVE('',#2130,#2131,#840,.T.);
#2638=EDGE_CURVE('',#2132,#2131,#841,.T.);
#2639=EDGE_CURVE('',#2129,#2132,#842,.T.);
#2640=EDGE_CURVE('',#2133,#2132,#843,.T.);
#2641=EDGE_CURVE('',#2131,#2134,#844,.T.);
#2642=EDGE_CURVE('',#2134,#2133,#845,.T.);
#2643=EDGE_CURVE('',#2135,#2136,#846,.T.);
#2644=EDGE_CURVE('',#2135,#2137,#847,.T.);
#2645=EDGE_CURVE('',#2138,#2137,#848,.T.);
#2646=EDGE_CURVE('',#2136,#2138,#849,.T.);
#2647=EDGE_CURVE('',#2137,#2139,#850,.T.);
#2648=EDGE_CURVE('',#2139,#2140,#851,.T.);
#2649=EDGE_CURVE('',#2140,#2138,#852,.T.);
#2650=EDGE_CURVE('',#2129,#2141,#853,.T.);
#2651=EDGE_CURVE('',#2142,#2141,#854,.T.);
#2652=EDGE_CURVE('',#2130,#2142,#855,.T.);
#2653=EDGE_CURVE('',#2136,#2143,#856,.T.);
#2654=EDGE_CURVE('',#2144,#2143,#857,.T.);
#2655=EDGE_CURVE('',#2135,#2144,#858,.T.);
#2656=EDGE_CURVE('',#2141,#2144,#859,.T.);
#2657=EDGE_CURVE('',#2143,#2142,#860,.T.);
#2658=EDGE_CURVE('',#2133,#2139,#861,.T.);
#2659=EDGE_CURVE('',#2140,#2134,#862,.T.);
#2660=EDGE_CURVE('',#2145,#2146,#863,.T.);
#2661=EDGE_CURVE('',#2147,#2146,#261,.T.);
#2662=EDGE_CURVE('',#2147,#2148,#864,.T.);
#2663=EDGE_CURVE('',#2148,#2149,#865,.T.);
#2664=EDGE_CURVE('',#2150,#2149,#262,.T.);
#2665=EDGE_CURVE('',#2150,#2151,#866,.T.);
#2666=EDGE_CURVE('',#2151,#2152,#867,.T.);
#2667=EDGE_CURVE('',#2153,#2152,#263,.T.);
#2668=EDGE_CURVE('',#2153,#2154,#868,.T.);
#2669=EDGE_CURVE('',#2154,#2145,#869,.T.);
#2670=EDGE_CURVE('',#2155,#2156,#870,.T.);
#2671=EDGE_CURVE('',#2156,#2157,#871,.T.);
#2672=EDGE_CURVE('',#2157,#2158,#872,.T.);
#2673=EDGE_CURVE('',#2158,#2155,#873,.T.);
#2674=EDGE_CURVE('',#2159,#2160,#99,.T.);
#2675=EDGE_CURVE('',#2160,#2161,#100,.T.);
#2676=EDGE_CURVE('',#2161,#2162,#874,.T.);
#2677=EDGE_CURVE('',#2162,#2163,#101,.T.);
#2678=EDGE_CURVE('',#2163,#2164,#102,.T.);
#2679=EDGE_CURVE('',#2164,#2165,#103,.T.);
#2680=EDGE_CURVE('',#2165,#2166,#104,.T.);
#2681=EDGE_CURVE('',#2166,#2167,#105,.T.);
#2682=EDGE_CURVE('',#2167,#2168,#106,.T.);
#2683=EDGE_CURVE('',#2168,#2169,#107,.T.);
#2684=EDGE_CURVE('',#2169,#2170,#108,.T.);
#2685=EDGE_CURVE('',#2170,#2171,#109,.T.);
#2686=EDGE_CURVE('',#2171,#2172,#110,.T.);
#2687=EDGE_CURVE('',#2172,#2173,#111,.T.);
#2688=EDGE_CURVE('',#2173,#2174,#112,.T.);
#2689=EDGE_CURVE('',#2174,#2175,#113,.T.);
#2690=EDGE_CURVE('',#2175,#2176,#114,.T.);
#2691=EDGE_CURVE('',#2176,#2177,#115,.T.);
#2692=EDGE_CURVE('',#2177,#2178,#116,.T.);
#2693=EDGE_CURVE('',#2178,#2179,#117,.T.);
#2694=EDGE_CURVE('',#2179,#2180,#118,.T.);
#2695=EDGE_CURVE('',#2180,#2181,#875,.T.);
#2696=EDGE_CURVE('',#2181,#2182,#119,.T.);
#2697=EDGE_CURVE('',#2182,#2183,#120,.T.);
#2698=EDGE_CURVE('',#2183,#2184,#121,.T.);
#2699=EDGE_CURVE('',#2184,#2185,#122,.T.);
#2700=EDGE_CURVE('',#2185,#2186,#123,.T.);
#2701=EDGE_CURVE('',#2186,#2187,#124,.T.);
#2702=EDGE_CURVE('',#2187,#2188,#125,.T.);
#2703=EDGE_CURVE('',#2188,#2189,#126,.T.);
#2704=EDGE_CURVE('',#2189,#2190,#127,.T.);
#2705=EDGE_CURVE('',#2190,#2191,#128,.T.);
#2706=EDGE_CURVE('',#2191,#2192,#129,.T.);
#2707=EDGE_CURVE('',#2192,#2193,#130,.T.);
#2708=EDGE_CURVE('',#2193,#2159,#131,.T.);
#2709=EDGE_CURVE('',#2194,#2195,#876,.T.);
#2710=EDGE_CURVE('',#2195,#2196,#877,.T.);
#2711=EDGE_CURVE('',#2196,#2197,#878,.T.);
#2712=EDGE_CURVE('',#2197,#2198,#879,.T.);
#2713=EDGE_CURVE('',#2198,#2199,#132,.T.);
#2714=EDGE_CURVE('',#2199,#2200,#133,.T.);
#2715=EDGE_CURVE('',#2200,#2201,#880,.T.);
#2716=EDGE_CURVE('',#2201,#2202,#134,.T.);
#2717=EDGE_CURVE('',#2202,#2194,#135,.T.);
#2718=EDGE_CURVE('',#2203,#2204,#881,.T.);
#2719=EDGE_CURVE('',#2204,#2205,#882,.T.);
#2720=EDGE_CURVE('',#2205,#2206,#883,.T.);
#2721=EDGE_CURVE('',#2206,#2207,#884,.T.);
#2722=EDGE_CURVE('',#2207,#2208,#885,.T.);
#2723=EDGE_CURVE('',#2208,#2209,#886,.T.);
#2724=EDGE_CURVE('',#2209,#2210,#887,.T.);
#2725=EDGE_CURVE('',#2210,#2211,#888,.T.);
#2726=EDGE_CURVE('',#2211,#2212,#889,.T.);
#2727=EDGE_CURVE('',#2212,#2213,#890,.T.);
#2728=EDGE_CURVE('',#2213,#2203,#891,.T.);
#2729=EDGE_CURVE('',#2214,#2215,#892,.T.);
#2730=EDGE_CURVE('',#2215,#2216,#893,.T.);
#2731=EDGE_CURVE('',#2216,#2217,#894,.T.);
#2732=EDGE_CURVE('',#2217,#2218,#895,.T.);
#2733=EDGE_CURVE('',#2218,#2219,#136,.T.);
#2734=EDGE_CURVE('',#2219,#2220,#137,.T.);
#2735=EDGE_CURVE('',#2220,#2221,#138,.T.);
#2736=EDGE_CURVE('',#2221,#2222,#139,.T.);
#2737=EDGE_CURVE('',#2222,#2223,#140,.T.);
#2738=EDGE_CURVE('',#2223,#2224,#141,.T.);
#2739=EDGE_CURVE('',#2224,#2214,#896,.T.);
#2740=EDGE_CURVE('',#2225,#2226,#897,.T.);
#2741=EDGE_CURVE('',#2226,#2227,#898,.T.);
#2742=EDGE_CURVE('',#2227,#2228,#899,.T.);
#2743=EDGE_CURVE('',#2228,#2229,#900,.T.);
#2744=EDGE_CURVE('',#2229,#2230,#901,.T.);
#2745=EDGE_CURVE('',#2230,#2231,#142,.T.);
#2746=EDGE_CURVE('',#2231,#2232,#143,.T.);
#2747=EDGE_CURVE('',#2232,#2233,#144,.T.);
#2748=EDGE_CURVE('',#2233,#2234,#145,.T.);
#2749=EDGE_CURVE('',#2234,#2235,#146,.T.);
#2750=EDGE_CURVE('',#2235,#2236,#147,.T.);
#2751=EDGE_CURVE('',#2236,#2237,#148,.T.);
#2752=EDGE_CURVE('',#2237,#2238,#149,.T.);
#2753=EDGE_CURVE('',#2238,#2239,#150,.T.);
#2754=EDGE_CURVE('',#2239,#2240,#151,.T.);
#2755=EDGE_CURVE('',#2240,#2241,#152,.T.);
#2756=EDGE_CURVE('',#2241,#2242,#902,.T.);
#2757=EDGE_CURVE('',#2242,#2243,#153,.T.);
#2758=EDGE_CURVE('',#2243,#2244,#154,.T.);
#2759=EDGE_CURVE('',#2244,#2245,#155,.T.);
#2760=EDGE_CURVE('',#2245,#2246,#156,.T.);
#2761=EDGE_CURVE('',#2246,#2247,#157,.T.);
#2762=EDGE_CURVE('',#2247,#2248,#158,.T.);
#2763=EDGE_CURVE('',#2248,#2249,#159,.T.);
#2764=EDGE_CURVE('',#2249,#2250,#160,.T.);
#2765=EDGE_CURVE('',#2250,#2251,#161,.T.);
#2766=EDGE_CURVE('',#2251,#2252,#162,.T.);
#2767=EDGE_CURVE('',#2252,#2253,#163,.T.);
#2768=EDGE_CURVE('',#2253,#2225,#164,.T.);
#2769=EDGE_CURVE('',#2254,#2255,#903,.T.);
#2770=EDGE_CURVE('',#2256,#2254,#904,.T.);
#2771=EDGE_CURVE('',#2257,#2256,#905,.T.);
#2772=EDGE_CURVE('',#2255,#2257,#906,.T.);
#2773=EDGE_CURVE('',#2255,#2157,#907,.T.);
#2774=EDGE_CURVE('',#2257,#2158,#908,.T.);
#2775=EDGE_CURVE('',#2256,#2155,#909,.T.);
#2776=EDGE_CURVE('',#2156,#2254,#910,.T.);
#2777=EDGE_CURVE('',#2258,#2152,#911,.T.);
#2778=EDGE_CURVE('',#2151,#2259,#912,.T.);
#2779=EDGE_CURVE('',#2258,#2259,#913,.T.);
#2780=EDGE_CURVE('',#2150,#2260,#914,.T.);
#2781=EDGE_CURVE('',#2259,#2260,#915,.T.);
#2782=EDGE_CURVE('',#2261,#2262,#916,.T.);
#2783=EDGE_CURVE('',#2263,#2262,#917,.T.);
#2784=EDGE_CURVE('',#2264,#2263,#918,.T.);
#2785=EDGE_CURVE('',#2265,#2264,#919,.T.);
#2786=EDGE_CURVE('',#2266,#2265,#920,.T.);
#2787=EDGE_CURVE('',#2267,#2266,#921,.T.);
#2788=EDGE_CURVE('',#2268,#2267,#922,.T.);
#2789=EDGE_CURVE('',#2261,#2268,#923,.T.);
#2790=EDGE_CURVE('',#2269,#2261,#924,.T.);
#2791=EDGE_CURVE('',#2145,#2269,#925,.T.);
#2792=EDGE_CURVE('',#2270,#2154,#926,.T.);
#2793=EDGE_CURVE('',#2262,#2270,#927,.T.);
#2794=EDGE_CURVE('',#2271,#2146,#928,.T.);
#2795=EDGE_CURVE('',#2271,#2269,#929,.T.);
#2796=EDGE_CURVE('',#2147,#2272,#930,.T.);
#2797=EDGE_CURVE('',#2273,#2272,#931,.T.);
#2798=EDGE_CURVE('',#2273,#2148,#932,.T.);
#2799=EDGE_CURVE('',#2274,#2258,#264,.T.);
#2800=EDGE_CURVE('',#2260,#2275,#265,.T.);
#2801=EDGE_CURVE('',#2275,#2273,#933,.T.);
#2802=EDGE_CURVE('',#2272,#2271,#266,.T.);
#2803=EDGE_CURVE('',#2270,#2274,#934,.T.);
#2804=EDGE_CURVE('',#2275,#2149,#935,.T.);
#2805=EDGE_CURVE('',#2153,#2274,#936,.T.);
#2806=EDGE_CURVE('',#2276,#2277,#937,.T.);
#2807=EDGE_CURVE('',#2277,#2278,#938,.T.);
#2808=EDGE_CURVE('',#2278,#2279,#939,.T.);
#2809=EDGE_CURVE('',#2279,#2280,#165,.T.);
#2810=EDGE_CURVE('',#2280,#2281,#166,.T.);
#2811=EDGE_CURVE('',#2281,#2282,#167,.T.);
#2812=EDGE_CURVE('',#2282,#2283,#168,.T.);
#2813=EDGE_CURVE('',#2283,#2276,#169,.T.);
#2814=EDGE_CURVE('',#2284,#2285,#940,.T.);
#2815=EDGE_CURVE('',#2285,#2286,#941,.T.);
#2816=EDGE_CURVE('',#2286,#2284,#942,.T.);
#2817=EDGE_CURVE('',#2287,#2288,#170,.T.);
#2818=EDGE_CURVE('',#2289,#2287,#171,.T.);
#2819=EDGE_CURVE('',#2290,#2289,#172,.T.);
#2820=EDGE_CURVE('',#2291,#2290,#173,.T.);
#2821=EDGE_CURVE('',#2292,#2291,#174,.T.);
#2822=EDGE_CURVE('',#2293,#2292,#175,.T.);
#2823=EDGE_CURVE('',#2294,#2293,#176,.T.);
#2824=EDGE_CURVE('',#2295,#2294,#177,.T.);
#2825=EDGE_CURVE('',#2296,#2295,#178,.T.);
#2826=EDGE_CURVE('',#2297,#2296,#179,.T.);
#2827=EDGE_CURVE('',#2298,#2297,#180,.T.);
#2828=EDGE_CURVE('',#2299,#2298,#181,.T.);
#2829=EDGE_CURVE('',#2300,#2299,#182,.T.);
#2830=EDGE_CURVE('',#2301,#2300,#183,.T.);
#2831=EDGE_CURVE('',#2302,#2301,#184,.T.);
#2832=EDGE_CURVE('',#2303,#2302,#943,.T.);
#2833=EDGE_CURVE('',#2304,#2303,#185,.T.);
#2834=EDGE_CURVE('',#2305,#2304,#186,.T.);
#2835=EDGE_CURVE('',#2306,#2305,#187,.T.);
#2836=EDGE_CURVE('',#2307,#2306,#188,.T.);
#2837=EDGE_CURVE('',#2308,#2307,#189,.T.);
#2838=EDGE_CURVE('',#2309,#2308,#190,.T.);
#2839=EDGE_CURVE('',#2310,#2309,#191,.T.);
#2840=EDGE_CURVE('',#2311,#2310,#192,.T.);
#2841=EDGE_CURVE('',#2312,#2311,#193,.T.);
#2842=EDGE_CURVE('',#2313,#2312,#194,.T.);
#2843=EDGE_CURVE('',#2314,#2313,#195,.T.);
#2844=EDGE_CURVE('',#2315,#2314,#196,.T.);
#2845=EDGE_CURVE('',#2316,#2315,#197,.T.);
#2846=EDGE_CURVE('',#2317,#2316,#198,.T.);
#2847=EDGE_CURVE('',#2318,#2317,#199,.T.);
#2848=EDGE_CURVE('',#2319,#2318,#200,.T.);
#2849=EDGE_CURVE('',#2320,#2319,#201,.T.);
#2850=EDGE_CURVE('',#2321,#2320,#202,.T.);
#2851=EDGE_CURVE('',#2288,#2321,#944,.T.);
#2852=EDGE_CURVE('',#2160,#2287,#945,.T.);
#2853=EDGE_CURVE('',#2161,#2288,#946,.T.);
#2854=EDGE_CURVE('',#2162,#2321,#947,.T.);
#2855=EDGE_CURVE('',#2163,#2320,#948,.T.);
#2856=EDGE_CURVE('',#2164,#2319,#949,.T.);
#2857=EDGE_CURVE('',#2165,#2318,#950,.T.);
#2858=EDGE_CURVE('',#2166,#2317,#951,.T.);
#2859=EDGE_CURVE('',#2167,#2316,#952,.T.);
#2860=EDGE_CURVE('',#2168,#2315,#953,.T.);
#2861=EDGE_CURVE('',#2169,#2314,#954,.T.);
#2862=EDGE_CURVE('',#2170,#2313,#955,.T.);
#2863=EDGE_CURVE('',#2171,#2312,#956,.T.);
#2864=EDGE_CURVE('',#2172,#2311,#957,.T.);
#2865=EDGE_CURVE('',#2173,#2310,#958,.T.);
#2866=EDGE_CURVE('',#2174,#2309,#959,.T.);
#2867=EDGE_CURVE('',#2175,#2308,#960,.T.);
#2868=EDGE_CURVE('',#2176,#2307,#961,.T.);
#2869=EDGE_CURVE('',#2177,#2306,#962,.T.);
#2870=EDGE_CURVE('',#2178,#2305,#963,.T.);
#2871=EDGE_CURVE('',#2179,#2304,#964,.T.);
#2872=EDGE_CURVE('',#2180,#2303,#965,.T.);
#2873=EDGE_CURVE('',#2181,#2302,#966,.T.);
#2874=EDGE_CURVE('',#2182,#2301,#967,.T.);
#2875=EDGE_CURVE('',#2183,#2300,#968,.T.);
#2876=EDGE_CURVE('',#2184,#2299,#969,.T.);
#2877=EDGE_CURVE('',#2185,#2298,#970,.T.);
#2878=EDGE_CURVE('',#2186,#2297,#971,.T.);
#2879=EDGE_CURVE('',#2187,#2296,#972,.T.);
#2880=EDGE_CURVE('',#2188,#2295,#973,.T.);
#2881=EDGE_CURVE('',#2189,#2294,#974,.T.);
#2882=EDGE_CURVE('',#2190,#2293,#975,.T.);
#2883=EDGE_CURVE('',#2191,#2292,#976,.T.);
#2884=EDGE_CURVE('',#2192,#2291,#977,.T.);
#2885=EDGE_CURVE('',#2193,#2290,#978,.T.);
#2886=EDGE_CURVE('',#2159,#2289,#979,.T.);
#2887=EDGE_CURVE('',#2322,#2323,#980,.T.);
#2888=EDGE_CURVE('',#2324,#2322,#981,.T.);
#2889=EDGE_CURVE('',#2325,#2324,#203,.T.);
#2890=EDGE_CURVE('',#2326,#2325,#204,.T.);
#2891=EDGE_CURVE('',#2327,#2326,#982,.T.);
#2892=EDGE_CURVE('',#2328,#2327,#205,.T.);
#2893=EDGE_CURVE('',#2329,#2328,#206,.T.);
#2894=EDGE_CURVE('',#2330,#2329,#983,.T.);
#2895=EDGE_CURVE('',#2323,#2330,#984,.T.);
#2896=EDGE_CURVE('',#2195,#2322,#985,.T.);
#2897=EDGE_CURVE('',#2196,#2323,#986,.T.);
#2898=EDGE_CURVE('',#2197,#2330,#987,.T.);
#2899=EDGE_CURVE('',#2198,#2329,#988,.T.);
#2900=EDGE_CURVE('',#2199,#2328,#989,.T.);
#2901=EDGE_CURVE('',#2200,#2327,#990,.T.);
#2902=EDGE_CURVE('',#2201,#2326,#991,.T.);
#2903=EDGE_CURVE('',#2202,#2325,#992,.T.);
#2904=EDGE_CURVE('',#2194,#2324,#993,.T.);
#2905=EDGE_CURVE('',#2331,#2332,#994,.T.);
#2906=EDGE_CURVE('',#2333,#2331,#995,.T.);
#2907=EDGE_CURVE('',#2334,#2333,#996,.T.);
#2908=EDGE_CURVE('',#2335,#2334,#997,.T.);
#2909=EDGE_CURVE('',#2336,#2335,#998,.T.);
#2910=EDGE_CURVE('',#2337,#2336,#999,.T.);
#2911=EDGE_CURVE('',#2338,#2337,#1000,.T.);
#2912=EDGE_CURVE('',#2339,#2338,#1001,.T.);
#2913=EDGE_CURVE('',#2340,#2339,#1002,.T.);
#2914=EDGE_CURVE('',#2341,#2340,#1003,.T.);
#2915=EDGE_CURVE('',#2332,#2341,#1004,.T.);
#2916=EDGE_CURVE('',#2342,#2343,#1005,.T.);
#2917=EDGE_CURVE('',#2344,#2342,#1006,.T.);
#2918=EDGE_CURVE('',#2343,#2344,#1007,.T.);
#2919=EDGE_CURVE('',#2204,#2331,#1008,.T.);
#2920=EDGE_CURVE('',#2205,#2332,#1009,.T.);
#2921=EDGE_CURVE('',#2206,#2341,#1010,.T.);
#2922=EDGE_CURVE('',#2207,#2340,#1011,.T.);
#2923=EDGE_CURVE('',#2208,#2339,#1012,.T.);
#2924=EDGE_CURVE('',#2209,#2338,#1013,.T.);
#2925=EDGE_CURVE('',#2210,#2337,#1014,.T.);
#2926=EDGE_CURVE('',#2211,#2336,#1015,.T.);
#2927=EDGE_CURVE('',#2212,#2335,#1016,.T.);
#2928=EDGE_CURVE('',#2213,#2334,#1017,.T.);
#2929=EDGE_CURVE('',#2203,#2333,#1018,.T.);
#2930=EDGE_CURVE('',#2285,#2342,#1019,.T.);
#2931=EDGE_CURVE('',#2286,#2343,#1020,.T.);
#2932=EDGE_CURVE('',#2284,#2344,#1021,.T.);
#2933=EDGE_CURVE('',#2345,#2346,#1022,.T.);
#2934=EDGE_CURVE('',#2347,#2345,#1023,.T.);
#2935=EDGE_CURVE('',#2348,#2347,#1024,.T.);
#2936=EDGE_CURVE('',#2349,#2348,#207,.T.);
#2937=EDGE_CURVE('',#2350,#2349,#208,.T.);
#2938=EDGE_CURVE('',#2351,#2350,#209,.T.);
#2939=EDGE_CURVE('',#2352,#2351,#210,.T.);
#2940=EDGE_CURVE('',#2353,#2352,#211,.T.);
#2941=EDGE_CURVE('',#2354,#2353,#212,.T.);
#2942=EDGE_CURVE('',#2355,#2354,#1025,.T.);
#2943=EDGE_CURVE('',#2346,#2355,#1026,.T.);
#2944=EDGE_CURVE('',#2356,#2357,#1027,.T.);
#2945=EDGE_CURVE('',#2358,#2356,#1028,.T.);
#2946=EDGE_CURVE('',#2359,#2358,#213,.T.);
#2947=EDGE_CURVE('',#2360,#2359,#214,.T.);
#2948=EDGE_CURVE('',#2361,#2360,#215,.T.);
#2949=EDGE_CURVE('',#2362,#2361,#216,.T.);
#2950=EDGE_CURVE('',#2363,#2362,#217,.T.);
#2951=EDGE_CURVE('',#2357,#2363,#1029,.T.);
#2952=EDGE_CURVE('',#2215,#2345,#1030,.T.);
#2953=EDGE_CURVE('',#2216,#2346,#1031,.T.);
#2954=EDGE_CURVE('',#2217,#2355,#1032,.T.);
#2955=EDGE_CURVE('',#2218,#2354,#1033,.T.);
#2956=EDGE_CURVE('',#2219,#2353,#1034,.T.);
#2957=EDGE_CURVE('',#2220,#2352,#1035,.T.);
#2958=EDGE_CURVE('',#2221,#2351,#1036,.T.);
#2959=EDGE_CURVE('',#2222,#2350,#1037,.T.);
#2960=EDGE_CURVE('',#2223,#2349,#1038,.T.);
#2961=EDGE_CURVE('',#2224,#2348,#1039,.T.);
#2962=EDGE_CURVE('',#2214,#2347,#1040,.T.);
#2963=EDGE_CURVE('',#2277,#2356,#1041,.T.);
#2964=EDGE_CURVE('',#2278,#2357,#1042,.T.);
#2965=EDGE_CURVE('',#2279,#2363,#1043,.T.);
#2966=EDGE_CURVE('',#2280,#2362,#1044,.T.);
#2967=EDGE_CURVE('',#2281,#2361,#1045,.T.);
#2968=EDGE_CURVE('',#2282,#2360,#1046,.T.);
#2969=EDGE_CURVE('',#2283,#2359,#1047,.T.);
#2970=EDGE_CURVE('',#2276,#2358,#1048,.T.);
#2971=EDGE_CURVE('',#2364,#2365,#1049,.T.);
#2972=EDGE_CURVE('',#2366,#2364,#1050,.T.);
#2973=EDGE_CURVE('',#2367,#2366,#218,.T.);
#2974=EDGE_CURVE('',#2368,#2367,#219,.T.);
#2975=EDGE_CURVE('',#2369,#2368,#220,.T.);
#2976=EDGE_CURVE('',#2370,#2369,#221,.T.);
#2977=EDGE_CURVE('',#2371,#2370,#222,.T.);
#2978=EDGE_CURVE('',#2372,#2371,#223,.T.);
#2979=EDGE_CURVE('',#2373,#2372,#224,.T.);
#2980=EDGE_CURVE('',#2374,#2373,#225,.T.);
#2981=EDGE_CURVE('',#2375,#2374,#226,.T.);
#2982=EDGE_CURVE('',#2376,#2375,#227,.T.);
#2983=EDGE_CURVE('',#2377,#2376,#228,.T.);
#2984=EDGE_CURVE('',#2378,#2377,#229,.T.);
#2985=EDGE_CURVE('',#2379,#2378,#1051,.T.);
#2986=EDGE_CURVE('',#2380,#2379,#230,.T.);
#2987=EDGE_CURVE('',#2381,#2380,#231,.T.);
#2988=EDGE_CURVE('',#2382,#2381,#232,.T.);
#2989=EDGE_CURVE('',#2383,#2382,#233,.T.);
#2990=EDGE_CURVE('',#2384,#2383,#234,.T.);
#2991=EDGE_CURVE('',#2385,#2384,#235,.T.);
#2992=EDGE_CURVE('',#2386,#2385,#236,.T.);
#2993=EDGE_CURVE('',#2387,#2386,#237,.T.);
#2994=EDGE_CURVE('',#2388,#2387,#238,.T.);
#2995=EDGE_CURVE('',#2389,#2388,#239,.T.);
#2996=EDGE_CURVE('',#2390,#2389,#240,.T.);
#2997=EDGE_CURVE('',#2391,#2390,#1052,.T.);
#2998=EDGE_CURVE('',#2392,#2391,#1053,.T.);
#2999=EDGE_CURVE('',#2365,#2392,#1054,.T.);
#3000=EDGE_CURVE('',#2226,#2364,#1055,.T.);
#3001=EDGE_CURVE('',#2227,#2365,#1056,.T.);
#3002=EDGE_CURVE('',#2228,#2392,#1057,.T.);
#3003=EDGE_CURVE('',#2229,#2391,#1058,.T.);
#3004=EDGE_CURVE('',#2230,#2390,#1059,.T.);
#3005=EDGE_CURVE('',#2231,#2389,#1060,.T.);
#3006=EDGE_CURVE('',#2232,#2388,#1061,.T.);
#3007=EDGE_CURVE('',#2233,#2387,#1062,.T.);
#3008=EDGE_CURVE('',#2234,#2386,#1063,.T.);
#3009=EDGE_CURVE('',#2235,#2385,#1064,.T.);
#3010=EDGE_CURVE('',#2236,#2384,#1065,.T.);
#3011=EDGE_CURVE('',#2237,#2383,#1066,.T.);
#3012=EDGE_CURVE('',#2238,#2382,#1067,.T.);
#3013=EDGE_CURVE('',#2239,#2381,#1068,.T.);
#3014=EDGE_CURVE('',#2240,#2380,#1069,.T.);
#3015=EDGE_CURVE('',#2241,#2379,#1070,.T.);
#3016=EDGE_CURVE('',#2242,#2378,#1071,.T.);
#3017=EDGE_CURVE('',#2243,#2377,#1072,.T.);
#3018=EDGE_CURVE('',#2244,#2376,#1073,.T.);
#3019=EDGE_CURVE('',#2245,#2375,#1074,.T.);
#3020=EDGE_CURVE('',#2246,#2374,#1075,.T.);
#3021=EDGE_CURVE('',#2247,#2373,#1076,.T.);
#3022=EDGE_CURVE('',#2248,#2372,#1077,.T.);
#3023=EDGE_CURVE('',#2249,#2371,#1078,.T.);
#3024=EDGE_CURVE('',#2250,#2370,#1079,.T.);
#3025=EDGE_CURVE('',#2251,#2369,#1080,.T.);
#3026=EDGE_CURVE('',#2252,#2368,#1081,.T.);
#3027=EDGE_CURVE('',#2253,#2367,#1082,.T.);
#3028=EDGE_CURVE('',#2225,#2366,#1083,.T.);
#3029=EDGE_CURVE('',#2393,#2394,#1084,.T.);
#3030=EDGE_CURVE('',#2395,#2393,#1085,.T.);
#3031=EDGE_CURVE('',#2396,#2395,#1086,.T.);
#3032=EDGE_CURVE('',#2396,#2394,#1087,.T.);
#3033=EDGE_CURVE('',#2397,#2398,#1088,.T.);
#3034=EDGE_CURVE('',#2397,#2399,#1089,.T.);
#3035=EDGE_CURVE('',#2400,#2399,#1090,.T.);
#3036=EDGE_CURVE('',#2400,#2398,#1091,.T.);
#3037=EDGE_CURVE('',#2401,#2395,#1092,.T.);
#3038=EDGE_CURVE('',#2401,#2402,#1093,.T.);
#3039=EDGE_CURVE('',#2402,#2396,#1094,.T.);
#3040=EDGE_CURVE('',#2399,#2403,#1095,.T.);
#3041=EDGE_CURVE('',#2403,#2404,#1096,.T.);
#3042=EDGE_CURVE('',#2400,#2404,#1097,.T.);
#3043=EDGE_CURVE('',#2405,#2398,#1098,.T.);
#3044=EDGE_CURVE('',#2405,#2406,#1099,.T.);
#3045=EDGE_CURVE('',#2397,#2406,#1100,.T.);
#3046=EDGE_CURVE('',#2403,#2407,#1101,.T.);
#3047=EDGE_CURVE('',#2407,#2408,#1102,.T.);
#3048=EDGE_CURVE('',#2409,#2408,#1103,.T.);
#3049=EDGE_CURVE('',#2403,#2409,#1104,.T.);
#3050=EDGE_CURVE('',#2404,#2405,#1105,.T.);
#3051=EDGE_CURVE('',#2410,#2409,#1106,.T.);
#3052=EDGE_CURVE('',#2410,#2411,#1107,.T.);
#3053=EDGE_CURVE('',#2411,#2406,#1108,.T.);
#3054=EDGE_CURVE('',#2412,#2408,#1109,.T.);
#3055=EDGE_CURVE('',#2410,#2412,#1110,.T.);
#3056=EDGE_CURVE('',#2413,#2412,#1111,.T.);
#3057=EDGE_CURVE('',#2413,#2411,#1112,.T.);
#3058=EDGE_CURVE('',#2414,#2415,#1113,.T.);
#3059=EDGE_CURVE('',#2414,#2413,#1114,.T.);
#3060=EDGE_CURVE('',#2416,#2407,#1115,.T.);
#3061=EDGE_CURVE('',#2416,#2415,#1116,.T.);
#3062=EDGE_CURVE('',#2407,#2417,#1117,.T.);
#3063=EDGE_CURVE('',#2417,#2418,#1118,.T.);
#3064=EDGE_CURVE('',#2416,#2418,#1119,.T.);
#3065=EDGE_CURVE('',#2419,#2415,#1120,.T.);
#3066=EDGE_CURVE('',#2419,#2420,#1121,.T.);
#3067=EDGE_CURVE('',#2414,#2420,#1122,.T.);
#3068=EDGE_CURVE('',#2421,#2422,#1123,.T.);
#3069=EDGE_CURVE('',#2421,#2423,#1124,.T.);
#3070=EDGE_CURVE('',#2423,#2424,#1125,.T.);
#3071=EDGE_CURVE('',#2424,#2425,#1126,.T.);
#3072=EDGE_CURVE('',#2426,#2425,#1127,.T.);
#3073=EDGE_CURVE('',#2408,#2426,#1128,.T.);
#3074=EDGE_CURVE('',#2409,#2408,#1129,.T.);
#3075=EDGE_CURVE('',#2427,#2409,#1130,.T.);
#3076=EDGE_CURVE('',#2422,#2427,#1131,.T.);
#3077=EDGE_CURVE('',#2417,#2428,#1132,.T.);
#3078=EDGE_CURVE('',#2428,#2429,#1133,.T.);
#3079=EDGE_CURVE('',#2430,#2429,#1134,.T.);
#3080=EDGE_CURVE('',#2417,#2430,#1135,.T.);
#3081=EDGE_CURVE('',#2431,#2432,#1136,.T.);
#3082=EDGE_CURVE('',#2431,#2433,#1137,.T.);
#3083=EDGE_CURVE('',#2433,#2434,#1138,.T.);
#3084=EDGE_CURVE('',#2434,#2429,#1139,.T.);
#3085=EDGE_CURVE('',#2435,#2428,#1140,.T.);
#3086=EDGE_CURVE('',#2435,#2432,#1141,.T.);
#3087=EDGE_CURVE('',#2418,#2419,#1142,.T.);
#3088=EDGE_CURVE('',#2436,#2430,#1143,.T.);
#3089=EDGE_CURVE('',#2436,#2437,#1144,.T.);
#3090=EDGE_CURVE('',#2437,#2420,#1145,.T.);
#3091=EDGE_CURVE('',#2436,#2434,#1146,.T.);
#3092=EDGE_CURVE('',#2433,#2437,#1147,.T.);
#3093=EDGE_CURVE('',#2429,#2438,#1148,.T.);
#3094=EDGE_CURVE('',#2439,#2438,#1149,.T.);
#3095=EDGE_CURVE('',#2440,#2439,#1150,.T.);
#3096=EDGE_CURVE('',#2429,#2440,#1151,.T.);
#3097=EDGE_CURVE('',#2441,#2430,#1152,.T.);
#3098=EDGE_CURVE('',#2430,#2429,#1153,.T.);
#3099=EDGE_CURVE('',#2442,#2440,#1154,.T.);
#3100=EDGE_CURVE('',#2442,#2441,#1155,.T.);
#3101=EDGE_CURVE('',#2443,#2441,#1156,.T.);
#3102=EDGE_CURVE('',#2444,#2442,#1157,.T.);
#3103=EDGE_CURVE('',#2443,#2444,#1158,.T.);
#3104=EDGE_CURVE('',#2444,#2439,#1159,.T.);
#3105=EDGE_CURVE('',#2438,#2445,#1160,.T.);
#3106=EDGE_CURVE('',#2446,#2445,#1161,.T.);
#3107=EDGE_CURVE('',#2446,#2447,#1162,.T.);
#3108=EDGE_CURVE('',#2426,#2447,#1163,.T.);
#3109=EDGE_CURVE('',#2448,#2425,#1164,.T.);
#3110=EDGE_CURVE('',#2448,#2449,#1165,.T.);
#3111=EDGE_CURVE('',#2421,#2449,#1166,.T.);
#3112=EDGE_CURVE('',#2421,#2450,#1167,.T.);
#3113=EDGE_CURVE('',#2451,#2450,#1168,.T.);
#3114=EDGE_CURVE('',#2451,#2452,#1169,.T.);
#3115=EDGE_CURVE('',#2453,#2452,#1170,.T.);
#3116=EDGE_CURVE('',#2454,#2453,#1171,.T.);
#3117=EDGE_CURVE('',#2454,#2455,#1172,.T.);
#3118=EDGE_CURVE('',#2455,#2456,#1173,.T.);
#3119=EDGE_CURVE('',#2456,#2457,#1174,.T.);
#3120=EDGE_CURVE('',#2458,#2457,#1175,.T.);
#3121=EDGE_CURVE('',#2458,#2459,#1176,.T.);
#3122=EDGE_CURVE('',#2459,#2460,#1177,.T.);
#3123=EDGE_CURVE('',#2460,#2461,#1178,.T.);
#3124=EDGE_CURVE('',#2462,#2461,#1179,.T.);
#3125=EDGE_CURVE('',#2462,#2463,#1180,.T.);
#3126=EDGE_CURVE('',#2463,#2464,#1181,.T.);
#3127=EDGE_CURVE('',#2464,#2465,#1182,.T.);
#3128=EDGE_CURVE('',#2466,#2465,#1183,.T.);
#3129=EDGE_CURVE('',#2466,#2467,#1184,.T.);
#3130=EDGE_CURVE('',#2467,#2468,#1185,.T.);
#3131=EDGE_CURVE('',#2468,#2469,#1186,.T.);
#3132=EDGE_CURVE('',#2470,#2469,#1187,.T.);
#3133=EDGE_CURVE('',#2470,#2471,#1188,.T.);
#3134=EDGE_CURVE('',#2471,#2472,#1189,.T.);
#3135=EDGE_CURVE('',#2472,#2473,#1190,.T.);
#3136=EDGE_CURVE('',#2474,#2473,#1191,.T.);
#3137=EDGE_CURVE('',#2474,#2475,#1192,.T.);
#3138=EDGE_CURVE('',#2475,#2476,#1193,.T.);
#3139=EDGE_CURVE('',#2477,#2476,#1194,.T.);
#3140=EDGE_CURVE('',#2477,#2478,#1195,.T.);
#3141=EDGE_CURVE('',#2479,#2478,#1196,.T.);
#3142=EDGE_CURVE('',#2479,#2480,#1197,.T.);
#3143=EDGE_CURVE('',#2481,#2480,#1198,.T.);
#3144=EDGE_CURVE('',#2481,#2482,#1199,.T.);
#3145=EDGE_CURVE('',#2483,#2482,#1200,.T.);
#3146=EDGE_CURVE('',#2483,#2484,#1201,.T.);
#3147=EDGE_CURVE('',#2438,#2484,#1202,.T.);
#3148=EDGE_CURVE('',#2438,#2485,#1203,.T.);
#3149=EDGE_CURVE('',#2485,#2486,#1204,.T.);
#3150=EDGE_CURVE('',#2486,#2487,#1205,.T.);
#3151=EDGE_CURVE('',#2487,#2481,#1206,.T.);
#3152=EDGE_CURVE('',#2481,#2488,#1207,.T.);
#3153=EDGE_CURVE('',#2488,#2489,#1208,.T.);
#3154=EDGE_CURVE('',#2489,#2490,#1209,.T.);
#3155=EDGE_CURVE('',#2490,#2477,#1210,.T.);
#3156=EDGE_CURVE('',#2477,#2491,#1211,.T.);
#3157=EDGE_CURVE('',#2491,#2492,#1212,.T.);
#3158=EDGE_CURVE('',#2493,#2492,#1213,.T.);
#3159=EDGE_CURVE('',#2493,#2494,#1214,.T.);
#3160=EDGE_CURVE('',#2494,#2495,#1215,.T.);
#3161=EDGE_CURVE('',#2495,#2496,#1216,.T.);
#3162=EDGE_CURVE('',#2496,#2497,#1217,.T.);
#3163=EDGE_CURVE('',#2497,#2421,#1218,.T.);
#3164=EDGE_CURVE('',#2422,#2498,#1219,.T.);
#3165=EDGE_CURVE('',#2498,#2499,#1220,.T.);
#3166=EDGE_CURVE('',#2499,#2426,#1221,.T.);
#3167=EDGE_CURVE('',#2426,#2443,#1222,.T.);
#3168=EDGE_CURVE('',#2428,#2500,#1223,.T.);
#3169=EDGE_CURVE('',#2500,#2501,#1224,.T.);
#3170=EDGE_CURVE('',#2435,#2501,#1225,.T.);
#3171=EDGE_CURVE('',#2502,#2503,#1226,.T.);
#3172=EDGE_CURVE('',#2504,#2503,#1227,.T.);
#3173=EDGE_CURVE('',#2505,#2504,#1228,.T.);
#3174=EDGE_CURVE('',#2502,#2505,#1229,.T.);
#3175=EDGE_CURVE('',#2393,#2506,#1230,.T.);
#3176=EDGE_CURVE('',#2401,#2506,#1231,.T.);
#3177=EDGE_CURVE('',#2501,#2507,#1232,.T.);
#3178=EDGE_CURVE('',#2507,#2432,#1233,.T.);
#3179=EDGE_CURVE('',#2508,#2509,#1234,.T.);
#3180=EDGE_CURVE('',#2508,#2510,#1235,.T.);
#3181=EDGE_CURVE('',#2510,#2511,#1236,.T.);
#3182=EDGE_CURVE('',#2511,#2509,#1237,.T.);
#3183=EDGE_CURVE('',#2512,#2513,#1238,.T.);
#3184=EDGE_CURVE('',#2513,#2514,#1239,.T.);
#3185=EDGE_CURVE('',#2514,#2515,#1240,.T.);
#3186=EDGE_CURVE('',#2512,#2515,#1241,.T.);
#3187=EDGE_CURVE('',#2516,#2394,#1242,.T.);
#3188=EDGE_CURVE('',#2506,#2516,#1243,.T.);
#3189=EDGE_CURVE('',#2500,#2517,#1244,.T.);
#3190=EDGE_CURVE('',#2517,#2518,#1245,.T.);
#3191=EDGE_CURVE('',#2519,#2518,#1246,.T.);
#3192=EDGE_CURVE('',#2500,#2519,#1247,.T.);
#3193=EDGE_CURVE('',#2507,#2520,#1248,.T.);
#3194=EDGE_CURVE('',#2521,#2519,#1249,.T.);
#3195=EDGE_CURVE('',#2521,#2522,#1250,.T.);
#3196=EDGE_CURVE('',#2522,#2520,#1251,.T.);
#3197=EDGE_CURVE('',#2523,#2518,#1252,.T.);
#3198=EDGE_CURVE('',#2521,#2523,#1253,.T.);
#3199=EDGE_CURVE('',#2524,#2523,#1254,.T.);
#3200=EDGE_CURVE('',#2524,#2522,#1255,.T.);
#3201=EDGE_CURVE('',#2525,#2515,#1256,.T.);
#3202=EDGE_CURVE('',#2525,#2524,#1257,.T.);
#3203=EDGE_CURVE('',#2512,#2517,#1258,.T.);
#3204=EDGE_CURVE('',#2517,#2526,#1259,.T.);
#3205=EDGE_CURVE('',#2526,#2513,#1260,.T.);
#3206=EDGE_CURVE('',#2438,#2527,#1261,.T.);
#3207=EDGE_CURVE('',#2527,#2528,#1262,.T.);
#3208=EDGE_CURVE('',#2528,#2482,#1263,.T.);
#3209=EDGE_CURVE('',#2518,#2481,#1264,.T.);
#3210=EDGE_CURVE('',#2519,#2518,#1265,.T.);
#3211=EDGE_CURVE('',#2529,#2519,#1266,.T.);
#3212=EDGE_CURVE('',#2485,#2529,#1267,.T.);
#3213=EDGE_CURVE('',#2431,#2520,#1268,.T.);
#3214=EDGE_CURVE('',#2514,#2530,#1269,.T.);
#3215=EDGE_CURVE('',#2530,#2531,#1270,.T.);
#3216=EDGE_CURVE('',#2531,#2509,#1271,.T.);
#3217=EDGE_CURVE('',#2532,#2511,#1272,.T.);
#3218=EDGE_CURVE('',#2525,#2532,#1273,.T.);
#3219=EDGE_CURVE('',#2533,#2531,#1274,.T.);
#3220=EDGE_CURVE('',#2533,#2534,#1275,.T.);
#3221=EDGE_CURVE('',#2534,#2535,#1276,.T.);
#3222=EDGE_CURVE('',#2536,#2535,#1277,.T.);
#3223=EDGE_CURVE('',#2508,#2536,#1278,.T.);
#3224=EDGE_CURVE('',#2526,#2537,#1279,.T.);
#3225=EDGE_CURVE('',#2538,#2537,#1280,.T.);
#3226=EDGE_CURVE('',#2538,#2539,#1281,.T.);
#3227=EDGE_CURVE('',#2539,#2530,#1282,.T.);
#3228=EDGE_CURVE('',#2537,#2535,#1283,.T.);
#3229=EDGE_CURVE('',#2538,#2534,#1284,.T.);
#3230=EDGE_CURVE('',#2533,#2539,#1285,.T.);
#3231=EDGE_CURVE('',#2526,#2536,#1286,.T.);
#3232=EDGE_CURVE('',#2481,#2540,#1287,.T.);
#3233=EDGE_CURVE('',#2540,#2541,#1288,.T.);
#3234=EDGE_CURVE('',#2541,#2478,#1289,.T.);
#3235=EDGE_CURVE('',#2535,#2477,#1290,.T.);
#3236=EDGE_CURVE('',#2537,#2535,#1291,.T.);
#3237=EDGE_CURVE('',#2542,#2537,#1292,.T.);
#3238=EDGE_CURVE('',#2488,#2542,#1293,.T.);
#3239=EDGE_CURVE('',#2536,#2543,#1294,.T.);
#3240=EDGE_CURVE('',#2543,#2510,#1295,.T.);
#3241=EDGE_CURVE('',#2544,#2462,#1296,.T.);
#3242=EDGE_CURVE('',#2545,#2544,#1297,.T.);
#3243=EDGE_CURVE('',#2463,#2545,#1298,.T.);
#3244=EDGE_CURVE('',#2465,#2546,#1299,.T.);
#3245=EDGE_CURVE('',#2547,#2464,#1300,.T.);
#3246=EDGE_CURVE('',#2546,#2547,#1301,.T.);
#3247=EDGE_CURVE('',#2547,#2545,#1302,.T.);
#3248=EDGE_CURVE('',#2546,#2544,#1303,.T.);
#3249=EDGE_CURVE('',#2548,#2454,#1304,.T.);
#3250=EDGE_CURVE('',#2549,#2548,#1305,.T.);
#3251=EDGE_CURVE('',#2455,#2549,#1306,.T.);
#3252=EDGE_CURVE('',#2457,#2550,#1307,.T.);
#3253=EDGE_CURVE('',#2551,#2456,#1308,.T.);
#3254=EDGE_CURVE('',#2550,#2551,#1309,.T.);
#3255=EDGE_CURVE('',#2551,#2549,#1310,.T.);
#3256=EDGE_CURVE('',#2550,#2548,#1311,.T.);
#3257=EDGE_CURVE('',#2459,#2552,#1312,.T.);
#3258=EDGE_CURVE('',#2553,#2552,#1313,.T.);
#3259=EDGE_CURVE('',#2553,#2460,#1314,.T.);
#3260=EDGE_CURVE('',#2554,#2553,#1315,.T.);
#3261=EDGE_CURVE('',#2552,#2555,#1316,.T.);
#3262=EDGE_CURVE('',#2554,#2555,#1317,.T.);
#3263=EDGE_CURVE('',#2461,#2554,#1318,.T.);
#3264=EDGE_CURVE('',#2555,#2458,#1319,.T.);
#3265=EDGE_CURVE('',#2556,#2466,#1320,.T.);
#3266=EDGE_CURVE('',#2557,#2556,#1321,.T.);
#3267=EDGE_CURVE('',#2467,#2557,#1322,.T.);
#3268=EDGE_CURVE('',#2469,#2558,#1323,.T.);
#3269=EDGE_CURVE('',#2559,#2468,#1324,.T.);
#3270=EDGE_CURVE('',#2558,#2559,#1325,.T.);
#3271=EDGE_CURVE('',#2559,#2557,#1326,.T.);
#3272=EDGE_CURVE('',#2558,#2556,#1327,.T.);
#3273=EDGE_CURVE('',#2560,#2470,#1328,.T.);
#3274=EDGE_CURVE('',#2561,#2560,#1329,.T.);
#3275=EDGE_CURVE('',#2471,#2561,#1330,.T.);
#3276=EDGE_CURVE('',#2473,#2562,#1331,.T.);
#3277=EDGE_CURVE('',#2563,#2472,#1332,.T.);
#3278=EDGE_CURVE('',#2562,#2563,#1333,.T.);
#3279=EDGE_CURVE('',#2561,#2563,#1334,.T.);
#3280=EDGE_CURVE('',#2562,#2560,#1335,.T.);
#3281=EDGE_CURVE('',#2564,#2490,#1336,.T.);
#3282=EDGE_CURVE('',#2535,#2564,#1337,.T.);
#3283=EDGE_CURVE('',#2565,#2542,#1338,.T.);
#3284=EDGE_CURVE('',#2489,#2565,#1339,.T.);
#3285=EDGE_CURVE('',#2565,#2564,#1340,.T.);
#3286=EDGE_CURVE('',#2566,#2487,#1341,.T.);
#3287=EDGE_CURVE('',#2518,#2566,#1342,.T.);
#3288=EDGE_CURVE('',#2567,#2529,#1343,.T.);
#3289=EDGE_CURVE('',#2486,#2567,#1344,.T.);
#3290=EDGE_CURVE('',#2567,#2566,#1345,.T.);
#3291=EDGE_CURVE('',#2568,#2499,#1346,.T.);
#3292=EDGE_CURVE('',#2408,#2568,#1347,.T.);
#3293=EDGE_CURVE('',#2569,#2427,#1348,.T.);
#3294=EDGE_CURVE('',#2498,#2569,#1349,.T.);
#3295=EDGE_CURVE('',#2569,#2568,#1350,.T.);
#3296=EDGE_CURVE('',#2570,#2421,#1351,.T.);
#3297=EDGE_CURVE('',#2571,#2497,#1352,.T.);
#3298=EDGE_CURVE('',#2570,#2571,#1353,.T.);
#3299=EDGE_CURVE('',#2572,#2570,#1354,.T.);
#3300=EDGE_CURVE('',#2573,#2571,#1355,.T.);
#3301=EDGE_CURVE('',#2573,#2572,#1356,.T.);
#3302=EDGE_CURVE('',#2495,#2572,#1357,.T.);
#3303=EDGE_CURVE('',#2496,#2573,#1358,.T.);
#3304=EDGE_CURVE('',#2574,#2449,#1359,.T.);
#3305=EDGE_CURVE('',#2575,#2574,#1360,.T.);
#3306=EDGE_CURVE('',#2423,#2575,#1361,.T.);
#3307=EDGE_CURVE('',#2576,#2450,#1362,.T.);
#3308=EDGE_CURVE('',#2577,#2576,#1363,.T.);
#3309=EDGE_CURVE('',#2577,#2578,#1364,.T.);
#3310=EDGE_CURVE('',#2451,#2578,#1365,.T.);
#3311=EDGE_CURVE('',#2576,#2423,#1366,.T.);
#3312=EDGE_CURVE('',#2575,#2577,#1367,.T.);
#3313=EDGE_CURVE('',#2494,#2579,#1368,.T.);
#3314=EDGE_CURVE('',#2579,#2576,#1369,.T.);
#3315=EDGE_CURVE('',#2448,#2580,#1370,.T.);
#3316=EDGE_CURVE('',#2580,#2574,#1371,.T.);
#3317=EDGE_CURVE('',#2424,#2581,#1372,.T.);
#3318=EDGE_CURVE('',#2581,#2580,#1373,.T.);
#3319=EDGE_CURVE('',#2424,#2582,#1374,.T.);
#3320=EDGE_CURVE('',#2583,#2582,#1375,.T.);
#3321=EDGE_CURVE('',#2581,#2583,#1376,.T.);
#3322=EDGE_CURVE('',#2584,#2447,#1377,.T.);
#3323=EDGE_CURVE('',#2583,#2584,#1378,.T.);
#3324=EDGE_CURVE('',#2426,#2582,#1379,.T.);
#3325=EDGE_CURVE('',#2578,#2585,#1380,.T.);
#3326=EDGE_CURVE('',#2585,#2452,#1381,.T.);
#3327=EDGE_CURVE('',#2586,#2445,#1382,.T.);
#3328=EDGE_CURVE('',#2586,#2587,#1383,.T.);
#3329=EDGE_CURVE('',#2587,#2588,#1384,.T.);
#3330=EDGE_CURVE('',#2446,#2588,#1385,.T.);
#3331=EDGE_CURVE('',#2586,#2527,#1386,.T.);
#3332=EDGE_CURVE('',#2589,#2527,#1387,.T.);
#3333=EDGE_CURVE('',#2587,#2589,#1388,.T.);
#3334=EDGE_CURVE('',#2590,#2484,#1389,.T.);
#3335=EDGE_CURVE('',#2589,#2590,#1390,.T.);
#3336=EDGE_CURVE('',#2582,#2586,#1391,.T.);
#3337=EDGE_CURVE('',#2588,#2584,#1392,.T.);
#3338=EDGE_CURVE('',#2528,#2591,#1393,.T.);
#3339=EDGE_CURVE('',#2591,#2592,#1394,.T.);
#3340=EDGE_CURVE('',#2483,#2592,#1395,.T.);
#3341=EDGE_CURVE('',#2528,#2540,#1396,.T.);
#3342=EDGE_CURVE('',#2593,#2540,#1397,.T.);
#3343=EDGE_CURVE('',#2591,#2593,#1398,.T.);
#3344=EDGE_CURVE('',#2594,#2480,#1399,.T.);
#3345=EDGE_CURVE('',#2593,#2594,#1400,.T.);
#3346=EDGE_CURVE('',#2592,#2590,#1401,.T.);
#3347=EDGE_CURVE('',#2541,#2595,#1402,.T.);
#3348=EDGE_CURVE('',#2595,#2596,#1403,.T.);
#3349=EDGE_CURVE('',#2479,#2596,#1404,.T.);
#3350=EDGE_CURVE('',#2541,#2597,#1405,.T.);
#3351=EDGE_CURVE('',#2598,#2597,#1406,.T.);
#3352=EDGE_CURVE('',#2595,#2598,#1407,.T.);
#3353=EDGE_CURVE('',#2599,#2476,#1408,.T.);
#3354=EDGE_CURVE('',#2598,#2599,#1409,.T.);
#3355=EDGE_CURVE('',#2477,#2597,#1410,.T.);
#3356=EDGE_CURVE('',#2596,#2594,#1411,.T.);
#3357=EDGE_CURVE('',#2600,#2601,#1412,.T.);
#3358=EDGE_CURVE('',#2543,#2600,#1413,.T.);
#3359=EDGE_CURVE('',#2491,#2543,#1414,.T.);
#3360=EDGE_CURVE('',#2601,#2491,#1415,.T.);
#3361=EDGE_CURVE('',#2543,#2602,#1416,.T.);
#3362=EDGE_CURVE('',#2492,#2602,#1417,.T.);
#3363=EDGE_CURVE('',#2543,#2603,#1418,.T.);
#3364=EDGE_CURVE('',#2475,#2603,#1419,.T.);
#3365=EDGE_CURVE('',#2604,#2474,#1420,.T.);
#3366=EDGE_CURVE('',#2604,#2532,#1421,.T.);
#3367=EDGE_CURVE('',#2475,#2491,#1422,.T.);
#3368=EDGE_CURVE('',#2605,#2491,#1423,.T.);
#3369=EDGE_CURVE('',#2606,#2605,#1424,.T.);
#3370=EDGE_CURVE('',#2606,#2475,#1425,.T.);
#3371=EDGE_CURVE('',#2402,#2494,#1426,.T.);
#3372=EDGE_CURVE('',#2607,#2402,#1427,.T.);
#3373=EDGE_CURVE('',#2608,#2607,#1428,.T.);
#3374=EDGE_CURVE('',#2494,#2608,#1429,.T.);
#3375=EDGE_CURVE('',#2609,#2402,#1430,.T.);
#3376=EDGE_CURVE('',#2516,#2610,#1431,.T.);
#3377=EDGE_CURVE('',#2453,#2610,#1432,.T.);
#3378=EDGE_CURVE('',#2609,#2452,#1433,.T.);
#3379=EDGE_CURVE('',#2494,#2452,#1434,.T.);
#3380=EDGE_CURVE('',#2579,#2585,#1435,.T.);
#3381=EDGE_CURVE('',#2611,#2502,#1436,.T.);
#3382=EDGE_CURVE('',#2612,#2611,#1437,.T.);
#3383=EDGE_CURVE('',#2503,#2612,#1438,.T.);
#3384=EDGE_CURVE('',#2613,#2608,#1439,.T.);
#3385=EDGE_CURVE('',#2607,#2614,#1440,.T.);
#3386=EDGE_CURVE('',#2613,#2614,#1441,.T.);
#3387=EDGE_CURVE('',#2452,#2613,#1442,.T.);
#3388=EDGE_CURVE('',#2601,#2615,#1443,.T.);
#3389=EDGE_CURVE('',#2615,#2475,#1444,.T.);
#3390=EDGE_CURVE('',#2614,#2609,#1445,.T.);
#3391=EDGE_CURVE('',#2606,#2599,#1446,.T.);
#3392=EDGE_CURVE('',#2616,#2600,#1447,.T.);
#3393=EDGE_CURVE('',#2603,#2616,#1448,.T.);
#3394=EDGE_CURVE('',#2402,#2617,#1449,.T.);
#3395=EDGE_CURVE('',#2602,#2617,#1450,.T.);
#3396=EDGE_CURVE('',#2610,#2604,#1451,.T.);
#3397=EDGE_CURVE('',#2618,#2612,#1452,.T.);
#3398=EDGE_CURVE('',#2504,#2618,#1453,.T.);
#3399=EDGE_CURVE('',#2493,#2617,#1454,.T.);
#3400=EDGE_CURVE('',#2597,#2605,#1455,.T.);
#3401=EDGE_CURVE('',#2619,#2505,#1456,.T.);
#3402=EDGE_CURVE('',#2619,#2611,#1457,.T.);
#3403=EDGE_CURVE('',#2616,#2615,#1458,.T.);
#3404=EDGE_CURVE('',#2618,#2619,#1459,.T.);
#3405=EDGE_CURVE('',#2620,#2621,#1460,.T.);
#3406=EDGE_CURVE('',#2621,#2622,#1461,.T.);
#3407=EDGE_CURVE('',#2622,#2623,#1462,.T.);
#3408=EDGE_CURVE('',#2623,#2620,#1463,.T.);
#3409=EDGE_CURVE('',#2624,#2625,#1464,.T.);
#3410=EDGE_CURVE('',#2621,#2624,#1465,.T.);
#3411=EDGE_CURVE('',#2625,#2620,#1466,.T.);
#3412=EDGE_CURVE('',#2623,#2626,#1467,.T.);
#3413=EDGE_CURVE('',#2625,#2626,#1468,.T.);
#3414=EDGE_CURVE('',#2626,#2627,#1469,.T.);
#3415=EDGE_CURVE('',#2627,#2622,#1470,.T.);
#3416=EDGE_CURVE('',#2627,#2624,#1471,.T.);
#3417=EDGE_CURVE('',#2628,#2629,#1472,.T.);
#3418=EDGE_CURVE('',#2629,#2630,#1473,.T.);
#3419=EDGE_CURVE('',#2630,#2631,#1474,.T.);
#3420=EDGE_CURVE('',#2631,#2628,#1475,.T.);
#3421=EDGE_CURVE('',#2632,#2633,#1476,.T.);
#3422=EDGE_CURVE('',#2633,#2634,#1477,.T.);
#3423=EDGE_CURVE('',#2634,#2635,#1478,.T.);
#3424=EDGE_CURVE('',#2635,#2632,#1479,.T.);
#3425=EDGE_CURVE('',#2633,#2628,#1480,.T.);
#3426=EDGE_CURVE('',#2629,#2632,#1481,.T.);
#3427=EDGE_CURVE('',#2635,#2630,#1482,.T.);
#3428=EDGE_CURVE('',#2631,#2634,#1483,.T.);
#3429=ORIENTED_EDGE('',*,*,#2636,.T.);
#3430=ORIENTED_EDGE('',*,*,#2637,.T.);
#3431=ORIENTED_EDGE('',*,*,#2638,.F.);
#3432=ORIENTED_EDGE('',*,*,#2639,.F.);
#3433=ORIENTED_EDGE('',*,*,#2640,.T.);
#3434=ORIENTED_EDGE('',*,*,#2638,.T.);
#3435=ORIENTED_EDGE('',*,*,#2641,.T.);
#3436=ORIENTED_EDGE('',*,*,#2642,.T.);
#3437=ORIENTED_EDGE('',*,*,#2643,.F.);
#3438=ORIENTED_EDGE('',*,*,#2644,.T.);
#3439=ORIENTED_EDGE('',*,*,#2645,.F.);
#3440=ORIENTED_EDGE('',*,*,#2646,.F.);
#3441=ORIENTED_EDGE('',*,*,#2647,.T.);
#3442=ORIENTED_EDGE('',*,*,#2648,.T.);
#3443=ORIENTED_EDGE('',*,*,#2649,.T.);
#3444=ORIENTED_EDGE('',*,*,#2645,.T.);
#3445=ORIENTED_EDGE('',*,*,#2636,.F.);
#3446=ORIENTED_EDGE('',*,*,#2650,.T.);
#3447=ORIENTED_EDGE('',*,*,#2651,.F.);
#3448=ORIENTED_EDGE('',*,*,#2652,.F.);
#3449=ORIENTED_EDGE('',*,*,#2643,.T.);
#3450=ORIENTED_EDGE('',*,*,#2653,.T.);
#3451=ORIENTED_EDGE('',*,*,#2654,.F.);
#3452=ORIENTED_EDGE('',*,*,#2655,.F.);
#3453=ORIENTED_EDGE('',*,*,#2656,.T.);
#3454=ORIENTED_EDGE('',*,*,#2654,.T.);
#3455=ORIENTED_EDGE('',*,*,#2657,.T.);
#3456=ORIENTED_EDGE('',*,*,#2651,.T.);
#3457=ORIENTED_EDGE('',*,*,#2658,.F.);
#3458=ORIENTED_EDGE('',*,*,#2642,.F.);
#3459=ORIENTED_EDGE('',*,*,#2659,.F.);
#3460=ORIENTED_EDGE('',*,*,#2648,.F.);
#3461=ORIENTED_EDGE('',*,*,#2660,.T.);
#3462=ORIENTED_EDGE('',*,*,#2661,.F.);
#3463=ORIENTED_EDGE('',*,*,#2662,.T.);
#3464=ORIENTED_EDGE('',*,*,#2663,.T.);
#3465=ORIENTED_EDGE('',*,*,#2664,.F.);
#3466=ORIENTED_EDGE('',*,*,#2665,.T.);
#3467=ORIENTED_EDGE('',*,*,#2666,.T.);
#3468=ORIENTED_EDGE('',*,*,#2667,.F.);
#3469=ORIENTED_EDGE('',*,*,#2668,.T.);
#3470=ORIENTED_EDGE('',*,*,#2669,.T.);
#3471=ORIENTED_EDGE('',*,*,#2670,.T.);
#3472=ORIENTED_EDGE('',*,*,#2671,.T.);
#3473=ORIENTED_EDGE('',*,*,#2672,.T.);
#3474=ORIENTED_EDGE('',*,*,#2673,.T.);
#3475=ORIENTED_EDGE('',*,*,#2674,.T.);
#3476=ORIENTED_EDGE('',*,*,#2675,.T.);
#3477=ORIENTED_EDGE('',*,*,#2676,.T.);
#3478=ORIENTED_EDGE('',*,*,#2677,.T.);
#3479=ORIENTED_EDGE('',*,*,#2678,.T.);
#3480=ORIENTED_EDGE('',*,*,#2679,.T.);
#3481=ORIENTED_EDGE('',*,*,#2680,.T.);
#3482=ORIENTED_EDGE('',*,*,#2681,.T.);
#3483=ORIENTED_EDGE('',*,*,#2682,.T.);
#3484=ORIENTED_EDGE('',*,*,#2683,.T.);
#3485=ORIENTED_EDGE('',*,*,#2684,.T.);
#3486=ORIENTED_EDGE('',*,*,#2685,.T.);
#3487=ORIENTED_EDGE('',*,*,#2686,.T.);
#3488=ORIENTED_EDGE('',*,*,#2687,.T.);
#3489=ORIENTED_EDGE('',*,*,#2688,.T.);
#3490=ORIENTED_EDGE('',*,*,#2689,.T.);
#3491=ORIENTED_EDGE('',*,*,#2690,.T.);
#3492=ORIENTED_EDGE('',*,*,#2691,.T.);
#3493=ORIENTED_EDGE('',*,*,#2692,.T.);
#3494=ORIENTED_EDGE('',*,*,#2693,.T.);
#3495=ORIENTED_EDGE('',*,*,#2694,.T.);
#3496=ORIENTED_EDGE('',*,*,#2695,.T.);
#3497=ORIENTED_EDGE('',*,*,#2696,.T.);
#3498=ORIENTED_EDGE('',*,*,#2697,.T.);
#3499=ORIENTED_EDGE('',*,*,#2698,.T.);
#3500=ORIENTED_EDGE('',*,*,#2699,.T.);
#3501=ORIENTED_EDGE('',*,*,#2700,.T.);
#3502=ORIENTED_EDGE('',*,*,#2701,.T.);
#3503=ORIENTED_EDGE('',*,*,#2702,.T.);
#3504=ORIENTED_EDGE('',*,*,#2703,.T.);
#3505=ORIENTED_EDGE('',*,*,#2704,.T.);
#3506=ORIENTED_EDGE('',*,*,#2705,.T.);
#3507=ORIENTED_EDGE('',*,*,#2706,.T.);
#3508=ORIENTED_EDGE('',*,*,#2707,.T.);
#3509=ORIENTED_EDGE('',*,*,#2708,.T.);
#3510=ORIENTED_EDGE('',*,*,#2709,.T.);
#3511=ORIENTED_EDGE('',*,*,#2710,.T.);
#3512=ORIENTED_EDGE('',*,*,#2711,.T.);
#3513=ORIENTED_EDGE('',*,*,#2712,.T.);
#3514=ORIENTED_EDGE('',*,*,#2713,.T.);
#3515=ORIENTED_EDGE('',*,*,#2714,.T.);
#3516=ORIENTED_EDGE('',*,*,#2715,.T.);
#3517=ORIENTED_EDGE('',*,*,#2716,.T.);
#3518=ORIENTED_EDGE('',*,*,#2717,.T.);
#3519=ORIENTED_EDGE('',*,*,#2718,.T.);
#3520=ORIENTED_EDGE('',*,*,#2719,.T.);
#3521=ORIENTED_EDGE('',*,*,#2720,.T.);
#3522=ORIENTED_EDGE('',*,*,#2721,.T.);
#3523=ORIENTED_EDGE('',*,*,#2722,.T.);
#3524=ORIENTED_EDGE('',*,*,#2723,.T.);
#3525=ORIENTED_EDGE('',*,*,#2724,.T.);
#3526=ORIENTED_EDGE('',*,*,#2725,.T.);
#3527=ORIENTED_EDGE('',*,*,#2726,.T.);
#3528=ORIENTED_EDGE('',*,*,#2727,.T.);
#3529=ORIENTED_EDGE('',*,*,#2728,.T.);
#3530=ORIENTED_EDGE('',*,*,#2729,.T.);
#3531=ORIENTED_EDGE('',*,*,#2730,.T.);
#3532=ORIENTED_EDGE('',*,*,#2731,.T.);
#3533=ORIENTED_EDGE('',*,*,#2732,.T.);
#3534=ORIENTED_EDGE('',*,*,#2733,.T.);
#3535=ORIENTED_EDGE('',*,*,#2734,.T.);
#3536=ORIENTED_EDGE('',*,*,#2735,.T.);
#3537=ORIENTED_EDGE('',*,*,#2736,.T.);
#3538=ORIENTED_EDGE('',*,*,#2737,.T.);
#3539=ORIENTED_EDGE('',*,*,#2738,.T.);
#3540=ORIENTED_EDGE('',*,*,#2739,.T.);
#3541=ORIENTED_EDGE('',*,*,#2740,.T.);
#3542=ORIENTED_EDGE('',*,*,#2741,.T.);
#3543=ORIENTED_EDGE('',*,*,#2742,.T.);
#3544=ORIENTED_EDGE('',*,*,#2743,.T.);
#3545=ORIENTED_EDGE('',*,*,#2744,.T.);
#3546=ORIENTED_EDGE('',*,*,#2745,.T.);
#3547=ORIENTED_EDGE('',*,*,#2746,.T.);
#3548=ORIENTED_EDGE('',*,*,#2747,.T.);
#3549=ORIENTED_EDGE('',*,*,#2748,.T.);
#3550=ORIENTED_EDGE('',*,*,#2749,.T.);
#3551=ORIENTED_EDGE('',*,*,#2750,.T.);
#3552=ORIENTED_EDGE('',*,*,#2751,.T.);
#3553=ORIENTED_EDGE('',*,*,#2752,.T.);
#3554=ORIENTED_EDGE('',*,*,#2753,.T.);
#3555=ORIENTED_EDGE('',*,*,#2754,.T.);
#3556=ORIENTED_EDGE('',*,*,#2755,.T.);
#3557=ORIENTED_EDGE('',*,*,#2756,.T.);
#3558=ORIENTED_EDGE('',*,*,#2757,.T.);
#3559=ORIENTED_EDGE('',*,*,#2758,.T.);
#3560=ORIENTED_EDGE('',*,*,#2759,.T.);
#3561=ORIENTED_EDGE('',*,*,#2760,.T.);
#3562=ORIENTED_EDGE('',*,*,#2761,.T.);
#3563=ORIENTED_EDGE('',*,*,#2762,.T.);
#3564=ORIENTED_EDGE('',*,*,#2763,.T.);
#3565=ORIENTED_EDGE('',*,*,#2764,.T.);
#3566=ORIENTED_EDGE('',*,*,#2765,.T.);
#3567=ORIENTED_EDGE('',*,*,#2766,.T.);
#3568=ORIENTED_EDGE('',*,*,#2767,.T.);
#3569=ORIENTED_EDGE('',*,*,#2768,.T.);
#3570=ORIENTED_EDGE('',*,*,#2769,.F.);
#3571=ORIENTED_EDGE('',*,*,#2770,.F.);
#3572=ORIENTED_EDGE('',*,*,#2771,.F.);
#3573=ORIENTED_EDGE('',*,*,#2772,.F.);
#3574=ORIENTED_EDGE('',*,*,#2773,.F.);
#3575=ORIENTED_EDGE('',*,*,#2772,.T.);
#3576=ORIENTED_EDGE('',*,*,#2774,.T.);
#3577=ORIENTED_EDGE('',*,*,#2672,.F.);
#3578=ORIENTED_EDGE('',*,*,#2774,.F.);
#3579=ORIENTED_EDGE('',*,*,#2771,.T.);
#3580=ORIENTED_EDGE('',*,*,#2775,.T.);
#3581=ORIENTED_EDGE('',*,*,#2673,.F.);
#3582=ORIENTED_EDGE('',*,*,#2776,.T.);
#3583=ORIENTED_EDGE('',*,*,#2769,.T.);
#3584=ORIENTED_EDGE('',*,*,#2773,.T.);
#3585=ORIENTED_EDGE('',*,*,#2671,.F.);
#3586=ORIENTED_EDGE('',*,*,#2775,.F.);
#3587=ORIENTED_EDGE('',*,*,#2770,.T.);
#3588=ORIENTED_EDGE('',*,*,#2776,.F.);
#3589=ORIENTED_EDGE('',*,*,#2670,.F.);
#3590=ORIENTED_EDGE('',*,*,#2777,.T.);
#3591=ORIENTED_EDGE('',*,*,#2666,.F.);
#3592=ORIENTED_EDGE('',*,*,#2778,.T.);
#3593=ORIENTED_EDGE('',*,*,#2779,.F.);
#3594=ORIENTED_EDGE('',*,*,#2780,.T.);
#3595=ORIENTED_EDGE('',*,*,#2781,.F.);
#3596=ORIENTED_EDGE('',*,*,#2778,.F.);
#3597=ORIENTED_EDGE('',*,*,#2665,.F.);
#3598=ORIENTED_EDGE('',*,*,#2782,.T.);
#3599=ORIENTED_EDGE('',*,*,#2783,.F.);
#3600=ORIENTED_EDGE('',*,*,#2784,.F.);
#3601=ORIENTED_EDGE('',*,*,#2785,.F.);
#3602=ORIENTED_EDGE('',*,*,#2786,.F.);
#3603=ORIENTED_EDGE('',*,*,#2787,.F.);
#3604=ORIENTED_EDGE('',*,*,#2788,.F.);
#3605=ORIENTED_EDGE('',*,*,#2789,.F.);
#3606=ORIENTED_EDGE('',*,*,#2790,.F.);
#3607=ORIENTED_EDGE('',*,*,#2791,.F.);
#3608=ORIENTED_EDGE('',*,*,#2669,.F.);
#3609=ORIENTED_EDGE('',*,*,#2792,.F.);
#3610=ORIENTED_EDGE('',*,*,#2793,.F.);
#3611=ORIENTED_EDGE('',*,*,#2782,.F.);
#3612=ORIENTED_EDGE('',*,*,#2794,.T.);
#3613=ORIENTED_EDGE('',*,*,#2660,.F.);
#3614=ORIENTED_EDGE('',*,*,#2791,.T.);
#3615=ORIENTED_EDGE('',*,*,#2795,.F.);
#3616=ORIENTED_EDGE('',*,*,#2796,.T.);
#3617=ORIENTED_EDGE('',*,*,#2797,.F.);
#3618=ORIENTED_EDGE('',*,*,#2798,.T.);
#3619=ORIENTED_EDGE('',*,*,#2662,.F.);
#3620=ORIENTED_EDGE('',*,*,#2658,.T.);
#3621=ORIENTED_EDGE('',*,*,#2647,.F.);
#3622=ORIENTED_EDGE('',*,*,#2644,.F.);
#3623=ORIENTED_EDGE('',*,*,#2655,.T.);
#3624=ORIENTED_EDGE('',*,*,#2656,.F.);
#3625=ORIENTED_EDGE('',*,*,#2650,.F.);
#3626=ORIENTED_EDGE('',*,*,#2639,.T.);
#3627=ORIENTED_EDGE('',*,*,#2640,.F.);
#3628=ORIENTED_EDGE('',*,*,#2799,.T.);
#3629=ORIENTED_EDGE('',*,*,#2779,.T.);
#3630=ORIENTED_EDGE('',*,*,#2781,.T.);
#3631=ORIENTED_EDGE('',*,*,#2800,.T.);
#3632=ORIENTED_EDGE('',*,*,#2801,.T.);
#3633=ORIENTED_EDGE('',*,*,#2797,.T.);
#3634=ORIENTED_EDGE('',*,*,#2802,.T.);
#3635=ORIENTED_EDGE('',*,*,#2795,.T.);
#3636=ORIENTED_EDGE('',*,*,#2790,.T.);
#3637=ORIENTED_EDGE('',*,*,#2789,.T.);
#3638=ORIENTED_EDGE('',*,*,#2788,.T.);
#3639=ORIENTED_EDGE('',*,*,#2787,.T.);
#3640=ORIENTED_EDGE('',*,*,#2786,.T.);
#3641=ORIENTED_EDGE('',*,*,#2785,.T.);
#3642=ORIENTED_EDGE('',*,*,#2784,.T.);
#3643=ORIENTED_EDGE('',*,*,#2783,.T.);
#3644=ORIENTED_EDGE('',*,*,#2793,.T.);
#3645=ORIENTED_EDGE('',*,*,#2803,.T.);
#3646=ORIENTED_EDGE('',*,*,#2804,.T.);
#3647=ORIENTED_EDGE('',*,*,#2663,.F.);
#3648=ORIENTED_EDGE('',*,*,#2798,.F.);
#3649=ORIENTED_EDGE('',*,*,#2801,.F.);
#3650=ORIENTED_EDGE('',*,*,#2802,.F.);
#3651=ORIENTED_EDGE('',*,*,#2796,.F.);
#3652=ORIENTED_EDGE('',*,*,#2661,.T.);
#3653=ORIENTED_EDGE('',*,*,#2794,.F.);
#3654=ORIENTED_EDGE('',*,*,#2800,.F.);
#3655=ORIENTED_EDGE('',*,*,#2780,.F.);
#3656=ORIENTED_EDGE('',*,*,#2664,.T.);
#3657=ORIENTED_EDGE('',*,*,#2804,.F.);
#3658=ORIENTED_EDGE('',*,*,#2659,.T.);
#3659=ORIENTED_EDGE('',*,*,#2641,.F.);
#3660=ORIENTED_EDGE('',*,*,#2637,.F.);
#3661=ORIENTED_EDGE('',*,*,#2652,.T.);
#3662=ORIENTED_EDGE('',*,*,#2657,.F.);
#3663=ORIENTED_EDGE('',*,*,#2653,.F.);
#3664=ORIENTED_EDGE('',*,*,#2646,.T.);
#3665=ORIENTED_EDGE('',*,*,#2649,.F.);
#3666=ORIENTED_EDGE('',*,*,#2805,.T.);
#3667=ORIENTED_EDGE('',*,*,#2803,.F.);
#3668=ORIENTED_EDGE('',*,*,#2792,.T.);
#3669=ORIENTED_EDGE('',*,*,#2668,.F.);
#3670=ORIENTED_EDGE('',*,*,#2799,.F.);
#3671=ORIENTED_EDGE('',*,*,#2805,.F.);
#3672=ORIENTED_EDGE('',*,*,#2667,.T.);
#3673=ORIENTED_EDGE('',*,*,#2777,.F.);
#3674=ORIENTED_EDGE('',*,*,#2806,.T.);
#3675=ORIENTED_EDGE('',*,*,#2807,.T.);
#3676=ORIENTED_EDGE('',*,*,#2808,.T.);
#3677=ORIENTED_EDGE('',*,*,#2809,.T.);
#3678=ORIENTED_EDGE('',*,*,#2810,.T.);
#3679=ORIENTED_EDGE('',*,*,#2811,.T.);
#3680=ORIENTED_EDGE('',*,*,#2812,.T.);
#3681=ORIENTED_EDGE('',*,*,#2813,.T.);
#3682=ORIENTED_EDGE('',*,*,#2814,.T.);
#3683=ORIENTED_EDGE('',*,*,#2815,.T.);
#3684=ORIENTED_EDGE('',*,*,#2816,.T.);
#3685=ORIENTED_EDGE('',*,*,#2817,.F.);
#3686=ORIENTED_EDGE('',*,*,#2818,.F.);
#3687=ORIENTED_EDGE('',*,*,#2819,.F.);
#3688=ORIENTED_EDGE('',*,*,#2820,.F.);
#3689=ORIENTED_EDGE('',*,*,#2821,.F.);
#3690=ORIENTED_EDGE('',*,*,#2822,.F.);
#3691=ORIENTED_EDGE('',*,*,#2823,.F.);
#3692=ORIENTED_EDGE('',*,*,#2824,.F.);
#3693=ORIENTED_EDGE('',*,*,#2825,.F.);
#3694=ORIENTED_EDGE('',*,*,#2826,.F.);
#3695=ORIENTED_EDGE('',*,*,#2827,.F.);
#3696=ORIENTED_EDGE('',*,*,#2828,.F.);
#3697=ORIENTED_EDGE('',*,*,#2829,.F.);
#3698=ORIENTED_EDGE('',*,*,#2830,.F.);
#3699=ORIENTED_EDGE('',*,*,#2831,.F.);
#3700=ORIENTED_EDGE('',*,*,#2832,.F.);
#3701=ORIENTED_EDGE('',*,*,#2833,.F.);
#3702=ORIENTED_EDGE('',*,*,#2834,.F.);
#3703=ORIENTED_EDGE('',*,*,#2835,.F.);
#3704=ORIENTED_EDGE('',*,*,#2836,.F.);
#3705=ORIENTED_EDGE('',*,*,#2837,.F.);
#3706=ORIENTED_EDGE('',*,*,#2838,.F.);
#3707=ORIENTED_EDGE('',*,*,#2839,.F.);
#3708=ORIENTED_EDGE('',*,*,#2840,.F.);
#3709=ORIENTED_EDGE('',*,*,#2841,.F.);
#3710=ORIENTED_EDGE('',*,*,#2842,.F.);
#3711=ORIENTED_EDGE('',*,*,#2843,.F.);
#3712=ORIENTED_EDGE('',*,*,#2844,.F.);
#3713=ORIENTED_EDGE('',*,*,#2845,.F.);
#3714=ORIENTED_EDGE('',*,*,#2846,.F.);
#3715=ORIENTED_EDGE('',*,*,#2847,.F.);
#3716=ORIENTED_EDGE('',*,*,#2848,.F.);
#3717=ORIENTED_EDGE('',*,*,#2849,.F.);
#3718=ORIENTED_EDGE('',*,*,#2850,.F.);
#3719=ORIENTED_EDGE('',*,*,#2851,.F.);
#3720=ORIENTED_EDGE('',*,*,#2675,.F.);
#3721=ORIENTED_EDGE('',*,*,#2852,.T.);
#3722=ORIENTED_EDGE('',*,*,#2817,.T.);
#3723=ORIENTED_EDGE('',*,*,#2853,.F.);
#3724=ORIENTED_EDGE('',*,*,#2676,.F.);
#3725=ORIENTED_EDGE('',*,*,#2853,.T.);
#3726=ORIENTED_EDGE('',*,*,#2851,.T.);
#3727=ORIENTED_EDGE('',*,*,#2854,.F.);
#3728=ORIENTED_EDGE('',*,*,#2677,.F.);
#3729=ORIENTED_EDGE('',*,*,#2854,.T.);
#3730=ORIENTED_EDGE('',*,*,#2850,.T.);
#3731=ORIENTED_EDGE('',*,*,#2855,.F.);
#3732=ORIENTED_EDGE('',*,*,#2678,.F.);
#3733=ORIENTED_EDGE('',*,*,#2855,.T.);
#3734=ORIENTED_EDGE('',*,*,#2849,.T.);
#3735=ORIENTED_EDGE('',*,*,#2856,.F.);
#3736=ORIENTED_EDGE('',*,*,#2679,.F.);
#3737=ORIENTED_EDGE('',*,*,#2856,.T.);
#3738=ORIENTED_EDGE('',*,*,#2848,.T.);
#3739=ORIENTED_EDGE('',*,*,#2857,.F.);
#3740=ORIENTED_EDGE('',*,*,#2680,.F.);
#3741=ORIENTED_EDGE('',*,*,#2857,.T.);
#3742=ORIENTED_EDGE('',*,*,#2847,.T.);
#3743=ORIENTED_EDGE('',*,*,#2858,.F.);
#3744=ORIENTED_EDGE('',*,*,#2681,.F.);
#3745=ORIENTED_EDGE('',*,*,#2858,.T.);
#3746=ORIENTED_EDGE('',*,*,#2846,.T.);
#3747=ORIENTED_EDGE('',*,*,#2859,.F.);
#3748=ORIENTED_EDGE('',*,*,#2682,.F.);
#3749=ORIENTED_EDGE('',*,*,#2859,.T.);
#3750=ORIENTED_EDGE('',*,*,#2845,.T.);
#3751=ORIENTED_EDGE('',*,*,#2860,.F.);
#3752=ORIENTED_EDGE('',*,*,#2683,.F.);
#3753=ORIENTED_EDGE('',*,*,#2860,.T.);
#3754=ORIENTED_EDGE('',*,*,#2844,.T.);
#3755=ORIENTED_EDGE('',*,*,#2861,.F.);
#3756=ORIENTED_EDGE('',*,*,#2684,.F.);
#3757=ORIENTED_EDGE('',*,*,#2861,.T.);
#3758=ORIENTED_EDGE('',*,*,#2843,.T.);
#3759=ORIENTED_EDGE('',*,*,#2862,.F.);
#3760=ORIENTED_EDGE('',*,*,#2685,.F.);
#3761=ORIENTED_EDGE('',*,*,#2862,.T.);
#3762=ORIENTED_EDGE('',*,*,#2842,.T.);
#3763=ORIENTED_EDGE('',*,*,#2863,.F.);
#3764=ORIENTED_EDGE('',*,*,#2686,.F.);
#3765=ORIENTED_EDGE('',*,*,#2863,.T.);
#3766=ORIENTED_EDGE('',*,*,#2841,.T.);
#3767=ORIENTED_EDGE('',*,*,#2864,.F.);
#3768=ORIENTED_EDGE('',*,*,#2687,.F.);
#3769=ORIENTED_EDGE('',*,*,#2864,.T.);
#3770=ORIENTED_EDGE('',*,*,#2840,.T.);
#3771=ORIENTED_EDGE('',*,*,#2865,.F.);
#3772=ORIENTED_EDGE('',*,*,#2688,.F.);
#3773=ORIENTED_EDGE('',*,*,#2865,.T.);
#3774=ORIENTED_EDGE('',*,*,#2839,.T.);
#3775=ORIENTED_EDGE('',*,*,#2866,.F.);
#3776=ORIENTED_EDGE('',*,*,#2689,.F.);
#3777=ORIENTED_EDGE('',*,*,#2866,.T.);
#3778=ORIENTED_EDGE('',*,*,#2838,.T.);
#3779=ORIENTED_EDGE('',*,*,#2867,.F.);
#3780=ORIENTED_EDGE('',*,*,#2690,.F.);
#3781=ORIENTED_EDGE('',*,*,#2867,.T.);
#3782=ORIENTED_EDGE('',*,*,#2837,.T.);
#3783=ORIENTED_EDGE('',*,*,#2868,.F.);
#3784=ORIENTED_EDGE('',*,*,#2691,.F.);
#3785=ORIENTED_EDGE('',*,*,#2868,.T.);
#3786=ORIENTED_EDGE('',*,*,#2836,.T.);
#3787=ORIENTED_EDGE('',*,*,#2869,.F.);
#3788=ORIENTED_EDGE('',*,*,#2692,.F.);
#3789=ORIENTED_EDGE('',*,*,#2869,.T.);
#3790=ORIENTED_EDGE('',*,*,#2835,.T.);
#3791=ORIENTED_EDGE('',*,*,#2870,.F.);
#3792=ORIENTED_EDGE('',*,*,#2693,.F.);
#3793=ORIENTED_EDGE('',*,*,#2870,.T.);
#3794=ORIENTED_EDGE('',*,*,#2834,.T.);
#3795=ORIENTED_EDGE('',*,*,#2871,.F.);
#3796=ORIENTED_EDGE('',*,*,#2694,.F.);
#3797=ORIENTED_EDGE('',*,*,#2871,.T.);
#3798=ORIENTED_EDGE('',*,*,#2833,.T.);
#3799=ORIENTED_EDGE('',*,*,#2872,.F.);
#3800=ORIENTED_EDGE('',*,*,#2695,.F.);
#3801=ORIENTED_EDGE('',*,*,#2872,.T.);
#3802=ORIENTED_EDGE('',*,*,#2832,.T.);
#3803=ORIENTED_EDGE('',*,*,#2873,.F.);
#3804=ORIENTED_EDGE('',*,*,#2696,.F.);
#3805=ORIENTED_EDGE('',*,*,#2873,.T.);
#3806=ORIENTED_EDGE('',*,*,#2831,.T.);
#3807=ORIENTED_EDGE('',*,*,#2874,.F.);
#3808=ORIENTED_EDGE('',*,*,#2697,.F.);
#3809=ORIENTED_EDGE('',*,*,#2874,.T.);
#3810=ORIENTED_EDGE('',*,*,#2830,.T.);
#3811=ORIENTED_EDGE('',*,*,#2875,.F.);
#3812=ORIENTED_EDGE('',*,*,#2698,.F.);
#3813=ORIENTED_EDGE('',*,*,#2875,.T.);
#3814=ORIENTED_EDGE('',*,*,#2829,.T.);
#3815=ORIENTED_EDGE('',*,*,#2876,.F.);
#3816=ORIENTED_EDGE('',*,*,#2699,.F.);
#3817=ORIENTED_EDGE('',*,*,#2876,.T.);
#3818=ORIENTED_EDGE('',*,*,#2828,.T.);
#3819=ORIENTED_EDGE('',*,*,#2877,.F.);
#3820=ORIENTED_EDGE('',*,*,#2700,.F.);
#3821=ORIENTED_EDGE('',*,*,#2877,.T.);
#3822=ORIENTED_EDGE('',*,*,#2827,.T.);
#3823=ORIENTED_EDGE('',*,*,#2878,.F.);
#3824=ORIENTED_EDGE('',*,*,#2701,.F.);
#3825=ORIENTED_EDGE('',*,*,#2878,.T.);
#3826=ORIENTED_EDGE('',*,*,#2826,.T.);
#3827=ORIENTED_EDGE('',*,*,#2879,.F.);
#3828=ORIENTED_EDGE('',*,*,#2702,.F.);
#3829=ORIENTED_EDGE('',*,*,#2879,.T.);
#3830=ORIENTED_EDGE('',*,*,#2825,.T.);
#3831=ORIENTED_EDGE('',*,*,#2880,.F.);
#3832=ORIENTED_EDGE('',*,*,#2703,.F.);
#3833=ORIENTED_EDGE('',*,*,#2880,.T.);
#3834=ORIENTED_EDGE('',*,*,#2824,.T.);
#3835=ORIENTED_EDGE('',*,*,#2881,.F.);
#3836=ORIENTED_EDGE('',*,*,#2704,.F.);
#3837=ORIENTED_EDGE('',*,*,#2881,.T.);
#3838=ORIENTED_EDGE('',*,*,#2823,.T.);
#3839=ORIENTED_EDGE('',*,*,#2882,.F.);
#3840=ORIENTED_EDGE('',*,*,#2705,.F.);
#3841=ORIENTED_EDGE('',*,*,#2882,.T.);
#3842=ORIENTED_EDGE('',*,*,#2822,.T.);
#3843=ORIENTED_EDGE('',*,*,#2883,.F.);
#3844=ORIENTED_EDGE('',*,*,#2706,.F.);
#3845=ORIENTED_EDGE('',*,*,#2883,.T.);
#3846=ORIENTED_EDGE('',*,*,#2821,.T.);
#3847=ORIENTED_EDGE('',*,*,#2884,.F.);
#3848=ORIENTED_EDGE('',*,*,#2707,.F.);
#3849=ORIENTED_EDGE('',*,*,#2884,.T.);
#3850=ORIENTED_EDGE('',*,*,#2820,.T.);
#3851=ORIENTED_EDGE('',*,*,#2885,.F.);
#3852=ORIENTED_EDGE('',*,*,#2708,.F.);
#3853=ORIENTED_EDGE('',*,*,#2885,.T.);
#3854=ORIENTED_EDGE('',*,*,#2819,.T.);
#3855=ORIENTED_EDGE('',*,*,#2886,.F.);
#3856=ORIENTED_EDGE('',*,*,#2674,.F.);
#3857=ORIENTED_EDGE('',*,*,#2886,.T.);
#3858=ORIENTED_EDGE('',*,*,#2818,.T.);
#3859=ORIENTED_EDGE('',*,*,#2852,.F.);
#3860=ORIENTED_EDGE('',*,*,#2887,.F.);
#3861=ORIENTED_EDGE('',*,*,#2888,.F.);
#3862=ORIENTED_EDGE('',*,*,#2889,.F.);
#3863=ORIENTED_EDGE('',*,*,#2890,.F.);
#3864=ORIENTED_EDGE('',*,*,#2891,.F.);
#3865=ORIENTED_EDGE('',*,*,#2892,.F.);
#3866=ORIENTED_EDGE('',*,*,#2893,.F.);
#3867=ORIENTED_EDGE('',*,*,#2894,.F.);
#3868=ORIENTED_EDGE('',*,*,#2895,.F.);
#3869=ORIENTED_EDGE('',*,*,#2710,.F.);
#3870=ORIENTED_EDGE('',*,*,#2896,.T.);
#3871=ORIENTED_EDGE('',*,*,#2887,.T.);
#3872=ORIENTED_EDGE('',*,*,#2897,.F.);
#3873=ORIENTED_EDGE('',*,*,#2711,.F.);
#3874=ORIENTED_EDGE('',*,*,#2897,.T.);
#3875=ORIENTED_EDGE('',*,*,#2895,.T.);
#3876=ORIENTED_EDGE('',*,*,#2898,.F.);
#3877=ORIENTED_EDGE('',*,*,#2712,.F.);
#3878=ORIENTED_EDGE('',*,*,#2898,.T.);
#3879=ORIENTED_EDGE('',*,*,#2894,.T.);
#3880=ORIENTED_EDGE('',*,*,#2899,.F.);
#3881=ORIENTED_EDGE('',*,*,#2713,.F.);
#3882=ORIENTED_EDGE('',*,*,#2899,.T.);
#3883=ORIENTED_EDGE('',*,*,#2893,.T.);
#3884=ORIENTED_EDGE('',*,*,#2900,.F.);
#3885=ORIENTED_EDGE('',*,*,#2714,.F.);
#3886=ORIENTED_EDGE('',*,*,#2900,.T.);
#3887=ORIENTED_EDGE('',*,*,#2892,.T.);
#3888=ORIENTED_EDGE('',*,*,#2901,.F.);
#3889=ORIENTED_EDGE('',*,*,#2715,.F.);
#3890=ORIENTED_EDGE('',*,*,#2901,.T.);
#3891=ORIENTED_EDGE('',*,*,#2891,.T.);
#3892=ORIENTED_EDGE('',*,*,#2902,.F.);
#3893=ORIENTED_EDGE('',*,*,#2716,.F.);
#3894=ORIENTED_EDGE('',*,*,#2902,.T.);
#3895=ORIENTED_EDGE('',*,*,#2890,.T.);
#3896=ORIENTED_EDGE('',*,*,#2903,.F.);
#3897=ORIENTED_EDGE('',*,*,#2717,.F.);
#3898=ORIENTED_EDGE('',*,*,#2903,.T.);
#3899=ORIENTED_EDGE('',*,*,#2889,.T.);
#3900=ORIENTED_EDGE('',*,*,#2904,.F.);
#3901=ORIENTED_EDGE('',*,*,#2709,.F.);
#3902=ORIENTED_EDGE('',*,*,#2904,.T.);
#3903=ORIENTED_EDGE('',*,*,#2888,.T.);
#3904=ORIENTED_EDGE('',*,*,#2896,.F.);
#3905=ORIENTED_EDGE('',*,*,#2905,.F.);
#3906=ORIENTED_EDGE('',*,*,#2906,.F.);
#3907=ORIENTED_EDGE('',*,*,#2907,.F.);
#3908=ORIENTED_EDGE('',*,*,#2908,.F.);
#3909=ORIENTED_EDGE('',*,*,#2909,.F.);
#3910=ORIENTED_EDGE('',*,*,#2910,.F.);
#3911=ORIENTED_EDGE('',*,*,#2911,.F.);
#3912=ORIENTED_EDGE('',*,*,#2912,.F.);
#3913=ORIENTED_EDGE('',*,*,#2913,.F.);
#3914=ORIENTED_EDGE('',*,*,#2914,.F.);
#3915=ORIENTED_EDGE('',*,*,#2915,.F.);
#3916=ORIENTED_EDGE('',*,*,#2916,.F.);
#3917=ORIENTED_EDGE('',*,*,#2917,.F.);
#3918=ORIENTED_EDGE('',*,*,#2918,.F.);
#3919=ORIENTED_EDGE('',*,*,#2719,.F.);
#3920=ORIENTED_EDGE('',*,*,#2919,.T.);
#3921=ORIENTED_EDGE('',*,*,#2905,.T.);
#3922=ORIENTED_EDGE('',*,*,#2920,.F.);
#3923=ORIENTED_EDGE('',*,*,#2720,.F.);
#3924=ORIENTED_EDGE('',*,*,#2920,.T.);
#3925=ORIENTED_EDGE('',*,*,#2915,.T.);
#3926=ORIENTED_EDGE('',*,*,#2921,.F.);
#3927=ORIENTED_EDGE('',*,*,#2721,.F.);
#3928=ORIENTED_EDGE('',*,*,#2921,.T.);
#3929=ORIENTED_EDGE('',*,*,#2914,.T.);
#3930=ORIENTED_EDGE('',*,*,#2922,.F.);
#3931=ORIENTED_EDGE('',*,*,#2722,.F.);
#3932=ORIENTED_EDGE('',*,*,#2922,.T.);
#3933=ORIENTED_EDGE('',*,*,#2913,.T.);
#3934=ORIENTED_EDGE('',*,*,#2923,.F.);
#3935=ORIENTED_EDGE('',*,*,#2723,.F.);
#3936=ORIENTED_EDGE('',*,*,#2923,.T.);
#3937=ORIENTED_EDGE('',*,*,#2912,.T.);
#3938=ORIENTED_EDGE('',*,*,#2924,.F.);
#3939=ORIENTED_EDGE('',*,*,#2724,.F.);
#3940=ORIENTED_EDGE('',*,*,#2924,.T.);
#3941=ORIENTED_EDGE('',*,*,#2911,.T.);
#3942=ORIENTED_EDGE('',*,*,#2925,.F.);
#3943=ORIENTED_EDGE('',*,*,#2725,.F.);
#3944=ORIENTED_EDGE('',*,*,#2925,.T.);
#3945=ORIENTED_EDGE('',*,*,#2910,.T.);
#3946=ORIENTED_EDGE('',*,*,#2926,.F.);
#3947=ORIENTED_EDGE('',*,*,#2726,.F.);
#3948=ORIENTED_EDGE('',*,*,#2926,.T.);
#3949=ORIENTED_EDGE('',*,*,#2909,.T.);
#3950=ORIENTED_EDGE('',*,*,#2927,.F.);
#3951=ORIENTED_EDGE('',*,*,#2727,.F.);
#3952=ORIENTED_EDGE('',*,*,#2927,.T.);
#3953=ORIENTED_EDGE('',*,*,#2908,.T.);
#3954=ORIENTED_EDGE('',*,*,#2928,.F.);
#3955=ORIENTED_EDGE('',*,*,#2728,.F.);
#3956=ORIENTED_EDGE('',*,*,#2928,.T.);
#3957=ORIENTED_EDGE('',*,*,#2907,.T.);
#3958=ORIENTED_EDGE('',*,*,#2929,.F.);
#3959=ORIENTED_EDGE('',*,*,#2718,.F.);
#3960=ORIENTED_EDGE('',*,*,#2929,.T.);
#3961=ORIENTED_EDGE('',*,*,#2906,.T.);
#3962=ORIENTED_EDGE('',*,*,#2919,.F.);
#3963=ORIENTED_EDGE('',*,*,#2815,.F.);
#3964=ORIENTED_EDGE('',*,*,#2930,.T.);
#3965=ORIENTED_EDGE('',*,*,#2916,.T.);
#3966=ORIENTED_EDGE('',*,*,#2931,.F.);
#3967=ORIENTED_EDGE('',*,*,#2816,.F.);
#3968=ORIENTED_EDGE('',*,*,#2931,.T.);
#3969=ORIENTED_EDGE('',*,*,#2918,.T.);
#3970=ORIENTED_EDGE('',*,*,#2932,.F.);
#3971=ORIENTED_EDGE('',*,*,#2814,.F.);
#3972=ORIENTED_EDGE('',*,*,#2932,.T.);
#3973=ORIENTED_EDGE('',*,*,#2917,.T.);
#3974=ORIENTED_EDGE('',*,*,#2930,.F.);
#3975=ORIENTED_EDGE('',*,*,#2933,.F.);
#3976=ORIENTED_EDGE('',*,*,#2934,.F.);
#3977=ORIENTED_EDGE('',*,*,#2935,.F.);
#3978=ORIENTED_EDGE('',*,*,#2936,.F.);
#3979=ORIENTED_EDGE('',*,*,#2937,.F.);
#3980=ORIENTED_EDGE('',*,*,#2938,.F.);
#3981=ORIENTED_EDGE('',*,*,#2939,.F.);
#3982=ORIENTED_EDGE('',*,*,#2940,.F.);
#3983=ORIENTED_EDGE('',*,*,#2941,.F.);
#3984=ORIENTED_EDGE('',*,*,#2942,.F.);
#3985=ORIENTED_EDGE('',*,*,#2943,.F.);
#3986=ORIENTED_EDGE('',*,*,#2944,.F.);
#3987=ORIENTED_EDGE('',*,*,#2945,.F.);
#3988=ORIENTED_EDGE('',*,*,#2946,.F.);
#3989=ORIENTED_EDGE('',*,*,#2947,.F.);
#3990=ORIENTED_EDGE('',*,*,#2948,.F.);
#3991=ORIENTED_EDGE('',*,*,#2949,.F.);
#3992=ORIENTED_EDGE('',*,*,#2950,.F.);
#3993=ORIENTED_EDGE('',*,*,#2951,.F.);
#3994=ORIENTED_EDGE('',*,*,#2730,.F.);
#3995=ORIENTED_EDGE('',*,*,#2952,.T.);
#3996=ORIENTED_EDGE('',*,*,#2933,.T.);
#3997=ORIENTED_EDGE('',*,*,#2953,.F.);
#3998=ORIENTED_EDGE('',*,*,#2731,.F.);
#3999=ORIENTED_EDGE('',*,*,#2953,.T.);
#4000=ORIENTED_EDGE('',*,*,#2943,.T.);
#4001=ORIENTED_EDGE('',*,*,#2954,.F.);
#4002=ORIENTED_EDGE('',*,*,#2732,.F.);
#4003=ORIENTED_EDGE('',*,*,#2954,.T.);
#4004=ORIENTED_EDGE('',*,*,#2942,.T.);
#4005=ORIENTED_EDGE('',*,*,#2955,.F.);
#4006=ORIENTED_EDGE('',*,*,#2733,.F.);
#4007=ORIENTED_EDGE('',*,*,#2955,.T.);
#4008=ORIENTED_EDGE('',*,*,#2941,.T.);
#4009=ORIENTED_EDGE('',*,*,#2956,.F.);
#4010=ORIENTED_EDGE('',*,*,#2734,.F.);
#4011=ORIENTED_EDGE('',*,*,#2956,.T.);
#4012=ORIENTED_EDGE('',*,*,#2940,.T.);
#4013=ORIENTED_EDGE('',*,*,#2957,.F.);
#4014=ORIENTED_EDGE('',*,*,#2735,.F.);
#4015=ORIENTED_EDGE('',*,*,#2957,.T.);
#4016=ORIENTED_EDGE('',*,*,#2939,.T.);
#4017=ORIENTED_EDGE('',*,*,#2958,.F.);
#4018=ORIENTED_EDGE('',*,*,#2736,.F.);
#4019=ORIENTED_EDGE('',*,*,#2958,.T.);
#4020=ORIENTED_EDGE('',*,*,#2938,.T.);
#4021=ORIENTED_EDGE('',*,*,#2959,.F.);
#4022=ORIENTED_EDGE('',*,*,#2737,.F.);
#4023=ORIENTED_EDGE('',*,*,#2959,.T.);
#4024=ORIENTED_EDGE('',*,*,#2937,.T.);
#4025=ORIENTED_EDGE('',*,*,#2960,.F.);
#4026=ORIENTED_EDGE('',*,*,#2738,.F.);
#4027=ORIENTED_EDGE('',*,*,#2960,.T.);
#4028=ORIENTED_EDGE('',*,*,#2936,.T.);
#4029=ORIENTED_EDGE('',*,*,#2961,.F.);
#4030=ORIENTED_EDGE('',*,*,#2739,.F.);
#4031=ORIENTED_EDGE('',*,*,#2961,.T.);
#4032=ORIENTED_EDGE('',*,*,#2935,.T.);
#4033=ORIENTED_EDGE('',*,*,#2962,.F.);
#4034=ORIENTED_EDGE('',*,*,#2729,.F.);
#4035=ORIENTED_EDGE('',*,*,#2962,.T.);
#4036=ORIENTED_EDGE('',*,*,#2934,.T.);
#4037=ORIENTED_EDGE('',*,*,#2952,.F.);
#4038=ORIENTED_EDGE('',*,*,#2807,.F.);
#4039=ORIENTED_EDGE('',*,*,#2963,.T.);
#4040=ORIENTED_EDGE('',*,*,#2944,.T.);
#4041=ORIENTED_EDGE('',*,*,#2964,.F.);
#4042=ORIENTED_EDGE('',*,*,#2808,.F.);
#4043=ORIENTED_EDGE('',*,*,#2964,.T.);
#4044=ORIENTED_EDGE('',*,*,#2951,.T.);
#4045=ORIENTED_EDGE('',*,*,#2965,.F.);
#4046=ORIENTED_EDGE('',*,*,#2809,.F.);
#4047=ORIENTED_EDGE('',*,*,#2965,.T.);
#4048=ORIENTED_EDGE('',*,*,#2950,.T.);
#4049=ORIENTED_EDGE('',*,*,#2966,.F.);
#4050=ORIENTED_EDGE('',*,*,#2810,.F.);
#4051=ORIENTED_EDGE('',*,*,#2966,.T.);
#4052=ORIENTED_EDGE('',*,*,#2949,.T.);
#4053=ORIENTED_EDGE('',*,*,#2967,.F.);
#4054=ORIENTED_EDGE('',*,*,#2811,.F.);
#4055=ORIENTED_EDGE('',*,*,#2967,.T.);
#4056=ORIENTED_EDGE('',*,*,#2948,.T.);
#4057=ORIENTED_EDGE('',*,*,#2968,.F.);
#4058=ORIENTED_EDGE('',*,*,#2812,.F.);
#4059=ORIENTED_EDGE('',*,*,#2968,.T.);
#4060=ORIENTED_EDGE('',*,*,#2947,.T.);
#4061=ORIENTED_EDGE('',*,*,#2969,.F.);
#4062=ORIENTED_EDGE('',*,*,#2813,.F.);
#4063=ORIENTED_EDGE('',*,*,#2969,.T.);
#4064=ORIENTED_EDGE('',*,*,#2946,.T.);
#4065=ORIENTED_EDGE('',*,*,#2970,.F.);
#4066=ORIENTED_EDGE('',*,*,#2806,.F.);
#4067=ORIENTED_EDGE('',*,*,#2970,.T.);
#4068=ORIENTED_EDGE('',*,*,#2945,.T.);
#4069=ORIENTED_EDGE('',*,*,#2963,.F.);
#4070=ORIENTED_EDGE('',*,*,#2971,.F.);
#4071=ORIENTED_EDGE('',*,*,#2972,.F.);
#4072=ORIENTED_EDGE('',*,*,#2973,.F.);
#4073=ORIENTED_EDGE('',*,*,#2974,.F.);
#4074=ORIENTED_EDGE('',*,*,#2975,.F.);
#4075=ORIENTED_EDGE('',*,*,#2976,.F.);
#4076=ORIENTED_EDGE('',*,*,#2977,.F.);
#4077=ORIENTED_EDGE('',*,*,#2978,.F.);
#4078=ORIENTED_EDGE('',*,*,#2979,.F.);
#4079=ORIENTED_EDGE('',*,*,#2980,.F.);
#4080=ORIENTED_EDGE('',*,*,#2981,.F.);
#4081=ORIENTED_EDGE('',*,*,#2982,.F.);
#4082=ORIENTED_EDGE('',*,*,#2983,.F.);
#4083=ORIENTED_EDGE('',*,*,#2984,.F.);
#4084=ORIENTED_EDGE('',*,*,#2985,.F.);
#4085=ORIENTED_EDGE('',*,*,#2986,.F.);
#4086=ORIENTED_EDGE('',*,*,#2987,.F.);
#4087=ORIENTED_EDGE('',*,*,#2988,.F.);
#4088=ORIENTED_EDGE('',*,*,#2989,.F.);
#4089=ORIENTED_EDGE('',*,*,#2990,.F.);
#4090=ORIENTED_EDGE('',*,*,#2991,.F.);
#4091=ORIENTED_EDGE('',*,*,#2992,.F.);
#4092=ORIENTED_EDGE('',*,*,#2993,.F.);
#4093=ORIENTED_EDGE('',*,*,#2994,.F.);
#4094=ORIENTED_EDGE('',*,*,#2995,.F.);
#4095=ORIENTED_EDGE('',*,*,#2996,.F.);
#4096=ORIENTED_EDGE('',*,*,#2997,.F.);
#4097=ORIENTED_EDGE('',*,*,#2998,.F.);
#4098=ORIENTED_EDGE('',*,*,#2999,.F.);
#4099=ORIENTED_EDGE('',*,*,#2741,.F.);
#4100=ORIENTED_EDGE('',*,*,#3000,.T.);
#4101=ORIENTED_EDGE('',*,*,#2971,.T.);
#4102=ORIENTED_EDGE('',*,*,#3001,.F.);
#4103=ORIENTED_EDGE('',*,*,#2742,.F.);
#4104=ORIENTED_EDGE('',*,*,#3001,.T.);
#4105=ORIENTED_EDGE('',*,*,#2999,.T.);
#4106=ORIENTED_EDGE('',*,*,#3002,.F.);
#4107=ORIENTED_EDGE('',*,*,#2743,.F.);
#4108=ORIENTED_EDGE('',*,*,#3002,.T.);
#4109=ORIENTED_EDGE('',*,*,#2998,.T.);
#4110=ORIENTED_EDGE('',*,*,#3003,.F.);
#4111=ORIENTED_EDGE('',*,*,#2744,.F.);
#4112=ORIENTED_EDGE('',*,*,#3003,.T.);
#4113=ORIENTED_EDGE('',*,*,#2997,.T.);
#4114=ORIENTED_EDGE('',*,*,#3004,.F.);
#4115=ORIENTED_EDGE('',*,*,#2745,.F.);
#4116=ORIENTED_EDGE('',*,*,#3004,.T.);
#4117=ORIENTED_EDGE('',*,*,#2996,.T.);
#4118=ORIENTED_EDGE('',*,*,#3005,.F.);
#4119=ORIENTED_EDGE('',*,*,#2746,.F.);
#4120=ORIENTED_EDGE('',*,*,#3005,.T.);
#4121=ORIENTED_EDGE('',*,*,#2995,.T.);
#4122=ORIENTED_EDGE('',*,*,#3006,.F.);
#4123=ORIENTED_EDGE('',*,*,#2747,.F.);
#4124=ORIENTED_EDGE('',*,*,#3006,.T.);
#4125=ORIENTED_EDGE('',*,*,#2994,.T.);
#4126=ORIENTED_EDGE('',*,*,#3007,.F.);
#4127=ORIENTED_EDGE('',*,*,#2748,.F.);
#4128=ORIENTED_EDGE('',*,*,#3007,.T.);
#4129=ORIENTED_EDGE('',*,*,#2993,.T.);
#4130=ORIENTED_EDGE('',*,*,#3008,.F.);
#4131=ORIENTED_EDGE('',*,*,#2749,.F.);
#4132=ORIENTED_EDGE('',*,*,#3008,.T.);
#4133=ORIENTED_EDGE('',*,*,#2992,.T.);
#4134=ORIENTED_EDGE('',*,*,#3009,.F.);
#4135=ORIENTED_EDGE('',*,*,#2750,.F.);
#4136=ORIENTED_EDGE('',*,*,#3009,.T.);
#4137=ORIENTED_EDGE('',*,*,#2991,.T.);
#4138=ORIENTED_EDGE('',*,*,#3010,.F.);
#4139=ORIENTED_EDGE('',*,*,#2751,.F.);
#4140=ORIENTED_EDGE('',*,*,#3010,.T.);
#4141=ORIENTED_EDGE('',*,*,#2990,.T.);
#4142=ORIENTED_EDGE('',*,*,#3011,.F.);
#4143=ORIENTED_EDGE('',*,*,#2752,.F.);
#4144=ORIENTED_EDGE('',*,*,#3011,.T.);
#4145=ORIENTED_EDGE('',*,*,#2989,.T.);
#4146=ORIENTED_EDGE('',*,*,#3012,.F.);
#4147=ORIENTED_EDGE('',*,*,#2753,.F.);
#4148=ORIENTED_EDGE('',*,*,#3012,.T.);
#4149=ORIENTED_EDGE('',*,*,#2988,.T.);
#4150=ORIENTED_EDGE('',*,*,#3013,.F.);
#4151=ORIENTED_EDGE('',*,*,#2754,.F.);
#4152=ORIENTED_EDGE('',*,*,#3013,.T.);
#4153=ORIENTED_EDGE('',*,*,#2987,.T.);
#4154=ORIENTED_EDGE('',*,*,#3014,.F.);
#4155=ORIENTED_EDGE('',*,*,#2755,.F.);
#4156=ORIENTED_EDGE('',*,*,#3014,.T.);
#4157=ORIENTED_EDGE('',*,*,#2986,.T.);
#4158=ORIENTED_EDGE('',*,*,#3015,.F.);
#4159=ORIENTED_EDGE('',*,*,#2756,.F.);
#4160=ORIENTED_EDGE('',*,*,#3015,.T.);
#4161=ORIENTED_EDGE('',*,*,#2985,.T.);
#4162=ORIENTED_EDGE('',*,*,#3016,.F.);
#4163=ORIENTED_EDGE('',*,*,#2757,.F.);
#4164=ORIENTED_EDGE('',*,*,#3016,.T.);
#4165=ORIENTED_EDGE('',*,*,#2984,.T.);
#4166=ORIENTED_EDGE('',*,*,#3017,.F.);
#4167=ORIENTED_EDGE('',*,*,#2758,.F.);
#4168=ORIENTED_EDGE('',*,*,#3017,.T.);
#4169=ORIENTED_EDGE('',*,*,#2983,.T.);
#4170=ORIENTED_EDGE('',*,*,#3018,.F.);
#4171=ORIENTED_EDGE('',*,*,#2759,.F.);
#4172=ORIENTED_EDGE('',*,*,#3018,.T.);
#4173=ORIENTED_EDGE('',*,*,#2982,.T.);
#4174=ORIENTED_EDGE('',*,*,#3019,.F.);
#4175=ORIENTED_EDGE('',*,*,#2760,.F.);
#4176=ORIENTED_EDGE('',*,*,#3019,.T.);
#4177=ORIENTED_EDGE('',*,*,#2981,.T.);
#4178=ORIENTED_EDGE('',*,*,#3020,.F.);
#4179=ORIENTED_EDGE('',*,*,#2761,.F.);
#4180=ORIENTED_EDGE('',*,*,#3020,.T.);
#4181=ORIENTED_EDGE('',*,*,#2980,.T.);
#4182=ORIENTED_EDGE('',*,*,#3021,.F.);
#4183=ORIENTED_EDGE('',*,*,#2762,.F.);
#4184=ORIENTED_EDGE('',*,*,#3021,.T.);
#4185=ORIENTED_EDGE('',*,*,#2979,.T.);
#4186=ORIENTED_EDGE('',*,*,#3022,.F.);
#4187=ORIENTED_EDGE('',*,*,#2763,.F.);
#4188=ORIENTED_EDGE('',*,*,#3022,.T.);
#4189=ORIENTED_EDGE('',*,*,#2978,.T.);
#4190=ORIENTED_EDGE('',*,*,#3023,.F.);
#4191=ORIENTED_EDGE('',*,*,#2764,.F.);
#4192=ORIENTED_EDGE('',*,*,#3023,.T.);
#4193=ORIENTED_EDGE('',*,*,#2977,.T.);
#4194=ORIENTED_EDGE('',*,*,#3024,.F.);
#4195=ORIENTED_EDGE('',*,*,#2765,.F.);
#4196=ORIENTED_EDGE('',*,*,#3024,.T.);
#4197=ORIENTED_EDGE('',*,*,#2976,.T.);
#4198=ORIENTED_EDGE('',*,*,#3025,.F.);
#4199=ORIENTED_EDGE('',*,*,#2766,.F.);
#4200=ORIENTED_EDGE('',*,*,#3025,.T.);
#4201=ORIENTED_EDGE('',*,*,#2975,.T.);
#4202=ORIENTED_EDGE('',*,*,#3026,.F.);
#4203=ORIENTED_EDGE('',*,*,#2767,.F.);
#4204=ORIENTED_EDGE('',*,*,#3026,.T.);
#4205=ORIENTED_EDGE('',*,*,#2974,.T.);
#4206=ORIENTED_EDGE('',*,*,#3027,.F.);
#4207=ORIENTED_EDGE('',*,*,#2768,.F.);
#4208=ORIENTED_EDGE('',*,*,#3027,.T.);
#4209=ORIENTED_EDGE('',*,*,#2973,.T.);
#4210=ORIENTED_EDGE('',*,*,#3028,.F.);
#4211=ORIENTED_EDGE('',*,*,#2740,.F.);
#4212=ORIENTED_EDGE('',*,*,#3028,.T.);
#4213=ORIENTED_EDGE('',*,*,#2972,.T.);
#4214=ORIENTED_EDGE('',*,*,#3000,.F.);
#4215=ORIENTED_EDGE('',*,*,#3029,.F.);
#4216=ORIENTED_EDGE('',*,*,#3030,.F.);
#4217=ORIENTED_EDGE('',*,*,#3031,.F.);
#4218=ORIENTED_EDGE('',*,*,#3032,.T.);
#4219=ORIENTED_EDGE('',*,*,#3033,.F.);
#4220=ORIENTED_EDGE('',*,*,#3034,.T.);
#4221=ORIENTED_EDGE('',*,*,#3035,.F.);
#4222=ORIENTED_EDGE('',*,*,#3036,.T.);
#4223=ORIENTED_EDGE('',*,*,#3031,.T.);
#4224=ORIENTED_EDGE('',*,*,#3037,.F.);
#4225=ORIENTED_EDGE('',*,*,#3038,.T.);
#4226=ORIENTED_EDGE('',*,*,#3039,.T.);
#4227=ORIENTED_EDGE('',*,*,#3035,.T.);
#4228=ORIENTED_EDGE('',*,*,#3040,.T.);
#4229=ORIENTED_EDGE('',*,*,#3041,.T.);
#4230=ORIENTED_EDGE('',*,*,#3042,.F.);
#4231=ORIENTED_EDGE('',*,*,#3033,.T.);
#4232=ORIENTED_EDGE('',*,*,#3043,.F.);
#4233=ORIENTED_EDGE('',*,*,#3044,.T.);
#4234=ORIENTED_EDGE('',*,*,#3045,.F.);
#4235=ORIENTED_EDGE('',*,*,#3046,.T.);
#4236=ORIENTED_EDGE('',*,*,#3047,.T.);
#4237=ORIENTED_EDGE('',*,*,#3048,.F.);
#4238=ORIENTED_EDGE('',*,*,#3049,.F.);
#4239=ORIENTED_EDGE('',*,*,#3044,.F.);
#4240=ORIENTED_EDGE('',*,*,#3050,.F.);
#4241=ORIENTED_EDGE('',*,*,#3041,.F.);
#4242=ORIENTED_EDGE('',*,*,#3049,.T.);
#4243=ORIENTED_EDGE('',*,*,#3051,.F.);
#4244=ORIENTED_EDGE('',*,*,#3052,.T.);
#4245=ORIENTED_EDGE('',*,*,#3053,.T.);
#4246=ORIENTED_EDGE('',*,*,#3051,.T.);
#4247=ORIENTED_EDGE('',*,*,#3048,.T.);
#4248=ORIENTED_EDGE('',*,*,#3054,.F.);
#4249=ORIENTED_EDGE('',*,*,#3055,.F.);
#4250=ORIENTED_EDGE('',*,*,#3055,.T.);
#4251=ORIENTED_EDGE('',*,*,#3056,.F.);
#4252=ORIENTED_EDGE('',*,*,#3057,.T.);
#4253=ORIENTED_EDGE('',*,*,#3052,.F.);
#4254=ORIENTED_EDGE('',*,*,#3058,.F.);
#4255=ORIENTED_EDGE('',*,*,#3059,.T.);
#4256=ORIENTED_EDGE('',*,*,#3056,.T.);
#4257=ORIENTED_EDGE('',*,*,#3054,.T.);
#4258=ORIENTED_EDGE('',*,*,#3047,.F.);
#4259=ORIENTED_EDGE('',*,*,#3060,.F.);
#4260=ORIENTED_EDGE('',*,*,#3061,.T.);
#4261=ORIENTED_EDGE('',*,*,#3060,.T.);
#4262=ORIENTED_EDGE('',*,*,#3062,.T.);
#4263=ORIENTED_EDGE('',*,*,#3063,.T.);
#4264=ORIENTED_EDGE('',*,*,#3064,.F.);
#4265=ORIENTED_EDGE('',*,*,#3058,.T.);
#4266=ORIENTED_EDGE('',*,*,#3065,.F.);
#4267=ORIENTED_EDGE('',*,*,#3066,.T.);
#4268=ORIENTED_EDGE('',*,*,#3067,.F.);
#4269=ORIENTED_EDGE('',*,*,#3068,.F.);
#4270=ORIENTED_EDGE('',*,*,#3069,.T.);
#4271=ORIENTED_EDGE('',*,*,#3070,.T.);
#4272=ORIENTED_EDGE('',*,*,#3071,.T.);
#4273=ORIENTED_EDGE('',*,*,#3072,.F.);
#4274=ORIENTED_EDGE('',*,*,#3073,.F.);
#4275=ORIENTED_EDGE('',*,*,#3074,.F.);
#4276=ORIENTED_EDGE('',*,*,#3075,.F.);
#4277=ORIENTED_EDGE('',*,*,#3076,.F.);
#4278=ORIENTED_EDGE('',*,*,#3077,.T.);
#4279=ORIENTED_EDGE('',*,*,#3078,.T.);
#4280=ORIENTED_EDGE('',*,*,#3079,.F.);
#4281=ORIENTED_EDGE('',*,*,#3080,.F.);
#4282=ORIENTED_EDGE('',*,*,#3081,.F.);
#4283=ORIENTED_EDGE('',*,*,#3082,.T.);
#4284=ORIENTED_EDGE('',*,*,#3083,.T.);
#4285=ORIENTED_EDGE('',*,*,#3084,.T.);
#4286=ORIENTED_EDGE('',*,*,#3078,.F.);
#4287=ORIENTED_EDGE('',*,*,#3085,.F.);
#4288=ORIENTED_EDGE('',*,*,#3086,.T.);
#4289=ORIENTED_EDGE('',*,*,#3066,.F.);
#4290=ORIENTED_EDGE('',*,*,#3087,.F.);
#4291=ORIENTED_EDGE('',*,*,#3063,.F.);
#4292=ORIENTED_EDGE('',*,*,#3080,.T.);
#4293=ORIENTED_EDGE('',*,*,#3088,.F.);
#4294=ORIENTED_EDGE('',*,*,#3089,.T.);
#4295=ORIENTED_EDGE('',*,*,#3090,.T.);
#4296=ORIENTED_EDGE('',*,*,#3088,.T.);
#4297=ORIENTED_EDGE('',*,*,#3079,.T.);
#4298=ORIENTED_EDGE('',*,*,#3084,.F.);
#4299=ORIENTED_EDGE('',*,*,#3091,.F.);
#4300=ORIENTED_EDGE('',*,*,#3091,.T.);
#4301=ORIENTED_EDGE('',*,*,#3083,.F.);
#4302=ORIENTED_EDGE('',*,*,#3092,.T.);
#4303=ORIENTED_EDGE('',*,*,#3089,.F.);
#4304=ORIENTED_EDGE('',*,*,#3093,.T.);
#4305=ORIENTED_EDGE('',*,*,#3094,.F.);
#4306=ORIENTED_EDGE('',*,*,#3095,.F.);
#4307=ORIENTED_EDGE('',*,*,#3096,.F.);
#4308=ORIENTED_EDGE('',*,*,#3097,.T.);
#4309=ORIENTED_EDGE('',*,*,#3098,.T.);
#4310=ORIENTED_EDGE('',*,*,#3096,.T.);
#4311=ORIENTED_EDGE('',*,*,#3099,.F.);
#4312=ORIENTED_EDGE('',*,*,#3100,.T.);
#4313=ORIENTED_EDGE('',*,*,#3101,.T.);
#4314=ORIENTED_EDGE('',*,*,#3100,.F.);
#4315=ORIENTED_EDGE('',*,*,#3102,.F.);
#4316=ORIENTED_EDGE('',*,*,#3103,.F.);
#4317=ORIENTED_EDGE('',*,*,#3104,.F.);
#4318=ORIENTED_EDGE('',*,*,#3102,.T.);
#4319=ORIENTED_EDGE('',*,*,#3099,.T.);
#4320=ORIENTED_EDGE('',*,*,#3095,.T.);
#4321=ORIENTED_EDGE('',*,*,#3105,.T.);
#4322=ORIENTED_EDGE('',*,*,#3106,.F.);
#4323=ORIENTED_EDGE('',*,*,#3107,.T.);
#4324=ORIENTED_EDGE('',*,*,#3108,.F.);
#4325=ORIENTED_EDGE('',*,*,#3072,.T.);
#4326=ORIENTED_EDGE('',*,*,#3109,.F.);
#4327=ORIENTED_EDGE('',*,*,#3110,.T.);
#4328=ORIENTED_EDGE('',*,*,#3111,.F.);
#4329=ORIENTED_EDGE('',*,*,#3112,.T.);
#4330=ORIENTED_EDGE('',*,*,#3113,.F.);
#4331=ORIENTED_EDGE('',*,*,#3114,.T.);
#4332=ORIENTED_EDGE('',*,*,#3115,.F.);
#4333=ORIENTED_EDGE('',*,*,#3116,.F.);
#4334=ORIENTED_EDGE('',*,*,#3117,.T.);
#4335=ORIENTED_EDGE('',*,*,#3118,.T.);
#4336=ORIENTED_EDGE('',*,*,#3119,.T.);
#4337=ORIENTED_EDGE('',*,*,#3120,.F.);
#4338=ORIENTED_EDGE('',*,*,#3121,.T.);
#4339=ORIENTED_EDGE('',*,*,#3122,.T.);
#4340=ORIENTED_EDGE('',*,*,#3123,.T.);
#4341=ORIENTED_EDGE('',*,*,#3124,.F.);
#4342=ORIENTED_EDGE('',*,*,#3125,.T.);
#4343=ORIENTED_EDGE('',*,*,#3126,.T.);
#4344=ORIENTED_EDGE('',*,*,#3127,.T.);
#4345=ORIENTED_EDGE('',*,*,#3128,.F.);
#4346=ORIENTED_EDGE('',*,*,#3129,.T.);
#4347=ORIENTED_EDGE('',*,*,#3130,.T.);
#4348=ORIENTED_EDGE('',*,*,#3131,.T.);
#4349=ORIENTED_EDGE('',*,*,#3132,.F.);
#4350=ORIENTED_EDGE('',*,*,#3133,.T.);
#4351=ORIENTED_EDGE('',*,*,#3134,.T.);
#4352=ORIENTED_EDGE('',*,*,#3135,.T.);
#4353=ORIENTED_EDGE('',*,*,#3136,.F.);
#4354=ORIENTED_EDGE('',*,*,#3137,.T.);
#4355=ORIENTED_EDGE('',*,*,#3138,.T.);
#4356=ORIENTED_EDGE('',*,*,#3139,.F.);
#4357=ORIENTED_EDGE('',*,*,#3140,.T.);
#4358=ORIENTED_EDGE('',*,*,#3141,.F.);
#4359=ORIENTED_EDGE('',*,*,#3142,.T.);
#4360=ORIENTED_EDGE('',*,*,#3143,.F.);
#4361=ORIENTED_EDGE('',*,*,#3144,.T.);
#4362=ORIENTED_EDGE('',*,*,#3145,.F.);
#4363=ORIENTED_EDGE('',*,*,#3146,.T.);
#4364=ORIENTED_EDGE('',*,*,#3147,.F.);
#4365=ORIENTED_EDGE('',*,*,#3103,.T.);
#4366=ORIENTED_EDGE('',*,*,#3104,.T.);
#4367=ORIENTED_EDGE('',*,*,#3094,.T.);
#4368=ORIENTED_EDGE('',*,*,#3148,.T.);
#4369=ORIENTED_EDGE('',*,*,#3149,.T.);
#4370=ORIENTED_EDGE('',*,*,#3150,.T.);
#4371=ORIENTED_EDGE('',*,*,#3151,.T.);
#4372=ORIENTED_EDGE('',*,*,#3152,.T.);
#4373=ORIENTED_EDGE('',*,*,#3153,.T.);
#4374=ORIENTED_EDGE('',*,*,#3154,.T.);
#4375=ORIENTED_EDGE('',*,*,#3155,.T.);
#4376=ORIENTED_EDGE('',*,*,#3156,.T.);
#4377=ORIENTED_EDGE('',*,*,#3157,.T.);
#4378=ORIENTED_EDGE('',*,*,#3158,.F.);
#4379=ORIENTED_EDGE('',*,*,#3159,.T.);
#4380=ORIENTED_EDGE('',*,*,#3160,.T.);
#4381=ORIENTED_EDGE('',*,*,#3161,.T.);
#4382=ORIENTED_EDGE('',*,*,#3162,.T.);
#4383=ORIENTED_EDGE('',*,*,#3163,.T.);
#4384=ORIENTED_EDGE('',*,*,#3068,.T.);
#4385=ORIENTED_EDGE('',*,*,#3164,.T.);
#4386=ORIENTED_EDGE('',*,*,#3165,.T.);
#4387=ORIENTED_EDGE('',*,*,#3166,.T.);
#4388=ORIENTED_EDGE('',*,*,#3167,.T.);
#4389=ORIENTED_EDGE('',*,*,#3085,.T.);
#4390=ORIENTED_EDGE('',*,*,#3168,.T.);
#4391=ORIENTED_EDGE('',*,*,#3169,.T.);
#4392=ORIENTED_EDGE('',*,*,#3170,.F.);
#4393=ORIENTED_EDGE('',*,*,#3171,.T.);
#4394=ORIENTED_EDGE('',*,*,#3172,.F.);
#4395=ORIENTED_EDGE('',*,*,#3173,.F.);
#4396=ORIENTED_EDGE('',*,*,#3174,.F.);
#4397=ORIENTED_EDGE('',*,*,#3042,.T.);
#4398=ORIENTED_EDGE('',*,*,#3050,.T.);
#4399=ORIENTED_EDGE('',*,*,#3043,.T.);
#4400=ORIENTED_EDGE('',*,*,#3036,.F.);
#4401=ORIENTED_EDGE('',*,*,#3030,.T.);
#4402=ORIENTED_EDGE('',*,*,#3175,.T.);
#4403=ORIENTED_EDGE('',*,*,#3176,.F.);
#4404=ORIENTED_EDGE('',*,*,#3037,.T.);
#4405=ORIENTED_EDGE('',*,*,#3064,.T.);
#4406=ORIENTED_EDGE('',*,*,#3087,.T.);
#4407=ORIENTED_EDGE('',*,*,#3065,.T.);
#4408=ORIENTED_EDGE('',*,*,#3061,.F.);
#4409=ORIENTED_EDGE('',*,*,#3170,.T.);
#4410=ORIENTED_EDGE('',*,*,#3177,.T.);
#4411=ORIENTED_EDGE('',*,*,#3178,.T.);
#4412=ORIENTED_EDGE('',*,*,#3086,.F.);
#4413=ORIENTED_EDGE('',*,*,#3179,.F.);
#4414=ORIENTED_EDGE('',*,*,#3180,.T.);
#4415=ORIENTED_EDGE('',*,*,#3181,.T.);
#4416=ORIENTED_EDGE('',*,*,#3182,.T.);
#4417=ORIENTED_EDGE('',*,*,#3183,.T.);
#4418=ORIENTED_EDGE('',*,*,#3184,.T.);
#4419=ORIENTED_EDGE('',*,*,#3185,.T.);
#4420=ORIENTED_EDGE('',*,*,#3186,.F.);
#4421=ORIENTED_EDGE('',*,*,#3029,.T.);
#4422=ORIENTED_EDGE('',*,*,#3187,.F.);
#4423=ORIENTED_EDGE('',*,*,#3188,.F.);
#4424=ORIENTED_EDGE('',*,*,#3175,.F.);
#4425=ORIENTED_EDGE('',*,*,#3189,.T.);
#4426=ORIENTED_EDGE('',*,*,#3190,.T.);
#4427=ORIENTED_EDGE('',*,*,#3191,.F.);
#4428=ORIENTED_EDGE('',*,*,#3192,.F.);
#4429=ORIENTED_EDGE('',*,*,#3193,.F.);
#4430=ORIENTED_EDGE('',*,*,#3177,.F.);
#4431=ORIENTED_EDGE('',*,*,#3169,.F.);
#4432=ORIENTED_EDGE('',*,*,#3192,.T.);
#4433=ORIENTED_EDGE('',*,*,#3194,.F.);
#4434=ORIENTED_EDGE('',*,*,#3195,.T.);
#4435=ORIENTED_EDGE('',*,*,#3196,.T.);
#4436=ORIENTED_EDGE('',*,*,#3194,.T.);
#4437=ORIENTED_EDGE('',*,*,#3191,.T.);
#4438=ORIENTED_EDGE('',*,*,#3197,.F.);
#4439=ORIENTED_EDGE('',*,*,#3198,.F.);
#4440=ORIENTED_EDGE('',*,*,#3198,.T.);
#4441=ORIENTED_EDGE('',*,*,#3199,.F.);
#4442=ORIENTED_EDGE('',*,*,#3200,.T.);
#4443=ORIENTED_EDGE('',*,*,#3195,.F.);
#4444=ORIENTED_EDGE('',*,*,#3201,.F.);
#4445=ORIENTED_EDGE('',*,*,#3202,.T.);
#4446=ORIENTED_EDGE('',*,*,#3199,.T.);
#4447=ORIENTED_EDGE('',*,*,#3197,.T.);
#4448=ORIENTED_EDGE('',*,*,#3190,.F.);
#4449=ORIENTED_EDGE('',*,*,#3203,.F.);
#4450=ORIENTED_EDGE('',*,*,#3186,.T.);
#4451=ORIENTED_EDGE('',*,*,#3203,.T.);
#4452=ORIENTED_EDGE('',*,*,#3204,.T.);
#4453=ORIENTED_EDGE('',*,*,#3205,.T.);
#4454=ORIENTED_EDGE('',*,*,#3183,.F.);
#4455=ORIENTED_EDGE('',*,*,#3148,.F.);
#4456=ORIENTED_EDGE('',*,*,#3206,.T.);
#4457=ORIENTED_EDGE('',*,*,#3207,.T.);
#4458=ORIENTED_EDGE('',*,*,#3208,.T.);
#4459=ORIENTED_EDGE('',*,*,#3144,.F.);
#4460=ORIENTED_EDGE('',*,*,#3209,.F.);
#4461=ORIENTED_EDGE('',*,*,#3210,.F.);
#4462=ORIENTED_EDGE('',*,*,#3211,.F.);
#4463=ORIENTED_EDGE('',*,*,#3212,.F.);
#4464=ORIENTED_EDGE('',*,*,#3081,.T.);
#4465=ORIENTED_EDGE('',*,*,#3178,.F.);
#4466=ORIENTED_EDGE('',*,*,#3193,.T.);
#4467=ORIENTED_EDGE('',*,*,#3213,.F.);
#4468=ORIENTED_EDGE('',*,*,#3201,.T.);
#4469=ORIENTED_EDGE('',*,*,#3185,.F.);
#4470=ORIENTED_EDGE('',*,*,#3214,.T.);
#4471=ORIENTED_EDGE('',*,*,#3215,.T.);
#4472=ORIENTED_EDGE('',*,*,#3216,.T.);
#4473=ORIENTED_EDGE('',*,*,#3182,.F.);
#4474=ORIENTED_EDGE('',*,*,#3217,.F.);
#4475=ORIENTED_EDGE('',*,*,#3218,.F.);
#4476=ORIENTED_EDGE('',*,*,#3216,.F.);
#4477=ORIENTED_EDGE('',*,*,#3219,.F.);
#4478=ORIENTED_EDGE('',*,*,#3220,.T.);
#4479=ORIENTED_EDGE('',*,*,#3221,.T.);
#4480=ORIENTED_EDGE('',*,*,#3222,.F.);
#4481=ORIENTED_EDGE('',*,*,#3223,.F.);
#4482=ORIENTED_EDGE('',*,*,#3179,.T.);
#4483=ORIENTED_EDGE('',*,*,#3214,.F.);
#4484=ORIENTED_EDGE('',*,*,#3184,.F.);
#4485=ORIENTED_EDGE('',*,*,#3205,.F.);
#4486=ORIENTED_EDGE('',*,*,#3224,.T.);
#4487=ORIENTED_EDGE('',*,*,#3225,.F.);
#4488=ORIENTED_EDGE('',*,*,#3226,.T.);
#4489=ORIENTED_EDGE('',*,*,#3227,.T.);
#4490=ORIENTED_EDGE('',*,*,#3225,.T.);
#4491=ORIENTED_EDGE('',*,*,#3228,.T.);
#4492=ORIENTED_EDGE('',*,*,#3221,.F.);
#4493=ORIENTED_EDGE('',*,*,#3229,.F.);
#4494=ORIENTED_EDGE('',*,*,#3229,.T.);
#4495=ORIENTED_EDGE('',*,*,#3220,.F.);
#4496=ORIENTED_EDGE('',*,*,#3230,.T.);
#4497=ORIENTED_EDGE('',*,*,#3226,.F.);
#4498=ORIENTED_EDGE('',*,*,#3227,.F.);
#4499=ORIENTED_EDGE('',*,*,#3230,.F.);
#4500=ORIENTED_EDGE('',*,*,#3219,.T.);
#4501=ORIENTED_EDGE('',*,*,#3215,.F.);
#4502=ORIENTED_EDGE('',*,*,#3231,.T.);
#4503=ORIENTED_EDGE('',*,*,#3222,.T.);
#4504=ORIENTED_EDGE('',*,*,#3228,.F.);
#4505=ORIENTED_EDGE('',*,*,#3224,.F.);
#4506=ORIENTED_EDGE('',*,*,#3152,.F.);
#4507=ORIENTED_EDGE('',*,*,#3232,.T.);
#4508=ORIENTED_EDGE('',*,*,#3233,.T.);
#4509=ORIENTED_EDGE('',*,*,#3234,.T.);
#4510=ORIENTED_EDGE('',*,*,#3140,.F.);
#4511=ORIENTED_EDGE('',*,*,#3235,.F.);
#4512=ORIENTED_EDGE('',*,*,#3236,.F.);
#4513=ORIENTED_EDGE('',*,*,#3237,.F.);
#4514=ORIENTED_EDGE('',*,*,#3238,.F.);
#4515=ORIENTED_EDGE('',*,*,#3223,.T.);
#4516=ORIENTED_EDGE('',*,*,#3239,.T.);
#4517=ORIENTED_EDGE('',*,*,#3240,.T.);
#4518=ORIENTED_EDGE('',*,*,#3180,.F.);
#4519=ORIENTED_EDGE('',*,*,#3241,.F.);
#4520=ORIENTED_EDGE('',*,*,#3242,.F.);
#4521=ORIENTED_EDGE('',*,*,#3243,.F.);
#4522=ORIENTED_EDGE('',*,*,#3125,.F.);
#4523=ORIENTED_EDGE('',*,*,#3244,.F.);
#4524=ORIENTED_EDGE('',*,*,#3127,.F.);
#4525=ORIENTED_EDGE('',*,*,#3245,.F.);
#4526=ORIENTED_EDGE('',*,*,#3246,.F.);
#4527=ORIENTED_EDGE('',*,*,#3246,.T.);
#4528=ORIENTED_EDGE('',*,*,#3247,.T.);
#4529=ORIENTED_EDGE('',*,*,#3242,.T.);
#4530=ORIENTED_EDGE('',*,*,#3248,.F.);
#4531=ORIENTED_EDGE('',*,*,#3126,.F.);
#4532=ORIENTED_EDGE('',*,*,#3243,.T.);
#4533=ORIENTED_EDGE('',*,*,#3247,.F.);
#4534=ORIENTED_EDGE('',*,*,#3245,.T.);
#4535=ORIENTED_EDGE('',*,*,#3249,.F.);
#4536=ORIENTED_EDGE('',*,*,#3250,.F.);
#4537=ORIENTED_EDGE('',*,*,#3251,.F.);
#4538=ORIENTED_EDGE('',*,*,#3117,.F.);
#4539=ORIENTED_EDGE('',*,*,#3252,.F.);
#4540=ORIENTED_EDGE('',*,*,#3119,.F.);
#4541=ORIENTED_EDGE('',*,*,#3253,.F.);
#4542=ORIENTED_EDGE('',*,*,#3254,.F.);
#4543=ORIENTED_EDGE('',*,*,#3254,.T.);
#4544=ORIENTED_EDGE('',*,*,#3255,.T.);
#4545=ORIENTED_EDGE('',*,*,#3250,.T.);
#4546=ORIENTED_EDGE('',*,*,#3256,.F.);
#4547=ORIENTED_EDGE('',*,*,#3118,.F.);
#4548=ORIENTED_EDGE('',*,*,#3251,.T.);
#4549=ORIENTED_EDGE('',*,*,#3255,.F.);
#4550=ORIENTED_EDGE('',*,*,#3253,.T.);
#4551=ORIENTED_EDGE('',*,*,#3122,.F.);
#4552=ORIENTED_EDGE('',*,*,#3257,.T.);
#4553=ORIENTED_EDGE('',*,*,#3258,.F.);
#4554=ORIENTED_EDGE('',*,*,#3259,.T.);
#4555=ORIENTED_EDGE('',*,*,#3260,.T.);
#4556=ORIENTED_EDGE('',*,*,#3258,.T.);
#4557=ORIENTED_EDGE('',*,*,#3261,.T.);
#4558=ORIENTED_EDGE('',*,*,#3262,.F.);
#4559=ORIENTED_EDGE('',*,*,#3263,.F.);
#4560=ORIENTED_EDGE('',*,*,#3123,.F.);
#4561=ORIENTED_EDGE('',*,*,#3259,.F.);
#4562=ORIENTED_EDGE('',*,*,#3260,.F.);
#4563=ORIENTED_EDGE('',*,*,#3264,.F.);
#4564=ORIENTED_EDGE('',*,*,#3261,.F.);
#4565=ORIENTED_EDGE('',*,*,#3257,.F.);
#4566=ORIENTED_EDGE('',*,*,#3121,.F.);
#4567=ORIENTED_EDGE('',*,*,#3265,.F.);
#4568=ORIENTED_EDGE('',*,*,#3266,.F.);
#4569=ORIENTED_EDGE('',*,*,#3267,.F.);
#4570=ORIENTED_EDGE('',*,*,#3129,.F.);
#4571=ORIENTED_EDGE('',*,*,#3268,.F.);
#4572=ORIENTED_EDGE('',*,*,#3131,.F.);
#4573=ORIENTED_EDGE('',*,*,#3269,.F.);
#4574=ORIENTED_EDGE('',*,*,#3270,.F.);
#4575=ORIENTED_EDGE('',*,*,#3270,.T.);
#4576=ORIENTED_EDGE('',*,*,#3271,.T.);
#4577=ORIENTED_EDGE('',*,*,#3266,.T.);
#4578=ORIENTED_EDGE('',*,*,#3272,.F.);
#4579=ORIENTED_EDGE('',*,*,#3130,.F.);
#4580=ORIENTED_EDGE('',*,*,#3267,.T.);
#4581=ORIENTED_EDGE('',*,*,#3271,.F.);
#4582=ORIENTED_EDGE('',*,*,#3269,.T.);
#4583=ORIENTED_EDGE('',*,*,#3273,.F.);
#4584=ORIENTED_EDGE('',*,*,#3274,.F.);
#4585=ORIENTED_EDGE('',*,*,#3275,.F.);
#4586=ORIENTED_EDGE('',*,*,#3133,.F.);
#4587=ORIENTED_EDGE('',*,*,#3276,.F.);
#4588=ORIENTED_EDGE('',*,*,#3135,.F.);
#4589=ORIENTED_EDGE('',*,*,#3277,.F.);
#4590=ORIENTED_EDGE('',*,*,#3278,.F.);
#4591=ORIENTED_EDGE('',*,*,#3278,.T.);
#4592=ORIENTED_EDGE('',*,*,#3279,.F.);
#4593=ORIENTED_EDGE('',*,*,#3274,.T.);
#4594=ORIENTED_EDGE('',*,*,#3280,.F.);
#4595=ORIENTED_EDGE('',*,*,#3134,.F.);
#4596=ORIENTED_EDGE('',*,*,#3275,.T.);
#4597=ORIENTED_EDGE('',*,*,#3279,.T.);
#4598=ORIENTED_EDGE('',*,*,#3277,.T.);
#4599=ORIENTED_EDGE('',*,*,#3235,.T.);
#4600=ORIENTED_EDGE('',*,*,#3155,.F.);
#4601=ORIENTED_EDGE('',*,*,#3281,.F.);
#4602=ORIENTED_EDGE('',*,*,#3282,.F.);
#4603=ORIENTED_EDGE('',*,*,#3238,.T.);
#4604=ORIENTED_EDGE('',*,*,#3283,.F.);
#4605=ORIENTED_EDGE('',*,*,#3284,.F.);
#4606=ORIENTED_EDGE('',*,*,#3153,.F.);
#4607=ORIENTED_EDGE('',*,*,#3237,.T.);
#4608=ORIENTED_EDGE('',*,*,#3236,.T.);
#4609=ORIENTED_EDGE('',*,*,#3282,.T.);
#4610=ORIENTED_EDGE('',*,*,#3285,.F.);
#4611=ORIENTED_EDGE('',*,*,#3283,.T.);
#4612=ORIENTED_EDGE('',*,*,#3154,.F.);
#4613=ORIENTED_EDGE('',*,*,#3284,.T.);
#4614=ORIENTED_EDGE('',*,*,#3285,.T.);
#4615=ORIENTED_EDGE('',*,*,#3281,.T.);
#4616=ORIENTED_EDGE('',*,*,#3209,.T.);
#4617=ORIENTED_EDGE('',*,*,#3151,.F.);
#4618=ORIENTED_EDGE('',*,*,#3286,.F.);
#4619=ORIENTED_EDGE('',*,*,#3287,.F.);
#4620=ORIENTED_EDGE('',*,*,#3212,.T.);
#4621=ORIENTED_EDGE('',*,*,#3288,.F.);
#4622=ORIENTED_EDGE('',*,*,#3289,.F.);
#4623=ORIENTED_EDGE('',*,*,#3149,.F.);
#4624=ORIENTED_EDGE('',*,*,#3211,.T.);
#4625=ORIENTED_EDGE('',*,*,#3210,.T.);
#4626=ORIENTED_EDGE('',*,*,#3287,.T.);
#4627=ORIENTED_EDGE('',*,*,#3290,.F.);
#4628=ORIENTED_EDGE('',*,*,#3288,.T.);
#4629=ORIENTED_EDGE('',*,*,#3150,.F.);
#4630=ORIENTED_EDGE('',*,*,#3289,.T.);
#4631=ORIENTED_EDGE('',*,*,#3290,.T.);
#4632=ORIENTED_EDGE('',*,*,#3286,.T.);
#4633=ORIENTED_EDGE('',*,*,#3073,.T.);
#4634=ORIENTED_EDGE('',*,*,#3166,.F.);
#4635=ORIENTED_EDGE('',*,*,#3291,.F.);
#4636=ORIENTED_EDGE('',*,*,#3292,.F.);
#4637=ORIENTED_EDGE('',*,*,#3076,.T.);
#4638=ORIENTED_EDGE('',*,*,#3293,.F.);
#4639=ORIENTED_EDGE('',*,*,#3294,.F.);
#4640=ORIENTED_EDGE('',*,*,#3164,.F.);
#4641=ORIENTED_EDGE('',*,*,#3075,.T.);
#4642=ORIENTED_EDGE('',*,*,#3074,.T.);
#4643=ORIENTED_EDGE('',*,*,#3292,.T.);
#4644=ORIENTED_EDGE('',*,*,#3295,.F.);
#4645=ORIENTED_EDGE('',*,*,#3293,.T.);
#4646=ORIENTED_EDGE('',*,*,#3165,.F.);
#4647=ORIENTED_EDGE('',*,*,#3294,.T.);
#4648=ORIENTED_EDGE('',*,*,#3295,.T.);
#4649=ORIENTED_EDGE('',*,*,#3291,.T.);
#4650=ORIENTED_EDGE('',*,*,#3296,.T.);
#4651=ORIENTED_EDGE('',*,*,#3163,.F.);
#4652=ORIENTED_EDGE('',*,*,#3297,.F.);
#4653=ORIENTED_EDGE('',*,*,#3298,.F.);
#4654=ORIENTED_EDGE('',*,*,#3299,.T.);
#4655=ORIENTED_EDGE('',*,*,#3298,.T.);
#4656=ORIENTED_EDGE('',*,*,#3300,.F.);
#4657=ORIENTED_EDGE('',*,*,#3301,.T.);
#4658=ORIENTED_EDGE('',*,*,#3302,.T.);
#4659=ORIENTED_EDGE('',*,*,#3301,.F.);
#4660=ORIENTED_EDGE('',*,*,#3303,.F.);
#4661=ORIENTED_EDGE('',*,*,#3161,.F.);
#4662=ORIENTED_EDGE('',*,*,#3162,.F.);
#4663=ORIENTED_EDGE('',*,*,#3303,.T.);
#4664=ORIENTED_EDGE('',*,*,#3300,.T.);
#4665=ORIENTED_EDGE('',*,*,#3297,.T.);
#4666=ORIENTED_EDGE('',*,*,#3111,.T.);
#4667=ORIENTED_EDGE('',*,*,#3304,.F.);
#4668=ORIENTED_EDGE('',*,*,#3305,.F.);
#4669=ORIENTED_EDGE('',*,*,#3306,.F.);
#4670=ORIENTED_EDGE('',*,*,#3069,.F.);
#4671=ORIENTED_EDGE('',*,*,#3113,.T.);
#4672=ORIENTED_EDGE('',*,*,#3307,.F.);
#4673=ORIENTED_EDGE('',*,*,#3308,.F.);
#4674=ORIENTED_EDGE('',*,*,#3309,.T.);
#4675=ORIENTED_EDGE('',*,*,#3310,.F.);
#4676=ORIENTED_EDGE('',*,*,#3311,.T.);
#4677=ORIENTED_EDGE('',*,*,#3306,.T.);
#4678=ORIENTED_EDGE('',*,*,#3312,.T.);
#4679=ORIENTED_EDGE('',*,*,#3308,.T.);
#4680=ORIENTED_EDGE('',*,*,#3307,.T.);
#4681=ORIENTED_EDGE('',*,*,#3112,.F.);
#4682=ORIENTED_EDGE('',*,*,#3296,.F.);
#4683=ORIENTED_EDGE('',*,*,#3299,.F.);
#4684=ORIENTED_EDGE('',*,*,#3302,.F.);
#4685=ORIENTED_EDGE('',*,*,#3160,.F.);
#4686=ORIENTED_EDGE('',*,*,#3313,.T.);
#4687=ORIENTED_EDGE('',*,*,#3314,.T.);
#4688=ORIENTED_EDGE('',*,*,#3304,.T.);
#4689=ORIENTED_EDGE('',*,*,#3110,.F.);
#4690=ORIENTED_EDGE('',*,*,#3315,.T.);
#4691=ORIENTED_EDGE('',*,*,#3316,.T.);
#4692=ORIENTED_EDGE('',*,*,#3109,.T.);
#4693=ORIENTED_EDGE('',*,*,#3071,.F.);
#4694=ORIENTED_EDGE('',*,*,#3317,.T.);
#4695=ORIENTED_EDGE('',*,*,#3318,.T.);
#4696=ORIENTED_EDGE('',*,*,#3315,.F.);
#4697=ORIENTED_EDGE('',*,*,#3317,.F.);
#4698=ORIENTED_EDGE('',*,*,#3319,.T.);
#4699=ORIENTED_EDGE('',*,*,#3320,.F.);
#4700=ORIENTED_EDGE('',*,*,#3321,.F.);
#4701=ORIENTED_EDGE('',*,*,#3108,.T.);
#4702=ORIENTED_EDGE('',*,*,#3322,.F.);
#4703=ORIENTED_EDGE('',*,*,#3323,.F.);
#4704=ORIENTED_EDGE('',*,*,#3320,.T.);
#4705=ORIENTED_EDGE('',*,*,#3324,.F.);
#4706=ORIENTED_EDGE('',*,*,#3310,.T.);
#4707=ORIENTED_EDGE('',*,*,#3325,.T.);
#4708=ORIENTED_EDGE('',*,*,#3326,.T.);
#4709=ORIENTED_EDGE('',*,*,#3114,.F.);
#4710=ORIENTED_EDGE('',*,*,#3106,.T.);
#4711=ORIENTED_EDGE('',*,*,#3327,.F.);
#4712=ORIENTED_EDGE('',*,*,#3328,.T.);
#4713=ORIENTED_EDGE('',*,*,#3329,.T.);
#4714=ORIENTED_EDGE('',*,*,#3330,.F.);
#4715=ORIENTED_EDGE('',*,*,#3328,.F.);
#4716=ORIENTED_EDGE('',*,*,#3331,.T.);
#4717=ORIENTED_EDGE('',*,*,#3332,.F.);
#4718=ORIENTED_EDGE('',*,*,#3333,.F.);
#4719=ORIENTED_EDGE('',*,*,#3147,.T.);
#4720=ORIENTED_EDGE('',*,*,#3334,.F.);
#4721=ORIENTED_EDGE('',*,*,#3335,.F.);
#4722=ORIENTED_EDGE('',*,*,#3332,.T.);
#4723=ORIENTED_EDGE('',*,*,#3206,.F.);
#4724=ORIENTED_EDGE('',*,*,#3324,.T.);
#4725=ORIENTED_EDGE('',*,*,#3336,.T.);
#4726=ORIENTED_EDGE('',*,*,#3327,.T.);
#4727=ORIENTED_EDGE('',*,*,#3105,.F.);
#4728=ORIENTED_EDGE('',*,*,#3093,.F.);
#4729=ORIENTED_EDGE('',*,*,#3098,.F.);
#4730=ORIENTED_EDGE('',*,*,#3097,.F.);
#4731=ORIENTED_EDGE('',*,*,#3101,.F.);
#4732=ORIENTED_EDGE('',*,*,#3167,.F.);
#4733=ORIENTED_EDGE('',*,*,#3322,.T.);
#4734=ORIENTED_EDGE('',*,*,#3107,.F.);
#4735=ORIENTED_EDGE('',*,*,#3330,.T.);
#4736=ORIENTED_EDGE('',*,*,#3337,.T.);
#4737=ORIENTED_EDGE('',*,*,#3145,.T.);
#4738=ORIENTED_EDGE('',*,*,#3208,.F.);
#4739=ORIENTED_EDGE('',*,*,#3338,.T.);
#4740=ORIENTED_EDGE('',*,*,#3339,.T.);
#4741=ORIENTED_EDGE('',*,*,#3340,.F.);
#4742=ORIENTED_EDGE('',*,*,#3338,.F.);
#4743=ORIENTED_EDGE('',*,*,#3341,.T.);
#4744=ORIENTED_EDGE('',*,*,#3342,.F.);
#4745=ORIENTED_EDGE('',*,*,#3343,.F.);
#4746=ORIENTED_EDGE('',*,*,#3143,.T.);
#4747=ORIENTED_EDGE('',*,*,#3344,.F.);
#4748=ORIENTED_EDGE('',*,*,#3345,.F.);
#4749=ORIENTED_EDGE('',*,*,#3342,.T.);
#4750=ORIENTED_EDGE('',*,*,#3232,.F.);
#4751=ORIENTED_EDGE('',*,*,#3334,.T.);
#4752=ORIENTED_EDGE('',*,*,#3146,.F.);
#4753=ORIENTED_EDGE('',*,*,#3340,.T.);
#4754=ORIENTED_EDGE('',*,*,#3346,.T.);
#4755=ORIENTED_EDGE('',*,*,#3141,.T.);
#4756=ORIENTED_EDGE('',*,*,#3234,.F.);
#4757=ORIENTED_EDGE('',*,*,#3347,.T.);
#4758=ORIENTED_EDGE('',*,*,#3348,.T.);
#4759=ORIENTED_EDGE('',*,*,#3349,.F.);
#4760=ORIENTED_EDGE('',*,*,#3347,.F.);
#4761=ORIENTED_EDGE('',*,*,#3350,.T.);
#4762=ORIENTED_EDGE('',*,*,#3351,.F.);
#4763=ORIENTED_EDGE('',*,*,#3352,.F.);
#4764=ORIENTED_EDGE('',*,*,#3139,.T.);
#4765=ORIENTED_EDGE('',*,*,#3353,.F.);
#4766=ORIENTED_EDGE('',*,*,#3354,.F.);
#4767=ORIENTED_EDGE('',*,*,#3351,.T.);
#4768=ORIENTED_EDGE('',*,*,#3355,.F.);
#4769=ORIENTED_EDGE('',*,*,#3344,.T.);
#4770=ORIENTED_EDGE('',*,*,#3142,.F.);
#4771=ORIENTED_EDGE('',*,*,#3349,.T.);
#4772=ORIENTED_EDGE('',*,*,#3356,.T.);
#4773=ORIENTED_EDGE('',*,*,#3357,.F.);
#4774=ORIENTED_EDGE('',*,*,#3358,.F.);
#4775=ORIENTED_EDGE('',*,*,#3359,.F.);
#4776=ORIENTED_EDGE('',*,*,#3360,.F.);
#4777=ORIENTED_EDGE('',*,*,#3359,.T.);
#4778=ORIENTED_EDGE('',*,*,#3361,.T.);
#4779=ORIENTED_EDGE('',*,*,#3362,.F.);
#4780=ORIENTED_EDGE('',*,*,#3157,.F.);
#4781=ORIENTED_EDGE('',*,*,#3363,.T.);
#4782=ORIENTED_EDGE('',*,*,#3364,.F.);
#4783=ORIENTED_EDGE('',*,*,#3137,.F.);
#4784=ORIENTED_EDGE('',*,*,#3365,.F.);
#4785=ORIENTED_EDGE('',*,*,#3366,.T.);
#4786=ORIENTED_EDGE('',*,*,#3217,.T.);
#4787=ORIENTED_EDGE('',*,*,#3181,.F.);
#4788=ORIENTED_EDGE('',*,*,#3240,.F.);
#4789=ORIENTED_EDGE('',*,*,#3367,.T.);
#4790=ORIENTED_EDGE('',*,*,#3368,.F.);
#4791=ORIENTED_EDGE('',*,*,#3369,.F.);
#4792=ORIENTED_EDGE('',*,*,#3370,.T.);
#4793=ORIENTED_EDGE('',*,*,#3371,.F.);
#4794=ORIENTED_EDGE('',*,*,#3372,.F.);
#4795=ORIENTED_EDGE('',*,*,#3373,.F.);
#4796=ORIENTED_EDGE('',*,*,#3374,.F.);
#4797=ORIENTED_EDGE('',*,*,#3375,.T.);
#4798=ORIENTED_EDGE('',*,*,#3038,.F.);
#4799=ORIENTED_EDGE('',*,*,#3176,.T.);
#4800=ORIENTED_EDGE('',*,*,#3188,.T.);
#4801=ORIENTED_EDGE('',*,*,#3376,.T.);
#4802=ORIENTED_EDGE('',*,*,#3377,.F.);
#4803=ORIENTED_EDGE('',*,*,#3115,.T.);
#4804=ORIENTED_EDGE('',*,*,#3378,.F.);
#4805=ORIENTED_EDGE('',*,*,#3379,.T.);
#4806=ORIENTED_EDGE('',*,*,#3326,.F.);
#4807=ORIENTED_EDGE('',*,*,#3380,.F.);
#4808=ORIENTED_EDGE('',*,*,#3313,.F.);
#4809=ORIENTED_EDGE('',*,*,#3381,.F.);
#4810=ORIENTED_EDGE('',*,*,#3382,.F.);
#4811=ORIENTED_EDGE('',*,*,#3383,.F.);
#4812=ORIENTED_EDGE('',*,*,#3171,.F.);
#4813=ORIENTED_EDGE('',*,*,#3384,.T.);
#4814=ORIENTED_EDGE('',*,*,#3373,.T.);
#4815=ORIENTED_EDGE('',*,*,#3385,.T.);
#4816=ORIENTED_EDGE('',*,*,#3386,.F.);
#4817=ORIENTED_EDGE('',*,*,#3379,.F.);
#4818=ORIENTED_EDGE('',*,*,#3374,.T.);
#4819=ORIENTED_EDGE('',*,*,#3384,.F.);
#4820=ORIENTED_EDGE('',*,*,#3387,.F.);
#4821=ORIENTED_EDGE('',*,*,#3388,.F.);
#4822=ORIENTED_EDGE('',*,*,#3360,.T.);
#4823=ORIENTED_EDGE('',*,*,#3367,.F.);
#4824=ORIENTED_EDGE('',*,*,#3389,.F.);
#4825=ORIENTED_EDGE('',*,*,#3386,.T.);
#4826=ORIENTED_EDGE('',*,*,#3390,.T.);
#4827=ORIENTED_EDGE('',*,*,#3378,.T.);
#4828=ORIENTED_EDGE('',*,*,#3387,.T.);
#4829=ORIENTED_EDGE('',*,*,#3375,.F.);
#4830=ORIENTED_EDGE('',*,*,#3390,.F.);
#4831=ORIENTED_EDGE('',*,*,#3385,.F.);
#4832=ORIENTED_EDGE('',*,*,#3372,.T.);
#4833=ORIENTED_EDGE('',*,*,#3353,.T.);
#4834=ORIENTED_EDGE('',*,*,#3138,.F.);
#4835=ORIENTED_EDGE('',*,*,#3370,.F.);
#4836=ORIENTED_EDGE('',*,*,#3391,.T.);
#4837=ORIENTED_EDGE('',*,*,#3363,.F.);
#4838=ORIENTED_EDGE('',*,*,#3358,.T.);
#4839=ORIENTED_EDGE('',*,*,#3392,.F.);
#4840=ORIENTED_EDGE('',*,*,#3393,.F.);
#4841=ORIENTED_EDGE('',*,*,#3394,.T.);
#4842=ORIENTED_EDGE('',*,*,#3395,.F.);
#4843=ORIENTED_EDGE('',*,*,#3361,.F.);
#4844=ORIENTED_EDGE('',*,*,#3239,.F.);
#4845=ORIENTED_EDGE('',*,*,#3231,.F.);
#4846=ORIENTED_EDGE('',*,*,#3204,.F.);
#4847=ORIENTED_EDGE('',*,*,#3189,.F.);
#4848=ORIENTED_EDGE('',*,*,#3168,.F.);
#4849=ORIENTED_EDGE('',*,*,#3077,.F.);
#4850=ORIENTED_EDGE('',*,*,#3062,.F.);
#4851=ORIENTED_EDGE('',*,*,#3046,.F.);
#4852=ORIENTED_EDGE('',*,*,#3040,.F.);
#4853=ORIENTED_EDGE('',*,*,#3034,.F.);
#4854=ORIENTED_EDGE('',*,*,#3045,.T.);
#4855=ORIENTED_EDGE('',*,*,#3053,.F.);
#4856=ORIENTED_EDGE('',*,*,#3057,.F.);
#4857=ORIENTED_EDGE('',*,*,#3059,.F.);
#4858=ORIENTED_EDGE('',*,*,#3067,.T.);
#4859=ORIENTED_EDGE('',*,*,#3090,.F.);
#4860=ORIENTED_EDGE('',*,*,#3092,.F.);
#4861=ORIENTED_EDGE('',*,*,#3082,.F.);
#4862=ORIENTED_EDGE('',*,*,#3213,.T.);
#4863=ORIENTED_EDGE('',*,*,#3196,.F.);
#4864=ORIENTED_EDGE('',*,*,#3200,.F.);
#4865=ORIENTED_EDGE('',*,*,#3202,.F.);
#4866=ORIENTED_EDGE('',*,*,#3218,.T.);
#4867=ORIENTED_EDGE('',*,*,#3366,.F.);
#4868=ORIENTED_EDGE('',*,*,#3396,.F.);
#4869=ORIENTED_EDGE('',*,*,#3376,.F.);
#4870=ORIENTED_EDGE('',*,*,#3187,.T.);
#4871=ORIENTED_EDGE('',*,*,#3032,.F.);
#4872=ORIENTED_EDGE('',*,*,#3039,.F.);
#4873=ORIENTED_EDGE('',*,*,#3383,.T.);
#4874=ORIENTED_EDGE('',*,*,#3397,.F.);
#4875=ORIENTED_EDGE('',*,*,#3398,.F.);
#4876=ORIENTED_EDGE('',*,*,#3172,.T.);
#4877=ORIENTED_EDGE('',*,*,#3377,.T.);
#4878=ORIENTED_EDGE('',*,*,#3396,.T.);
#4879=ORIENTED_EDGE('',*,*,#3365,.T.);
#4880=ORIENTED_EDGE('',*,*,#3136,.T.);
#4881=ORIENTED_EDGE('',*,*,#3276,.T.);
#4882=ORIENTED_EDGE('',*,*,#3280,.T.);
#4883=ORIENTED_EDGE('',*,*,#3273,.T.);
#4884=ORIENTED_EDGE('',*,*,#3132,.T.);
#4885=ORIENTED_EDGE('',*,*,#3268,.T.);
#4886=ORIENTED_EDGE('',*,*,#3272,.T.);
#4887=ORIENTED_EDGE('',*,*,#3265,.T.);
#4888=ORIENTED_EDGE('',*,*,#3128,.T.);
#4889=ORIENTED_EDGE('',*,*,#3244,.T.);
#4890=ORIENTED_EDGE('',*,*,#3248,.T.);
#4891=ORIENTED_EDGE('',*,*,#3241,.T.);
#4892=ORIENTED_EDGE('',*,*,#3124,.T.);
#4893=ORIENTED_EDGE('',*,*,#3263,.T.);
#4894=ORIENTED_EDGE('',*,*,#3262,.T.);
#4895=ORIENTED_EDGE('',*,*,#3264,.T.);
#4896=ORIENTED_EDGE('',*,*,#3120,.T.);
#4897=ORIENTED_EDGE('',*,*,#3252,.T.);
#4898=ORIENTED_EDGE('',*,*,#3256,.T.);
#4899=ORIENTED_EDGE('',*,*,#3249,.T.);
#4900=ORIENTED_EDGE('',*,*,#3116,.T.);
#4901=ORIENTED_EDGE('',*,*,#3371,.T.);
#4902=ORIENTED_EDGE('',*,*,#3159,.F.);
#4903=ORIENTED_EDGE('',*,*,#3399,.T.);
#4904=ORIENTED_EDGE('',*,*,#3394,.F.);
#4905=ORIENTED_EDGE('',*,*,#3355,.T.);
#4906=ORIENTED_EDGE('',*,*,#3400,.T.);
#4907=ORIENTED_EDGE('',*,*,#3368,.T.);
#4908=ORIENTED_EDGE('',*,*,#3156,.F.);
#4909=ORIENTED_EDGE('',*,*,#3381,.T.);
#4910=ORIENTED_EDGE('',*,*,#3174,.T.);
#4911=ORIENTED_EDGE('',*,*,#3401,.F.);
#4912=ORIENTED_EDGE('',*,*,#3402,.T.);
#4913=ORIENTED_EDGE('',*,*,#3399,.F.);
#4914=ORIENTED_EDGE('',*,*,#3158,.T.);
#4915=ORIENTED_EDGE('',*,*,#3362,.T.);
#4916=ORIENTED_EDGE('',*,*,#3395,.T.);
#4917=ORIENTED_EDGE('',*,*,#3403,.F.);
#4918=ORIENTED_EDGE('',*,*,#3392,.T.);
#4919=ORIENTED_EDGE('',*,*,#3357,.T.);
#4920=ORIENTED_EDGE('',*,*,#3388,.T.);
#4921=ORIENTED_EDGE('',*,*,#3403,.T.);
#4922=ORIENTED_EDGE('',*,*,#3389,.T.);
#4923=ORIENTED_EDGE('',*,*,#3364,.T.);
#4924=ORIENTED_EDGE('',*,*,#3393,.T.);
#4925=ORIENTED_EDGE('',*,*,#3382,.T.);
#4926=ORIENTED_EDGE('',*,*,#3402,.F.);
#4927=ORIENTED_EDGE('',*,*,#3404,.F.);
#4928=ORIENTED_EDGE('',*,*,#3397,.T.);
#4929=ORIENTED_EDGE('',*,*,#3391,.F.);
#4930=ORIENTED_EDGE('',*,*,#3369,.T.);
#4931=ORIENTED_EDGE('',*,*,#3400,.F.);
#4932=ORIENTED_EDGE('',*,*,#3350,.F.);
#4933=ORIENTED_EDGE('',*,*,#3233,.F.);
#4934=ORIENTED_EDGE('',*,*,#3341,.F.);
#4935=ORIENTED_EDGE('',*,*,#3207,.F.);
#4936=ORIENTED_EDGE('',*,*,#3331,.F.);
#4937=ORIENTED_EDGE('',*,*,#3336,.F.);
#4938=ORIENTED_EDGE('',*,*,#3319,.F.);
#4939=ORIENTED_EDGE('',*,*,#3070,.F.);
#4940=ORIENTED_EDGE('',*,*,#3311,.F.);
#4941=ORIENTED_EDGE('',*,*,#3314,.F.);
#4942=ORIENTED_EDGE('',*,*,#3380,.T.);
#4943=ORIENTED_EDGE('',*,*,#3325,.F.);
#4944=ORIENTED_EDGE('',*,*,#3309,.F.);
#4945=ORIENTED_EDGE('',*,*,#3312,.F.);
#4946=ORIENTED_EDGE('',*,*,#3305,.T.);
#4947=ORIENTED_EDGE('',*,*,#3316,.F.);
#4948=ORIENTED_EDGE('',*,*,#3318,.F.);
#4949=ORIENTED_EDGE('',*,*,#3321,.T.);
#4950=ORIENTED_EDGE('',*,*,#3323,.T.);
#4951=ORIENTED_EDGE('',*,*,#3337,.F.);
#4952=ORIENTED_EDGE('',*,*,#3329,.F.);
#4953=ORIENTED_EDGE('',*,*,#3333,.T.);
#4954=ORIENTED_EDGE('',*,*,#3335,.T.);
#4955=ORIENTED_EDGE('',*,*,#3346,.F.);
#4956=ORIENTED_EDGE('',*,*,#3339,.F.);
#4957=ORIENTED_EDGE('',*,*,#3343,.T.);
#4958=ORIENTED_EDGE('',*,*,#3345,.T.);
#4959=ORIENTED_EDGE('',*,*,#3356,.F.);
#4960=ORIENTED_EDGE('',*,*,#3348,.F.);
#4961=ORIENTED_EDGE('',*,*,#3352,.T.);
#4962=ORIENTED_EDGE('',*,*,#3354,.T.);
#4963=ORIENTED_EDGE('',*,*,#3173,.T.);
#4964=ORIENTED_EDGE('',*,*,#3398,.T.);
#4965=ORIENTED_EDGE('',*,*,#3404,.T.);
#4966=ORIENTED_EDGE('',*,*,#3401,.T.);
#4967=ORIENTED_EDGE('',*,*,#3405,.T.);
#4968=ORIENTED_EDGE('',*,*,#3406,.T.);
#4969=ORIENTED_EDGE('',*,*,#3407,.T.);
#4970=ORIENTED_EDGE('',*,*,#3408,.T.);
#4971=ORIENTED_EDGE('',*,*,#3409,.F.);
#4972=ORIENTED_EDGE('',*,*,#3410,.F.);
#4973=ORIENTED_EDGE('',*,*,#3405,.F.);
#4974=ORIENTED_EDGE('',*,*,#3411,.F.);
#4975=ORIENTED_EDGE('',*,*,#3411,.T.);
#4976=ORIENTED_EDGE('',*,*,#3408,.F.);
#4977=ORIENTED_EDGE('',*,*,#3412,.T.);
#4978=ORIENTED_EDGE('',*,*,#3413,.F.);
#4979=ORIENTED_EDGE('',*,*,#3414,.F.);
#4980=ORIENTED_EDGE('',*,*,#3412,.F.);
#4981=ORIENTED_EDGE('',*,*,#3407,.F.);
#4982=ORIENTED_EDGE('',*,*,#3415,.F.);
#4983=ORIENTED_EDGE('',*,*,#3410,.T.);
#4984=ORIENTED_EDGE('',*,*,#3416,.F.);
#4985=ORIENTED_EDGE('',*,*,#3415,.T.);
#4986=ORIENTED_EDGE('',*,*,#3406,.F.);
#4987=ORIENTED_EDGE('',*,*,#3417,.T.);
#4988=ORIENTED_EDGE('',*,*,#3418,.T.);
#4989=ORIENTED_EDGE('',*,*,#3419,.T.);
#4990=ORIENTED_EDGE('',*,*,#3420,.T.);
#4991=ORIENTED_EDGE('',*,*,#3421,.T.);
#4992=ORIENTED_EDGE('',*,*,#3422,.T.);
#4993=ORIENTED_EDGE('',*,*,#3423,.T.);
#4994=ORIENTED_EDGE('',*,*,#3424,.T.);
#4995=ORIENTED_EDGE('',*,*,#3425,.F.);
#4996=ORIENTED_EDGE('',*,*,#3421,.F.);
#4997=ORIENTED_EDGE('',*,*,#3426,.F.);
#4998=ORIENTED_EDGE('',*,*,#3417,.F.);
#4999=ORIENTED_EDGE('',*,*,#3413,.T.);
#5000=ORIENTED_EDGE('',*,*,#3414,.T.);
#5001=ORIENTED_EDGE('',*,*,#3416,.T.);
#5002=ORIENTED_EDGE('',*,*,#3409,.T.);
#5003=ORIENTED_EDGE('',*,*,#3426,.T.);
#5004=ORIENTED_EDGE('',*,*,#3424,.F.);
#5005=ORIENTED_EDGE('',*,*,#3427,.T.);
#5006=ORIENTED_EDGE('',*,*,#3418,.F.);
#5007=ORIENTED_EDGE('',*,*,#3425,.T.);
#5008=ORIENTED_EDGE('',*,*,#3420,.F.);
#5009=ORIENTED_EDGE('',*,*,#3428,.T.);
#5010=ORIENTED_EDGE('',*,*,#3422,.F.);
#5011=ORIENTED_EDGE('',*,*,#3428,.F.);
#5012=ORIENTED_EDGE('',*,*,#3419,.F.);
#5013=ORIENTED_EDGE('',*,*,#3427,.F.);
#5014=ORIENTED_EDGE('',*,*,#3423,.F.);
#5015=PLANE('',#5510);
#5016=PLANE('',#5511);
#5017=PLANE('',#5512);
#5018=PLANE('',#5513);
#5019=PLANE('',#5514);
#5020=PLANE('',#5515);
#5021=PLANE('',#5516);
#5022=PLANE('',#5517);
#5023=PLANE('',#5518);
#5024=PLANE('',#5522);
#5025=PLANE('',#5523);
#5026=PLANE('',#5524);
#5027=PLANE('',#5525);
#5028=PLANE('',#5526);
#5029=PLANE('',#5527);
#5030=PLANE('',#5528);
#5031=PLANE('',#5529);
#5032=PLANE('',#5530);
#5033=PLANE('',#5531);
#5034=PLANE('',#5532);
#5035=PLANE('',#5533);
#5036=PLANE('',#5537);
#5037=PLANE('',#5538);
#5038=PLANE('',#5539);
#5039=PLANE('',#5540);
#5040=PLANE('',#5541);
#5041=PLANE('',#5542);
#5042=PLANE('',#5543);
#5043=PLANE('',#5544);
#5044=PLANE('',#5545);
#5045=PLANE('',#5546);
#5046=PLANE('',#5547);
#5047=PLANE('',#5548);
#5048=PLANE('',#5549);
#5049=PLANE('',#5550);
#5050=PLANE('',#5551);
#5051=PLANE('',#5552);
#5052=PLANE('',#5553);
#5053=PLANE('',#5554);
#5054=PLANE('',#5555);
#5055=PLANE('',#5556);
#5056=PLANE('',#5557);
#5057=PLANE('',#5558);
#5058=PLANE('',#5559);
#5059=PLANE('',#5560);
#5060=PLANE('',#5561);
#5061=PLANE('',#5562);
#5062=PLANE('',#5563);
#5063=PLANE('',#5564);
#5064=PLANE('',#5565);
#5065=PLANE('',#5566);
#5066=PLANE('',#5567);
#5067=PLANE('',#5568);
#5068=PLANE('',#5569);
#5069=PLANE('',#5570);
#5070=PLANE('',#5571);
#5071=PLANE('',#5572);
#5072=PLANE('',#5573);
#5073=PLANE('',#5574);
#5074=PLANE('',#5575);
#5075=PLANE('',#5576);
#5076=PLANE('',#5577);
#5077=PLANE('',#5578);
#5078=PLANE('',#5579);
#5079=PLANE('',#5580);
#5080=PLANE('',#5581);
#5081=PLANE('',#5582);
#5082=PLANE('',#5583);
#5083=PLANE('',#5584);
#5084=PLANE('',#5585);
#5085=PLANE('',#5586);
#5086=PLANE('',#5587);
#5087=PLANE('',#5588);
#5088=PLANE('',#5589);
#5089=PLANE('',#5590);
#5090=PLANE('',#5591);
#5091=PLANE('',#5592);
#5092=PLANE('',#5593);
#5093=PLANE('',#5594);
#5094=PLANE('',#5595);
#5095=PLANE('',#5596);
#5096=PLANE('',#5597);
#5097=PLANE('',#5598);
#5098=PLANE('',#5599);
#5099=PLANE('',#5600);
#5100=PLANE('',#5601);
#5101=PLANE('',#5602);
#5102=PLANE('',#5603);
#5103=PLANE('',#5604);
#5104=PLANE('',#5605);
#5105=PLANE('',#5606);
#5106=PLANE('',#5607);
#5107=PLANE('',#5608);
#5108=PLANE('',#5609);
#5109=PLANE('',#5610);
#5110=PLANE('',#5611);
#5111=PLANE('',#5612);
#5112=PLANE('',#5613);
#5113=PLANE('',#5614);
#5114=PLANE('',#5615);
#5115=PLANE('',#5616);
#5116=PLANE('',#5617);
#5117=PLANE('',#5618);
#5118=PLANE('',#5619);
#5119=PLANE('',#5620);
#5120=PLANE('',#5621);
#5121=PLANE('',#5622);
#5122=PLANE('',#5623);
#5123=PLANE('',#5624);
#5124=PLANE('',#5625);
#5125=PLANE('',#5626);
#5126=PLANE('',#5627);
#5127=PLANE('',#5628);
#5128=PLANE('',#5629);
#5129=PLANE('',#5630);
#5130=PLANE('',#5631);
#5131=PLANE('',#5632);
#5132=PLANE('',#5633);
#5133=PLANE('',#5634);
#5134=PLANE('',#5635);
#5135=PLANE('',#5636);
#5136=PLANE('',#5637);
#5137=PLANE('',#5638);
#5138=PLANE('',#5639);
#5139=PLANE('',#5640);
#5140=PLANE('',#5641);
#5141=PLANE('',#5642);
#5142=PLANE('',#5643);
#5143=PLANE('',#5644);
#5144=PLANE('',#5645);
#5145=PLANE('',#5646);
#5146=PLANE('',#5647);
#5147=PLANE('',#5648);
#5148=PLANE('',#5649);
#5149=PLANE('',#5650);
#5150=PLANE('',#5651);
#5151=PLANE('',#5652);
#5152=PLANE('',#5653);
#5153=PLANE('',#5654);
#5154=PLANE('',#5655);
#5155=PLANE('',#5656);
#5156=PLANE('',#5657);
#5157=PLANE('',#5658);
#5158=PLANE('',#5659);
#5159=PLANE('',#5660);
#5160=PLANE('',#5661);
#5161=PLANE('',#5662);
#5162=PLANE('',#5663);
#5163=PLANE('',#5664);
#5164=PLANE('',#5665);
#5165=PLANE('',#5666);
#5166=PLANE('',#5667);
#5167=PLANE('',#5668);
#5168=PLANE('',#5669);
#5169=PLANE('',#5670);
#5170=PLANE('',#5671);
#5171=PLANE('',#5672);
#5172=PLANE('',#5673);
#5173=PLANE('',#5674);
#5174=PLANE('',#5675);
#5175=PLANE('',#5676);
#5176=PLANE('',#5677);
#5177=PLANE('',#5678);
#5178=PLANE('',#5679);
#5179=PLANE('',#5680);
#5180=PLANE('',#5681);
#5181=PLANE('',#5682);
#5182=PLANE('',#5683);
#5183=PLANE('',#5684);
#5184=PLANE('',#5685);
#5185=PLANE('',#5686);
#5186=PLANE('',#5687);
#5187=PLANE('',#5688);
#5188=PLANE('',#5689);
#5189=PLANE('',#5690);
#5190=PLANE('',#5691);
#5191=PLANE('',#5692);
#5192=PLANE('',#5693);
#5193=PLANE('',#5694);
#5194=PLANE('',#5695);
#5195=PLANE('',#5696);
#5196=PLANE('',#5697);
#5197=PLANE('',#5698);
#5198=PLANE('',#5699);
#5199=PLANE('',#5700);
#5200=PLANE('',#5701);
#5201=PLANE('',#5702);
#5202=PLANE('',#5703);
#5203=PLANE('',#5704);
#5204=PLANE('',#5705);
#5205=PLANE('',#5706);
#5206=PLANE('',#5707);
#5207=PLANE('',#5708);
#5208=PLANE('',#5709);
#5209=PLANE('',#5710);
#5210=PLANE('',#5711);
#5211=PLANE('',#5712);
#5212=PLANE('',#5713);
#5213=PLANE('',#5714);
#5214=PLANE('',#5715);
#5215=PLANE('',#5716);
#5216=PLANE('',#5717);
#5217=ADVANCED_FACE('',(#267),#5015,.T.);
#5218=ADVANCED_FACE('',(#268),#5016,.T.);
#5219=ADVANCED_FACE('',(#269),#5017,.T.);
#5220=ADVANCED_FACE('',(#270),#5018,.T.);
#5221=ADVANCED_FACE('',(#271),#5019,.T.);
#5222=ADVANCED_FACE('',(#272),#5020,.T.);
#5223=ADVANCED_FACE('',(#273),#5021,.T.);
#5224=ADVANCED_FACE('',(#274),#5022,.T.);
#5225=ADVANCED_FACE('',(#275,#241,#242,#243,#244,#245,#246),#5023,.T.);
#5226=ADVANCED_FACE('',(#276),#5024,.F.);
#5227=ADVANCED_FACE('',(#277),#5025,.F.);
#5228=ADVANCED_FACE('',(#278),#5026,.F.);
#5229=ADVANCED_FACE('',(#279),#5027,.F.);
#5230=ADVANCED_FACE('',(#280),#5028,.F.);
#5231=ADVANCED_FACE('',(#281),#5029,.F.);
#5232=ADVANCED_FACE('',(#282),#5030,.F.);
#5233=ADVANCED_FACE('',(#283),#5031,.F.);
#5234=ADVANCED_FACE('',(#284),#5032,.F.);
#5235=ADVANCED_FACE('',(#285),#5033,.F.);
#5236=ADVANCED_FACE('',(#286),#5034,.F.);
#5237=ADVANCED_FACE('',(#287,#247),#5035,.F.);
#5238=ADVANCED_FACE('',(#288),#5036,.F.);
#5239=ADVANCED_FACE('',(#289),#96,.T.);
#5240=ADVANCED_FACE('',(#290),#97,.T.);
#5241=ADVANCED_FACE('',(#291),#5037,.T.);
#5242=ADVANCED_FACE('',(#292),#5038,.F.);
#5243=ADVANCED_FACE('',(#293),#98,.T.);
#5244=ADVANCED_FACE('',(#294),#5039,.T.);
#5245=ADVANCED_FACE('',(#295),#5040,.T.);
#5246=ADVANCED_FACE('',(#296),#5041,.T.);
#5247=ADVANCED_FACE('',(#297),#25,.F.);
#5248=ADVANCED_FACE('',(#298),#5042,.F.);
#5249=ADVANCED_FACE('',(#299),#26,.F.);
#5250=ADVANCED_FACE('',(#300),#27,.F.);
#5251=ADVANCED_FACE('',(#301),#28,.F.);
#5252=ADVANCED_FACE('',(#302),#29,.F.);
#5253=ADVANCED_FACE('',(#303),#30,.F.);
#5254=ADVANCED_FACE('',(#304),#31,.F.);
#5255=ADVANCED_FACE('',(#305),#32,.F.);
#5256=ADVANCED_FACE('',(#306),#33,.F.);
#5257=ADVANCED_FACE('',(#307),#34,.F.);
#5258=ADVANCED_FACE('',(#308),#35,.F.);
#5259=ADVANCED_FACE('',(#309),#36,.F.);
#5260=ADVANCED_FACE('',(#310),#37,.F.);
#5261=ADVANCED_FACE('',(#311),#38,.F.);
#5262=ADVANCED_FACE('',(#312),#39,.F.);
#5263=ADVANCED_FACE('',(#313),#40,.F.);
#5264=ADVANCED_FACE('',(#314),#41,.F.);
#5265=ADVANCED_FACE('',(#315),#42,.F.);
#5266=ADVANCED_FACE('',(#316),#43,.F.);
#5267=ADVANCED_FACE('',(#317),#5043,.F.);
#5268=ADVANCED_FACE('',(#318),#44,.F.);
#5269=ADVANCED_FACE('',(#319),#45,.F.);
#5270=ADVANCED_FACE('',(#320),#46,.F.);
#5271=ADVANCED_FACE('',(#321),#47,.F.);
#5272=ADVANCED_FACE('',(#322),#48,.F.);
#5273=ADVANCED_FACE('',(#323),#49,.F.);
#5274=ADVANCED_FACE('',(#324),#50,.F.);
#5275=ADVANCED_FACE('',(#325),#51,.F.);
#5276=ADVANCED_FACE('',(#326),#52,.F.);
#5277=ADVANCED_FACE('',(#327),#53,.F.);
#5278=ADVANCED_FACE('',(#328),#54,.F.);
#5279=ADVANCED_FACE('',(#329),#55,.F.);
#5280=ADVANCED_FACE('',(#330),#56,.F.);
#5281=ADVANCED_FACE('',(#331),#57,.F.);
#5282=ADVANCED_FACE('',(#332),#5044,.T.);
#5283=ADVANCED_FACE('',(#333),#5045,.F.);
#5284=ADVANCED_FACE('',(#334),#5046,.F.);
#5285=ADVANCED_FACE('',(#335),#5047,.F.);
#5286=ADVANCED_FACE('',(#336),#58,.F.);
#5287=ADVANCED_FACE('',(#337),#59,.F.);
#5288=ADVANCED_FACE('',(#338),#5048,.F.);
#5289=ADVANCED_FACE('',(#339),#60,.F.);
#5290=ADVANCED_FACE('',(#340),#61,.F.);
#5291=ADVANCED_FACE('',(#341),#5049,.F.);
#5292=ADVANCED_FACE('',(#342,#248),#5050,.F.);
#5293=ADVANCED_FACE('',(#343),#5051,.F.);
#5294=ADVANCED_FACE('',(#344),#5052,.F.);
#5295=ADVANCED_FACE('',(#345),#5053,.F.);
#5296=ADVANCED_FACE('',(#346),#5054,.F.);
#5297=ADVANCED_FACE('',(#347),#5055,.F.);
#5298=ADVANCED_FACE('',(#348),#5056,.F.);
#5299=ADVANCED_FACE('',(#349),#5057,.F.);
#5300=ADVANCED_FACE('',(#350),#5058,.F.);
#5301=ADVANCED_FACE('',(#351),#5059,.F.);
#5302=ADVANCED_FACE('',(#352),#5060,.F.);
#5303=ADVANCED_FACE('',(#353),#5061,.F.);
#5304=ADVANCED_FACE('',(#354),#5062,.F.);
#5305=ADVANCED_FACE('',(#355),#5063,.F.);
#5306=ADVANCED_FACE('',(#356),#5064,.F.);
#5307=ADVANCED_FACE('',(#357,#249),#5065,.T.);
#5308=ADVANCED_FACE('',(#358),#5066,.F.);
#5309=ADVANCED_FACE('',(#359),#5067,.F.);
#5310=ADVANCED_FACE('',(#360),#5068,.F.);
#5311=ADVANCED_FACE('',(#361),#62,.F.);
#5312=ADVANCED_FACE('',(#362),#63,.F.);
#5313=ADVANCED_FACE('',(#363),#64,.F.);
#5314=ADVANCED_FACE('',(#364),#65,.F.);
#5315=ADVANCED_FACE('',(#365),#66,.F.);
#5316=ADVANCED_FACE('',(#366),#67,.F.);
#5317=ADVANCED_FACE('',(#367),#5069,.F.);
#5318=ADVANCED_FACE('',(#368),#5070,.F.);
#5319=ADVANCED_FACE('',(#369),#5071,.F.);
#5320=ADVANCED_FACE('',(#370),#5072,.F.);
#5321=ADVANCED_FACE('',(#371),#68,.F.);
#5322=ADVANCED_FACE('',(#372),#69,.F.);
#5323=ADVANCED_FACE('',(#373),#70,.F.);
#5324=ADVANCED_FACE('',(#374),#71,.F.);
#5325=ADVANCED_FACE('',(#375),#72,.F.);
#5326=ADVANCED_FACE('',(#376),#5073,.F.);
#5327=ADVANCED_FACE('',(#377),#5074,.T.);
#5328=ADVANCED_FACE('',(#378),#5075,.F.);
#5329=ADVANCED_FACE('',(#379),#5076,.F.);
#5330=ADVANCED_FACE('',(#380),#5077,.F.);
#5331=ADVANCED_FACE('',(#381),#5078,.F.);
#5332=ADVANCED_FACE('',(#382),#73,.F.);
#5333=ADVANCED_FACE('',(#383),#74,.F.);
#5334=ADVANCED_FACE('',(#384),#75,.F.);
#5335=ADVANCED_FACE('',(#385),#76,.F.);
#5336=ADVANCED_FACE('',(#386),#77,.F.);
#5337=ADVANCED_FACE('',(#387),#78,.F.);
#5338=ADVANCED_FACE('',(#388),#79,.F.);
#5339=ADVANCED_FACE('',(#389),#80,.F.);
#5340=ADVANCED_FACE('',(#390),#81,.F.);
#5341=ADVANCED_FACE('',(#391),#82,.F.);
#5342=ADVANCED_FACE('',(#392),#83,.F.);
#5343=ADVANCED_FACE('',(#393),#5079,.F.);
#5344=ADVANCED_FACE('',(#394),#84,.F.);
#5345=ADVANCED_FACE('',(#395),#85,.F.);
#5346=ADVANCED_FACE('',(#396),#86,.F.);
#5347=ADVANCED_FACE('',(#397),#87,.F.);
#5348=ADVANCED_FACE('',(#398),#88,.F.);
#5349=ADVANCED_FACE('',(#399),#89,.F.);
#5350=ADVANCED_FACE('',(#400),#90,.F.);
#5351=ADVANCED_FACE('',(#401),#91,.F.);
#5352=ADVANCED_FACE('',(#402),#92,.F.);
#5353=ADVANCED_FACE('',(#403),#93,.F.);
#5354=ADVANCED_FACE('',(#404),#94,.F.);
#5355=ADVANCED_FACE('',(#405),#95,.F.);
#5356=ADVANCED_FACE('',(#406),#5080,.F.);
#5357=ADVANCED_FACE('',(#407),#5081,.T.);
#5358=ADVANCED_FACE('',(#408),#5082,.T.);
#5359=ADVANCED_FACE('',(#409),#5083,.T.);
#5360=ADVANCED_FACE('',(#410),#5084,.T.);
#5361=ADVANCED_FACE('',(#411),#5085,.F.);
#5362=ADVANCED_FACE('',(#412),#5086,.T.);
#5363=ADVANCED_FACE('',(#413),#5087,.T.);
#5364=ADVANCED_FACE('',(#414),#5088,.F.);
#5365=ADVANCED_FACE('',(#415),#5089,.F.);
#5366=ADVANCED_FACE('',(#416),#5090,.T.);
#5367=ADVANCED_FACE('',(#417),#5091,.T.);
#5368=ADVANCED_FACE('',(#418),#5092,.F.);
#5369=ADVANCED_FACE('',(#419),#5093,.T.);
#5370=ADVANCED_FACE('',(#420),#5094,.T.);
#5371=ADVANCED_FACE('',(#421),#5095,.T.);
#5372=ADVANCED_FACE('',(#422),#5096,.T.);
#5373=ADVANCED_FACE('',(#423),#5097,.F.);
#5374=ADVANCED_FACE('',(#424),#5098,.F.);
#5375=ADVANCED_FACE('',(#425),#5099,.T.);
#5376=ADVANCED_FACE('',(#426),#5100,.F.);
#5377=ADVANCED_FACE('',(#427),#5101,.T.);
#5378=ADVANCED_FACE('',(#428),#5102,.T.);
#5379=ADVANCED_FACE('',(#429),#5103,.T.);
#5380=ADVANCED_FACE('',(#430),#5104,.T.);
#5381=ADVANCED_FACE('',(#431),#5105,.T.);
#5382=ADVANCED_FACE('',(#432,#250,#251,#252,#253,#254,#255),#5106,.F.);
#5383=ADVANCED_FACE('',(#433),#5107,.F.);
#5384=ADVANCED_FACE('',(#434),#5108,.T.);
#5385=ADVANCED_FACE('',(#435),#5109,.T.);
#5386=ADVANCED_FACE('',(#436),#5110,.F.);
#5387=ADVANCED_FACE('',(#437),#5111,.F.);
#5388=ADVANCED_FACE('',(#438),#5112,.T.);
#5389=ADVANCED_FACE('',(#439),#5113,.T.);
#5390=ADVANCED_FACE('',(#440),#5114,.T.);
#5391=ADVANCED_FACE('',(#441),#5115,.F.);
#5392=ADVANCED_FACE('',(#442),#5116,.F.);
#5393=ADVANCED_FACE('',(#443),#5117,.T.);
#5394=ADVANCED_FACE('',(#444),#5118,.T.);
#5395=ADVANCED_FACE('',(#445),#5119,.F.);
#5396=ADVANCED_FACE('',(#446),#5120,.F.);
#5397=ADVANCED_FACE('',(#447),#5121,.F.);
#5398=ADVANCED_FACE('',(#448),#5122,.T.);
#5399=ADVANCED_FACE('',(#449),#5123,.T.);
#5400=ADVANCED_FACE('',(#450),#5124,.T.);
#5401=ADVANCED_FACE('',(#451),#5125,.T.);
#5402=ADVANCED_FACE('',(#452),#5126,.T.);
#5403=ADVANCED_FACE('',(#453),#5127,.F.);
#5404=ADVANCED_FACE('',(#454),#5128,.T.);
#5405=ADVANCED_FACE('',(#455),#5129,.T.);
#5406=ADVANCED_FACE('',(#456),#5130,.T.);
#5407=ADVANCED_FACE('',(#457),#5131,.F.);
#5408=ADVANCED_FACE('',(#458),#5132,.T.);
#5409=ADVANCED_FACE('',(#459),#5133,.T.);
#5410=ADVANCED_FACE('',(#460),#5134,.F.);
#5411=ADVANCED_FACE('',(#461),#5135,.T.);
#5412=ADVANCED_FACE('',(#462),#5136,.T.);
#5413=ADVANCED_FACE('',(#463),#5137,.T.);
#5414=ADVANCED_FACE('',(#464),#5138,.T.);
#5415=ADVANCED_FACE('',(#465),#5139,.F.);
#5416=ADVANCED_FACE('',(#466),#5140,.T.);
#5417=ADVANCED_FACE('',(#467),#5141,.T.);
#5418=ADVANCED_FACE('',(#468),#5142,.T.);
#5419=ADVANCED_FACE('',(#469),#5143,.F.);
#5420=ADVANCED_FACE('',(#470),#5144,.T.);
#5421=ADVANCED_FACE('',(#471),#5145,.T.);
#5422=ADVANCED_FACE('',(#472),#5146,.T.);
#5423=ADVANCED_FACE('',(#473),#5147,.F.);
#5424=ADVANCED_FACE('',(#474),#5148,.T.);
#5425=ADVANCED_FACE('',(#475),#5149,.T.);
#5426=ADVANCED_FACE('',(#476),#5150,.T.);
#5427=ADVANCED_FACE('',(#477),#5151,.F.);
#5428=ADVANCED_FACE('',(#478),#5152,.T.);
#5429=ADVANCED_FACE('',(#479),#5153,.T.);
#5430=ADVANCED_FACE('',(#480),#5154,.T.);
#5431=ADVANCED_FACE('',(#481),#5155,.F.);
#5432=ADVANCED_FACE('',(#482),#5156,.T.);
#5433=ADVANCED_FACE('',(#483),#5157,.T.);
#5434=ADVANCED_FACE('',(#484),#5158,.F.);
#5435=ADVANCED_FACE('',(#485),#5159,.T.);
#5436=ADVANCED_FACE('',(#486),#5160,.T.);
#5437=ADVANCED_FACE('',(#487),#5161,.T.);
#5438=ADVANCED_FACE('',(#488),#5162,.T.);
#5439=ADVANCED_FACE('',(#489),#5163,.T.);
#5440=ADVANCED_FACE('',(#490),#5164,.T.);
#5441=ADVANCED_FACE('',(#491),#5165,.T.);
#5442=ADVANCED_FACE('',(#492),#5166,.T.);
#5443=ADVANCED_FACE('',(#493),#5167,.F.);
#5444=ADVANCED_FACE('',(#494),#5168,.T.);
#5445=ADVANCED_FACE('',(#495),#5169,.T.);
#5446=ADVANCED_FACE('',(#496),#5170,.T.);
#5447=ADVANCED_FACE('',(#497),#5171,.F.);
#5448=ADVANCED_FACE('',(#498),#5172,.T.);
#5449=ADVANCED_FACE('',(#499),#5173,.T.);
#5450=ADVANCED_FACE('',(#500),#5174,.T.);
#5451=ADVANCED_FACE('',(#501),#5175,.T.);
#5452=ADVANCED_FACE('',(#502),#5176,.F.);
#5453=ADVANCED_FACE('',(#503),#5177,.T.);
#5454=ADVANCED_FACE('',(#504),#5178,.T.);
#5455=ADVANCED_FACE('',(#505),#5179,.T.);
#5456=ADVANCED_FACE('',(#506),#5180,.F.);
#5457=ADVANCED_FACE('',(#507),#5181,.T.);
#5458=ADVANCED_FACE('',(#508),#5182,.T.);
#5459=ADVANCED_FACE('',(#509),#5183,.F.);
#5460=ADVANCED_FACE('',(#510),#5184,.F.);
#5461=ADVANCED_FACE('',(#511),#5185,.F.);
#5462=ADVANCED_FACE('',(#512),#5186,.F.);
#5463=ADVANCED_FACE('',(#513),#5187,.F.);
#5464=ADVANCED_FACE('',(#514),#5188,.F.);
#5465=ADVANCED_FACE('',(#515),#5189,.F.);
#5466=ADVANCED_FACE('',(#516,#256),#5190,.F.);
#5467=ADVANCED_FACE('',(#517),#5191,.F.);
#5468=ADVANCED_FACE('',(#518),#5192,.F.);
#5469=ADVANCED_FACE('',(#519),#5193,.T.);
#5470=ADVANCED_FACE('',(#520),#5194,.F.);
#5471=ADVANCED_FACE('',(#521),#5195,.T.);
#5472=ADVANCED_FACE('',(#522),#5196,.F.);
#5473=ADVANCED_FACE('',(#523),#5197,.F.);
#5474=ADVANCED_FACE('',(#524,#257),#5198,.F.);
#5475=ADVANCED_FACE('',(#525),#5199,.F.);
#5476=ADVANCED_FACE('',(#526),#5200,.T.);
#5477=ADVANCED_FACE('',(#527,#258),#5201,.F.);
#5478=ADVANCED_FACE('',(#528),#5202,.T.);
#5479=ADVANCED_FACE('',(#529),#5203,.T.);
#5480=ADVANCED_FACE('',(#530,#259),#5204,.F.);
#5481=ADVANCED_FACE('',(#531),#5205,.T.);
#5482=ADVANCED_FACE('',(#532),#5206,.T.);
#5483=ADVANCED_FACE('',(#533),#5207,.F.);
#5484=ADVANCED_FACE('',(#534),#5208,.T.);
#5485=ADVANCED_FACE('',(#535),#5209,.F.);
#5486=ADVANCED_FACE('',(#536),#5210,.T.);
#5487=ADVANCED_FACE('',(#537),#5211,.T.);
#5488=ADVANCED_FACE('',(#538),#5212,.T.);
#5489=ADVANCED_FACE('',(#539,#260),#5213,.T.);
#5490=ADVANCED_FACE('',(#540),#5214,.T.);
#5491=ADVANCED_FACE('',(#541),#5215,.T.);
#5492=ADVANCED_FACE('',(#542),#5216,.T.);
#5493=CLOSED_SHELL('',(#5217,#5218,#5219,#5220,#5221,#5222,#5223,#5224,
#5225,#5226,#5227,#5228,#5229,#5230,#5231,#5232,#5233,#5234,#5235,#5236,
#5237,#5238,#5239,#5240,#5241,#5242,#5243,#5244,#5245,#5246,#5247,#5248,
#5249,#5250,#5251,#5252,#5253,#5254,#5255,#5256,#5257,#5258,#5259,#5260,
#5261,#5262,#5263,#5264,#5265,#5266,#5267,#5268,#5269,#5270,#5271,#5272,
#5273,#5274,#5275,#5276,#5277,#5278,#5279,#5280,#5281,#5282,#5283,#5284,
#5285,#5286,#5287,#5288,#5289,#5290,#5291,#5292,#5293,#5294,#5295,#5296,
#5297,#5298,#5299,#5300,#5301,#5302,#5303,#5304,#5305,#5306,#5307,#5308,
#5309,#5310,#5311,#5312,#5313,#5314,#5315,#5316,#5317,#5318,#5319,#5320,
#5321,#5322,#5323,#5324,#5325,#5326,#5327,#5328,#5329,#5330,#5331,#5332,
#5333,#5334,#5335,#5336,#5337,#5338,#5339,#5340,#5341,#5342,#5343,#5344,
#5345,#5346,#5347,#5348,#5349,#5350,#5351,#5352,#5353,#5354,#5355,#5356));
#5494=CLOSED_SHELL('',(#5357,#5358,#5359,#5360,#5361,#5362,#5363,#5364,
#5365,#5366,#5367,#5368,#5369,#5370,#5371,#5372,#5373,#5374,#5375,#5376,
#5377,#5378,#5379,#5380,#5381,#5382,#5383,#5384,#5385,#5386,#5387,#5388,
#5389,#5390,#5391,#5392,#5393,#5394,#5395,#5396,#5397,#5398,#5399,#5400,
#5401,#5402,#5403,#5404,#5405,#5406,#5407,#5408,#5409,#5410,#5411,#5412,
#5413,#5414,#5415,#5416,#5417,#5418,#5419,#5420,#5421,#5422,#5423,#5424,
#5425,#5426,#5427,#5428,#5429,#5430,#5431,#5432,#5433,#5434,#5435,#5436,
#5437,#5438,#5439,#5440,#5441,#5442,#5443,#5444,#5445,#5446,#5447,#5448,
#5449,#5450,#5451,#5452,#5453,#5454,#5455,#5456,#5457,#5458,#5459,#5460,
#5461,#5462,#5463,#5464,#5465,#5466,#5467,#5468,#5469,#5470,#5471,#5472,
#5473,#5474,#5475,#5476,#5477,#5478,#5479,#5480,#5481));
#5495=CLOSED_SHELL('',(#5482,#5483,#5484,#5485,#5486,#5487,#5488,#5489,
#5490,#5491,#5492));
#5496=DERIVED_UNIT_ELEMENT(#5498,1.);
#5497=DERIVED_UNIT_ELEMENT(#9038,-3.);
#5498=(
MASS_UNIT()
NAMED_UNIT(*)
SI_UNIT(.KILO.,.GRAM.)
);
#5499=DERIVED_UNIT((#5496,#5497));
#5500=MEASURE_REPRESENTATION_ITEM('density measure',
POSITIVE_RATIO_MEASURE(7850.),#5499);
#5501=PROPERTY_DEFINITION_REPRESENTATION(#5506,#5503);
#5502=PROPERTY_DEFINITION_REPRESENTATION(#5507,#5504);
#5503=REPRESENTATION('material name',(#5505),#9035);
#5504=REPRESENTATION('density',(#5500),#9035);
#5505=DESCRIPTIVE_REPRESENTATION_ITEM('Steel','Steel');
#5506=PROPERTY_DEFINITION('material property','material name',#9050);
#5507=PROPERTY_DEFINITION('material property','density of part',#9050);
#5508=AXIS2_PLACEMENT_3D('',#6786,#5719,#5720);
#5509=AXIS2_PLACEMENT_3D('',#6787,#5721,#5722);
#5510=AXIS2_PLACEMENT_3D('',#6788,#5723,#5724);
#5511=AXIS2_PLACEMENT_3D('',#6797,#5729,#5730);
#5512=AXIS2_PLACEMENT_3D('',#6803,#5734,#5735);
#5513=AXIS2_PLACEMENT_3D('',#6812,#5740,#5741);
#5514=AXIS2_PLACEMENT_3D('',#6818,#5745,#5746);
#5515=AXIS2_PLACEMENT_3D('',#6824,#5750,#5751);
#5516=AXIS2_PLACEMENT_3D('',#6830,#5755,#5756);
#5517=AXIS2_PLACEMENT_3D('',#6833,#5759,#5760);
#5518=AXIS2_PLACEMENT_3D('',#6836,#5763,#5764);
#5519=AXIS2_PLACEMENT_3D('',#6841,#5766,#5767);
#5520=AXIS2_PLACEMENT_3D('',#6847,#5770,#5771);
#5521=AXIS2_PLACEMENT_3D('',#6853,#5774,#5775);
#5522=AXIS2_PLACEMENT_3D('',#7187,#5811,#5812);
#5523=AXIS2_PLACEMENT_3D('',#7196,#5817,#5818);
#5524=AXIS2_PLACEMENT_3D('',#7199,#5821,#5822);
#5525=AXIS2_PLACEMENT_3D('',#7201,#5824,#5825);
#5526=AXIS2_PLACEMENT_3D('',#7203,#5827,#5828);
#5527=AXIS2_PLACEMENT_3D('',#7204,#5829,#5830);
#5528=AXIS2_PLACEMENT_3D('',#7210,#5834,#5835);
#5529=AXIS2_PLACEMENT_3D('',#7214,#5838,#5839);
#5530=AXIS2_PLACEMENT_3D('',#7231,#5848,#5849);
#5531=AXIS2_PLACEMENT_3D('',#7238,#5854,#5855);
#5532=AXIS2_PLACEMENT_3D('',#7242,#5858,#5859);
#5533=AXIS2_PLACEMENT_3D('',#7248,#5863,#5864);
#5534=AXIS2_PLACEMENT_3D('',#7250,#5865,#5866);
#5535=AXIS2_PLACEMENT_3D('',#7252,#5867,#5868);
#5536=AXIS2_PLACEMENT_3D('',#7254,#5870,#5871);
#5537=AXIS2_PLACEMENT_3D('',#7256,#5873,#5874);
#5538=AXIS2_PLACEMENT_3D('',#7278,#5876,#5877);
#5539=AXIS2_PLACEMENT_3D('',#7279,#5878,#5879);
#5540=AXIS2_PLACEMENT_3D('',#7291,#5881,#5882);
#5541=AXIS2_PLACEMENT_3D('',#7318,#5886,#5887);
#5542=AXIS2_PLACEMENT_3D('',#7325,#5891,#5892);
#5543=AXIS2_PLACEMENT_3D('',#7470,#5897,#5898);
#5544=AXIS2_PLACEMENT_3D('',#7598,#5918,#5919);
#5545=AXIS2_PLACEMENT_3D('',#7697,#5934,#5935);
#5546=AXIS2_PLACEMENT_3D('',#7724,#5941,#5942);
#5547=AXIS2_PLACEMENT_3D('',#7727,#5945,#5946);
#5548=AXIS2_PLACEMENT_3D('',#7729,#5948,#5949);
#5549=AXIS2_PLACEMENT_3D('',#7745,#5953,#5954);
#5550=AXIS2_PLACEMENT_3D('',#7761,#5958,#5959);
#5551=AXIS2_PLACEMENT_3D('',#7762,#5960,#5961);
#5552=AXIS2_PLACEMENT_3D('',#7791,#5976,#5977);
#5553=AXIS2_PLACEMENT_3D('',#7794,#5980,#5981);
#5554=AXIS2_PLACEMENT_3D('',#7796,#5983,#5984);
#5555=AXIS2_PLACEMENT_3D('',#7798,#5986,#5987);
#5556=AXIS2_PLACEMENT_3D('',#7800,#5989,#5990);
#5557=AXIS2_PLACEMENT_3D('',#7802,#5992,#5993);
#5558=AXIS2_PLACEMENT_3D('',#7804,#5995,#5996);
#5559=AXIS2_PLACEMENT_3D('',#7806,#5998,#5999);
#5560=AXIS2_PLACEMENT_3D('',#7808,#6001,#6002);
#5561=AXIS2_PLACEMENT_3D('',#7810,#6004,#6005);
#5562=AXIS2_PLACEMENT_3D('',#7812,#6007,#6008);
#5563=AXIS2_PLACEMENT_3D('',#7813,#6009,#6010);
#5564=AXIS2_PLACEMENT_3D('',#7816,#6013,#6014);
#5565=AXIS2_PLACEMENT_3D('',#7818,#6016,#6017);
#5566=AXIS2_PLACEMENT_3D('',#7819,#6018,#6019);
#5567=AXIS2_PLACEMENT_3D('',#7880,#6028,#6029);
#5568=AXIS2_PLACEMENT_3D('',#7883,#6032,#6033);
#5569=AXIS2_PLACEMENT_3D('',#7885,#6035,#6036);
#5570=AXIS2_PLACEMENT_3D('',#7929,#6044,#6045);
#5571=AXIS2_PLACEMENT_3D('',#7931,#6047,#6048);
#5572=AXIS2_PLACEMENT_3D('',#7932,#6049,#6050);
#5573=AXIS2_PLACEMENT_3D('',#7935,#6053,#6054);
#5574=AXIS2_PLACEMENT_3D('',#7972,#6061,#6062);
#5575=AXIS2_PLACEMENT_3D('',#7973,#6063,#6064);
#5576=AXIS2_PLACEMENT_3D('',#8078,#6071,#6072);
#5577=AXIS2_PLACEMENT_3D('',#8081,#6075,#6076);
#5578=AXIS2_PLACEMENT_3D('',#8083,#6078,#6079);
#5579=AXIS2_PLACEMENT_3D('',#8085,#6081,#6082);
#5580=AXIS2_PLACEMENT_3D('',#8164,#6095,#6096);
#5581=AXIS2_PLACEMENT_3D('',#8250,#6110,#6111);
#5582=AXIS2_PLACEMENT_3D('',#8251,#6112,#6113);
#5583=AXIS2_PLACEMENT_3D('',#8260,#6118,#6119);
#5584=AXIS2_PLACEMENT_3D('',#8269,#6124,#6125);
#5585=AXIS2_PLACEMENT_3D('',#8275,#6129,#6130);
#5586=AXIS2_PLACEMENT_3D('',#8281,#6134,#6135);
#5587=AXIS2_PLACEMENT_3D('',#8287,#6139,#6140);
#5588=AXIS2_PLACEMENT_3D('',#8295,#6145,#6146);
#5589=AXIS2_PLACEMENT_3D('',#8302,#6151,#6152);
#5590=AXIS2_PLACEMENT_3D('',#8306,#6155,#6156);
#5591=AXIS2_PLACEMENT_3D('',#8310,#6159,#6160);
#5592=AXIS2_PLACEMENT_3D('',#8318,#6165,#6166);
#5593=AXIS2_PLACEMENT_3D('',#8324,#6170,#6171);
#5594=AXIS2_PLACEMENT_3D('',#8330,#6175,#6176);
#5595=AXIS2_PLACEMENT_3D('',#8347,#6186,#6187);
#5596=AXIS2_PLACEMENT_3D('',#8355,#6192,#6193);
#5597=AXIS2_PLACEMENT_3D('',#8367,#6200,#6201);
#5598=AXIS2_PLACEMENT_3D('',#8374,#6206,#6207);
#5599=AXIS2_PLACEMENT_3D('',#8376,#6209,#6210);
#5600=AXIS2_PLACEMENT_3D('',#8378,#6212,#6213);
#5601=AXIS2_PLACEMENT_3D('',#8386,#6218,#6219);
#5602=AXIS2_PLACEMENT_3D('',#8393,#6224,#6225);
#5603=AXIS2_PLACEMENT_3D('',#8399,#6229,#6230);
#5604=AXIS2_PLACEMENT_3D('',#8401,#6232,#6233);
#5605=AXIS2_PLACEMENT_3D('',#8485,#6277,#6278);
#5606=AXIS2_PLACEMENT_3D('',#8521,#6299,#6300);
#5607=AXIS2_PLACEMENT_3D('',#8527,#6304,#6305);
#5608=AXIS2_PLACEMENT_3D('',#8558,#6322,#6323);
#5609=AXIS2_PLACEMENT_3D('',#8562,#6326,#6327);
#5610=AXIS2_PLACEMENT_3D('',#8570,#6332,#6333);
#5611=AXIS2_PLACEMENT_3D('',#8578,#6338,#6339);
#5612=AXIS2_PLACEMENT_3D('',#8582,#6342,#6343);
#5613=AXIS2_PLACEMENT_3D('',#8586,#6346,#6347);
#5614=AXIS2_PLACEMENT_3D('',#8591,#6351,#6352);
#5615=AXIS2_PLACEMENT_3D('',#8595,#6355,#6356);
#5616=AXIS2_PLACEMENT_3D('',#8606,#6364,#6365);
#5617=AXIS2_PLACEMENT_3D('',#8608,#6367,#6368);
#5618=AXIS2_PLACEMENT_3D('',#8617,#6374,#6375);
#5619=AXIS2_PLACEMENT_3D('',#8627,#6381,#6382);
#5620=AXIS2_PLACEMENT_3D('',#8635,#6387,#6388);
#5621=AXIS2_PLACEMENT_3D('',#8638,#6391,#6392);
#5622=AXIS2_PLACEMENT_3D('',#8640,#6394,#6395);
#5623=AXIS2_PLACEMENT_3D('',#8641,#6396,#6397);
#5624=AXIS2_PLACEMENT_3D('',#8643,#6399,#6400);
#5625=AXIS2_PLACEMENT_3D('',#8654,#6408,#6409);
#5626=AXIS2_PLACEMENT_3D('',#8658,#6412,#6413);
#5627=AXIS2_PLACEMENT_3D('',#8664,#6417,#6418);
#5628=AXIS2_PLACEMENT_3D('',#8670,#6422,#6423);
#5629=AXIS2_PLACEMENT_3D('',#8673,#6426,#6427);
#5630=AXIS2_PLACEMENT_3D('',#8674,#6428,#6429);
#5631=AXIS2_PLACEMENT_3D('',#8680,#6433,#6434);
#5632=AXIS2_PLACEMENT_3D('',#8686,#6438,#6439);
#5633=AXIS2_PLACEMENT_3D('',#8689,#6442,#6443);
#5634=AXIS2_PLACEMENT_3D('',#8690,#6444,#6445);
#5635=AXIS2_PLACEMENT_3D('',#8696,#6449,#6450);
#5636=AXIS2_PLACEMENT_3D('',#8702,#6454,#6455);
#5637=AXIS2_PLACEMENT_3D('',#8704,#6457,#6458);
#5638=AXIS2_PLACEMENT_3D('',#8706,#6460,#6461);
#5639=AXIS2_PLACEMENT_3D('',#8712,#6465,#6466);
#5640=AXIS2_PLACEMENT_3D('',#8718,#6470,#6471);
#5641=AXIS2_PLACEMENT_3D('',#8721,#6474,#6475);
#5642=AXIS2_PLACEMENT_3D('',#8722,#6476,#6477);
#5643=AXIS2_PLACEMENT_3D('',#8728,#6481,#6482);
#5644=AXIS2_PLACEMENT_3D('',#8734,#6486,#6487);
#5645=AXIS2_PLACEMENT_3D('',#8737,#6490,#6491);
#5646=AXIS2_PLACEMENT_3D('',#8738,#6492,#6493);
#5647=AXIS2_PLACEMENT_3D('',#8742,#6496,#6497);
#5648=AXIS2_PLACEMENT_3D('',#8746,#6500,#6501);
#5649=AXIS2_PLACEMENT_3D('',#8748,#6503,#6504);
#5650=AXIS2_PLACEMENT_3D('',#8749,#6505,#6506);
#5651=AXIS2_PLACEMENT_3D('',#8753,#6509,#6510);
#5652=AXIS2_PLACEMENT_3D('',#8757,#6513,#6514);
#5653=AXIS2_PLACEMENT_3D('',#8759,#6516,#6517);
#5654=AXIS2_PLACEMENT_3D('',#8760,#6518,#6519);
#5655=AXIS2_PLACEMENT_3D('',#8764,#6522,#6523);
#5656=AXIS2_PLACEMENT_3D('',#8768,#6526,#6527);
#5657=AXIS2_PLACEMENT_3D('',#8770,#6529,#6530);
#5658=AXIS2_PLACEMENT_3D('',#8771,#6531,#6532);
#5659=AXIS2_PLACEMENT_3D('',#8777,#6536,#6537);
#5660=AXIS2_PLACEMENT_3D('',#8783,#6541,#6542);
#5661=AXIS2_PLACEMENT_3D('',#8786,#6545,#6546);
#5662=AXIS2_PLACEMENT_3D('',#8787,#6547,#6548);
#5663=AXIS2_PLACEMENT_3D('',#8793,#6552,#6553);
#5664=AXIS2_PLACEMENT_3D('',#8801,#6558,#6559);
#5665=AXIS2_PLACEMENT_3D('',#8804,#6562,#6563);
#5666=AXIS2_PLACEMENT_3D('',#8808,#6566,#6567);
#5667=AXIS2_PLACEMENT_3D('',#8812,#6570,#6571);
#5668=AXIS2_PLACEMENT_3D('',#8816,#6574,#6575);
#5669=AXIS2_PLACEMENT_3D('',#8822,#6579,#6580);
#5670=AXIS2_PLACEMENT_3D('',#8827,#6584,#6585);
#5671=AXIS2_PLACEMENT_3D('',#8831,#6588,#6589);
#5672=AXIS2_PLACEMENT_3D('',#8839,#6594,#6595);
#5673=AXIS2_PLACEMENT_3D('',#8844,#6599,#6600);
#5674=AXIS2_PLACEMENT_3D('',#8848,#6603,#6604);
#5675=AXIS2_PLACEMENT_3D('',#8850,#6606,#6607);
#5676=AXIS2_PLACEMENT_3D('',#8852,#6609,#6610);
#5677=AXIS2_PLACEMENT_3D('',#8858,#6614,#6615);
#5678=AXIS2_PLACEMENT_3D('',#8863,#6619,#6620);
#5679=AXIS2_PLACEMENT_3D('',#8867,#6623,#6624);
#5680=AXIS2_PLACEMENT_3D('',#8869,#6626,#6627);
#5681=AXIS2_PLACEMENT_3D('',#8875,#6631,#6632);
#5682=AXIS2_PLACEMENT_3D('',#8881,#6636,#6637);
#5683=AXIS2_PLACEMENT_3D('',#8886,#6641,#6642);
#5684=AXIS2_PLACEMENT_3D('',#8888,#6644,#6645);
#5685=AXIS2_PLACEMENT_3D('',#8895,#6650,#6651);
#5686=AXIS2_PLACEMENT_3D('',#8899,#6654,#6655);
#5687=AXIS2_PLACEMENT_3D('',#8906,#6660,#6661);
#5688=AXIS2_PLACEMENT_3D('',#8913,#6666,#6667);
#5689=AXIS2_PLACEMENT_3D('',#8920,#6672,#6673);
#5690=AXIS2_PLACEMENT_3D('',#8927,#6678,#6679);
#5691=AXIS2_PLACEMENT_3D('',#8930,#6682,#6683);
#5692=AXIS2_PLACEMENT_3D('',#8941,#6690,#6691);
#5693=AXIS2_PLACEMENT_3D('',#8943,#6693,#6694);
#5694=AXIS2_PLACEMENT_3D('',#8947,#6697,#6698);
#5695=AXIS2_PLACEMENT_3D('',#8949,#6700,#6701);
#5696=AXIS2_PLACEMENT_3D('',#8950,#6702,#6703);
#5697=AXIS2_PLACEMENT_3D('',#8952,#6705,#6706);
#5698=AXIS2_PLACEMENT_3D('',#8956,#6709,#6710);
#5699=AXIS2_PLACEMENT_3D('',#8961,#6714,#6715);
#5700=AXIS2_PLACEMENT_3D('',#8965,#6718,#6719);
#5701=AXIS2_PLACEMENT_3D('',#8967,#6721,#6722);
#5702=AXIS2_PLACEMENT_3D('',#8969,#6724,#6725);
#5703=AXIS2_PLACEMENT_3D('',#8973,#6728,#6729);
#5704=AXIS2_PLACEMENT_3D('',#8975,#6731,#6732);
#5705=AXIS2_PLACEMENT_3D('',#8976,#6733,#6734);
#5706=AXIS2_PLACEMENT_3D('',#8978,#6736,#6737);
#5707=AXIS2_PLACEMENT_3D('',#8979,#6738,#6739);
#5708=AXIS2_PLACEMENT_3D('',#8988,#6744,#6745);
#5709=AXIS2_PLACEMENT_3D('',#8994,#6749,#6750);
#5710=AXIS2_PLACEMENT_3D('',#8998,#6753,#6754);
#5711=AXIS2_PLACEMENT_3D('',#9002,#6757,#6758);
#5712=AXIS2_PLACEMENT_3D('',#9004,#6760,#6761);
#5713=AXIS2_PLACEMENT_3D('',#9013,#6766,#6767);
#5714=AXIS2_PLACEMENT_3D('',#9022,#6772,#6773);
#5715=AXIS2_PLACEMENT_3D('',#9025,#6776,#6777);
#5716=AXIS2_PLACEMENT_3D('',#9027,#6779,#6780);
#5717=AXIS2_PLACEMENT_3D('',#9029,#6782,#6783);
#5718=AXIS2_PLACEMENT_3D('',#9030,#6784,#6785);
#5719=DIRECTION('axis',(0.,0.,1.));
#5720=DIRECTION('refdir',(1.,0.,0.));
#5721=DIRECTION('axis',(0.,0.,1.));
#5722=DIRECTION('refdir',(1.,0.,0.));
#5723=DIRECTION('center_axis',(-1.,2.22044604925031E-16,6.52530446799852E-55));
#5724=DIRECTION('ref_axis',(-4.93038065763132E-32,-2.22044604925031E-16,
-1.));
#5725=DIRECTION('',(-4.93038065763132E-32,-2.22044604925031E-16,-1.));
#5726=DIRECTION('',(-2.22044604925031E-16,-1.,2.22044604925031E-16));
#5727=DIRECTION('',(-4.93038065763132E-32,-2.22044604925031E-16,-1.));
#5728=DIRECTION('',(-2.22044604925031E-16,-1.,2.22044604925031E-16));
#5729=DIRECTION('center_axis',(-2.22044604925031E-16,-1.,2.22044604925031E-16));
#5730=DIRECTION('ref_axis',(-4.93038036375773E-32,-2.22044604925031E-16,
-1.));
#5731=DIRECTION('',(-1.,2.22044604925031E-16,6.52530446799852E-55));
#5732=DIRECTION('',(1.,-2.22044604925031E-16,2.93873587705572E-39));
#5733=DIRECTION('',(4.93038065763132E-32,2.22044604925031E-16,1.));
#5734=DIRECTION('center_axis',(-1.,2.22044604925031E-16,6.52530446799852E-55));
#5735=DIRECTION('ref_axis',(1.3050608935997E-54,2.93873587705572E-39,1.));
#5736=DIRECTION('',(-1.3050608935997E-54,-2.93873587705572E-39,-1.));
#5737=DIRECTION('',(2.22044604925031E-16,1.,-2.22044604925031E-16));
#5738=DIRECTION('',(1.3050608935997E-54,2.93873587705572E-39,1.));
#5739=DIRECTION('',(2.22044604925031E-16,1.,-2.22044604925031E-16));
#5740=DIRECTION('center_axis',(2.22044604925031E-16,1.,-2.22044604925031E-16));
#5741=DIRECTION('ref_axis',(4.93038036375773E-32,2.22044604925031E-16,1.));
#5742=DIRECTION('',(1.,-2.22044604925031E-16,2.93873587705572E-39));
#5743=DIRECTION('',(-1.3050608935997E-54,-2.93873587705572E-39,-1.));
#5744=DIRECTION('',(-1.,2.22044604925031E-16,6.52530446799852E-55));
#5745=DIRECTION('center_axis',(6.28791050964597E-8,-0.999999999999998,2.22044604925031E-16));
#5746=DIRECTION('ref_axis',(4.93038065763132E-32,2.22044604925031E-16,1.));
#5747=DIRECTION('',(-0.999999999999998,-6.28791050964597E-8,1.39619660984867E-23));
#5748=DIRECTION('',(4.93038065763132E-32,2.22044604925031E-16,1.));
#5749=DIRECTION('',(-0.999999999999998,-6.28791050964597E-8,1.39619660984867E-23));
#5750=DIRECTION('center_axis',(-6.28791050964597E-8,0.999999999999998,-2.9387360618408E-39));
#5751=DIRECTION('ref_axis',(-1.3050608935997E-54,-2.93873587705572E-39,
-1.));
#5752=DIRECTION('',(-0.999999999999998,-6.28791050964597E-8,1.39619660984867E-23));
#5753=DIRECTION('',(1.09476422949463E-47,4.93038036375774E-32,-1.));
#5754=DIRECTION('',(-0.999999999999998,-6.28791050964597E-8,1.39619660984867E-23));
#5755=DIRECTION('center_axis',(-0.999999999999998,-6.28791050964597E-8,
1.39619660984867E-23));
#5756=DIRECTION('ref_axis',(6.28791050964597E-8,-0.999999999999998,2.22044604925031E-16));
#5757=DIRECTION('',(-6.28791050964597E-8,0.999999999999998,-4.93038095150493E-32));
#5758=DIRECTION('',(6.28791050964597E-8,-0.999999999999998,4.93038095150493E-32));
#5759=DIRECTION('center_axis',(1.,-2.22044604925031E-16,2.93873587705572E-39));
#5760=DIRECTION('ref_axis',(2.22044604925031E-16,1.,-2.22044604925031E-16));
#5761=DIRECTION('',(2.22044604925031E-16,1.,-2.22044604925031E-16));
#5762=DIRECTION('',(-2.22044604925031E-16,-1.,2.22044604925031E-16));
#5763=DIRECTION('center_axis',(1.3050608935997E-54,2.93873587705572E-39,
1.));
#5764=DIRECTION('ref_axis',(-2.22044604925031E-16,-1.,2.93873587705572E-39));
#5765=DIRECTION('',(-2.22044604925031E-16,-1.,2.93873587705572E-39));
#5766=DIRECTION('center_axis',(-1.3050608935997E-54,-2.93873587705572E-39,
-1.));
#5767=DIRECTION('ref_axis',(2.22044604925031E-16,1.,-2.93873587705572E-39));
#5768=DIRECTION('',(-2.22044604925031E-16,-1.,2.93873587705572E-39));
#5769=DIRECTION('',(1.,-2.22044604925031E-16,-6.52530446799852E-55));
#5770=DIRECTION('center_axis',(-1.3050608935997E-54,-2.93873587705572E-39,
-1.));
#5771=DIRECTION('ref_axis',(-1.,8.63616856313751E-78,2.73691334699097E-48));
#5772=DIRECTION('',(1.,-2.22044604925031E-16,-6.52530446799852E-55));
#5773=DIRECTION('',(2.22044604925031E-16,1.,-2.93873587705572E-39));
#5774=DIRECTION('center_axis',(-1.3050608935997E-54,-2.93873587705572E-39,
-1.));
#5775=DIRECTION('ref_axis',(2.22044604925031E-16,1.,-2.93873587705572E-39));
#5776=DIRECTION('',(2.22044604925031E-16,1.,-2.93873587705572E-39));
#5777=DIRECTION('',(-1.,2.22044604925031E-16,6.52530446799852E-55));
#5778=DIRECTION('',(-1.,2.22044604925031E-16,6.52530446799852E-55));
#5779=DIRECTION('',(2.22044604925031E-16,1.,-2.93873587705572E-39));
#5780=DIRECTION('',(1.,-2.22044604925031E-16,-6.52530446799852E-55));
#5781=DIRECTION('',(-2.22044604925031E-16,-1.,2.93873587705572E-39));
#5782=DIRECTION('',(0.0870992953857366,-0.996199634984529,3.18352943225518E-39));
#5783=DIRECTION('',(-0.0750566983175946,0.997179267753628,-3.151018302163E-39));
#5784=DIRECTION('',(-2.22044604925031E-16,-1.,2.93873587705572E-39));
#5785=DIRECTION('',(-1.,2.22044604925031E-16,6.52530446799852E-55));
#5786=DIRECTION('',(2.22044604925031E-16,1.,-2.93873587705572E-39));
#5787=DIRECTION('',(1.,-2.22044604925031E-16,-6.52530446799852E-55));
#5788=DIRECTION('',(1.,-2.22044604925031E-16,-6.52530446799852E-55));
#5789=DIRECTION('',(-1.,2.22044604925031E-16,6.52530446799852E-55));
#5790=DIRECTION('',(2.22044604925031E-16,1.,-2.93873587705572E-39));
#5791=DIRECTION('',(1.,-2.22044604925031E-16,-6.52530446799852E-55));
#5792=DIRECTION('',(2.22044604925031E-16,1.,-2.93873587705572E-39));
#5793=DIRECTION('',(1.,-2.22044604925031E-16,-6.52530446799852E-55));
#5794=DIRECTION('',(0.817611406364794,-0.575770430104033,4.09478119326873E-39));
#5795=DIRECTION('',(-2.22044604925031E-16,-1.,2.93873587705572E-39));
#5796=DIRECTION('',(-1.,2.22044604925031E-16,6.52530446799852E-55));
#5797=DIRECTION('',(-2.22044604925031E-16,-1.,2.93873587705572E-39));
#5798=DIRECTION('',(-1.,2.22044604925031E-16,6.52530446799852E-55));
#5799=DIRECTION('',(2.22044604925031E-16,1.,-2.93873587705572E-39));
#5800=DIRECTION('',(-1.,2.22044604925031E-16,6.52530446799852E-55));
#5801=DIRECTION('',(2.22044604925031E-16,1.,-2.93873587705572E-39));
#5802=DIRECTION('',(1.,-2.22044604925031E-16,-6.52530446799852E-55));
#5803=DIRECTION('',(-2.22044604925031E-16,-1.,2.93873587705572E-39));
#5804=DIRECTION('',(2.22044604925031E-16,1.,-2.93873587705572E-39));
#5805=DIRECTION('',(1.,-2.22044604925031E-16,-6.52530446799852E-55));
#5806=DIRECTION('',(2.22044604925031E-16,1.,-2.93873587705572E-39));
#5807=DIRECTION('',(1.,-2.22044604925031E-16,-6.52530446799852E-55));
#5808=DIRECTION('',(0.00161031390473719,-0.999998703443724,2.94346435406445E-39));
#5809=DIRECTION('',(-1.,2.22044604925031E-16,6.52530446799852E-55));
#5810=DIRECTION('',(-0.264515991848044,0.964381299101473,-3.61140455812993E-39));
#5811=DIRECTION('center_axis',(-1.3050608935997E-54,-2.93873587705572E-39,
-1.));
#5812=DIRECTION('ref_axis',(2.22044604925031E-16,1.,-2.93873587705572E-39));
#5813=DIRECTION('',(2.22044604925031E-16,1.,-2.93873587705572E-39));
#5814=DIRECTION('',(-1.,2.22044604925031E-16,6.52530446799852E-55));
#5815=DIRECTION('',(-2.22044604925031E-16,-1.,2.93873587705572E-39));
#5816=DIRECTION('',(1.,-2.22044604925031E-16,-6.52530446799852E-55));
#5817=DIRECTION('center_axis',(2.22044604925031E-16,1.,-2.93873587705572E-39));
#5818=DIRECTION('ref_axis',(1.,-2.22044604925031E-16,-6.52530446799852E-55));
#5819=DIRECTION('',(1.3050608935997E-54,2.93873587705572E-39,1.));
#5820=DIRECTION('',(1.3050608935997E-54,2.93873587705572E-39,1.));
#5821=DIRECTION('center_axis',(1.,-2.22044604925031E-16,-6.52530446799852E-55));
#5822=DIRECTION('ref_axis',(-2.22044604925031E-16,-1.,2.93873587705572E-39));
#5823=DIRECTION('',(1.3050608935997E-54,2.93873587705572E-39,1.));
#5824=DIRECTION('center_axis',(-1.,2.22044604925031E-16,6.52530446799852E-55));
#5825=DIRECTION('ref_axis',(2.22044604925031E-16,1.,-2.93873587705572E-39));
#5826=DIRECTION('',(-1.3050608935997E-54,-2.93873587705572E-39,-1.));
#5827=DIRECTION('center_axis',(-2.22044604925031E-16,-1.,2.93873587705572E-39));
#5828=DIRECTION('ref_axis',(-1.,2.22044604925031E-16,6.52530446799852E-55));
#5829=DIRECTION('center_axis',(1.,-2.22044604925031E-16,-6.52530446799852E-55));
#5830=DIRECTION('ref_axis',(1.3050608935997E-54,2.93873587705572E-39,1.));
#5831=DIRECTION('',(-1.3050608935997E-54,-2.93873587705572E-39,-1.));
#5832=DIRECTION('',(1.3050608935997E-54,2.93873587705572E-39,1.));
#5833=DIRECTION('',(-2.22044604925031E-16,-1.,2.93873587705572E-39));
#5834=DIRECTION('center_axis',(-2.22044604925031E-16,-1.,2.93873587705572E-39));
#5835=DIRECTION('ref_axis',(-1.3050608935997E-54,-2.93873587705572E-39,
-1.));
#5836=DIRECTION('',(1.3050608935997E-54,2.93873587705572E-39,1.));
#5837=DIRECTION('',(-1.,2.22044604925031E-16,6.52530446799852E-55));
#5838=DIRECTION('center_axis',(-2.13357350987856E-7,4.73748487079496E-23,
-0.999999999999977));
#5839=DIRECTION('ref_axis',(2.22044604925031E-16,1.,-2.93873587705572E-39));
#5840=DIRECTION('',(0.999999999999977,-2.22044604925026E-16,-2.13357350987856E-7));
#5841=DIRECTION('',(-3.44509284839767E-16,-1.,2.93873587705572E-39));
#5842=DIRECTION('',(-1.,2.22044604925031E-16,6.52530446799852E-55));
#5843=DIRECTION('',(-2.22044604925031E-16,-1.,2.93873587705572E-39));
#5844=DIRECTION('',(1.,-2.22044604925031E-16,-6.52530446799852E-55));
#5845=DIRECTION('',(2.22044604925031E-16,1.,-2.93873587705572E-39));
#5846=DIRECTION('',(-1.,3.44509284839767E-16,0.));
#5847=DIRECTION('',(2.22044604925031E-16,1.,-2.93873587705572E-39));
#5848=DIRECTION('center_axis',(2.22044604925031E-16,1.,-2.93873587705572E-39));
#5849=DIRECTION('ref_axis',(1.3050608935997E-54,2.93873587705572E-39,1.));
#5850=DIRECTION('',(1.,-2.22044604925031E-16,-6.52530446799852E-55));
#5851=DIRECTION('',(1.3050608935997E-54,2.93873587705572E-39,1.));
#5852=DIRECTION('',(-1.3050608935997E-54,-2.93873587705572E-39,-1.));
#5853=DIRECTION('',(1.,-2.22044604925031E-16,-6.52530446799852E-55));
#5854=DIRECTION('center_axis',(-1.,2.22044604925031E-16,6.52530446799852E-55));
#5855=DIRECTION('ref_axis',(-1.3050608935997E-54,-2.93873587705572E-39,
-1.));
#5856=DIRECTION('',(-1.3050608935997E-54,-2.93873587705572E-39,-1.));
#5857=DIRECTION('',(2.22044604925031E-16,1.,-2.93873587705572E-39));
#5858=DIRECTION('center_axis',(-1.,2.22044604925031E-16,6.52530446799852E-55));
#5859=DIRECTION('ref_axis',(-1.3050608935997E-54,-2.93873587705572E-39,
-1.));
#5860=DIRECTION('',(1.3050608935997E-54,2.93873587705572E-39,1.));
#5861=DIRECTION('',(2.22044604925031E-16,1.,-2.93873587705572E-39));
#5862=DIRECTION('',(-1.3050608935997E-54,-2.93873587705572E-39,-1.));
#5863=DIRECTION('center_axis',(-1.3050608935997E-54,-2.93873587705572E-39,
-1.));
#5864=DIRECTION('ref_axis',(2.22044604925031E-16,1.,-2.93873587705572E-39));
#5865=DIRECTION('center_axis',(-1.3050608935997E-54,-2.93873587705572E-39,
-1.));
#5866=DIRECTION('ref_axis',(2.22044604925031E-16,1.,-2.93873587705572E-39));
#5867=DIRECTION('center_axis',(-1.3050608935997E-54,-2.93873587705572E-39,
-1.));
#5868=DIRECTION('ref_axis',(-1.,8.63616856313751E-78,2.73691334699097E-48));
#5869=DIRECTION('',(-1.,2.22044604925031E-16,6.52530446799852E-55));
#5870=DIRECTION('center_axis',(-1.3050608935997E-54,-2.93873587705572E-39,
-1.));
#5871=DIRECTION('ref_axis',(2.22044604925031E-16,1.,-2.93873587705572E-39));
#5872=DIRECTION('',(-2.22044604925031E-16,-1.,2.93873587705572E-39));
#5873=DIRECTION('center_axis',(-2.22044604925031E-16,-1.,2.93873587705572E-39));
#5874=DIRECTION('ref_axis',(-1.3050608935997E-54,-2.93873587705572E-39,
-1.));
#5875=DIRECTION('',(-1.3050608935997E-54,-2.93873587705572E-39,-1.));
#5876=DIRECTION('center_axis',(-1.3050608935997E-54,-2.93873587705572E-39,
-1.));
#5877=DIRECTION('ref_axis',(2.22044604925031E-16,1.,-2.93873587705572E-39));
#5878=DIRECTION('center_axis',(1.,-2.22044604925031E-16,-6.52530446799852E-55));
#5879=DIRECTION('ref_axis',(1.3050608935997E-54,2.93873587705572E-39,1.));
#5880=DIRECTION('',(1.3050608935997E-54,2.93873587705572E-39,1.));
#5881=DIRECTION('center_axis',(1.3050608935997E-54,2.93873587705572E-39,
1.));
#5882=DIRECTION('ref_axis',(-2.22044604925031E-16,-1.,2.93873587705572E-39));
#5883=DIRECTION('',(2.22044604925031E-16,1.,-2.93873587705572E-39));
#5884=DIRECTION('',(-1.,2.22044604925031E-16,6.52530446799852E-55));
#5885=DIRECTION('',(-2.22044604925031E-16,-1.,2.93873587705572E-39));
#5886=DIRECTION('center_axis',(1.3050608935997E-54,2.93873587705572E-39,
1.));
#5887=DIRECTION('ref_axis',(-2.22044604925031E-16,-1.,2.93873587705572E-39));
#5888=DIRECTION('',(-0.821385997962848,0.570372722305841,-4.09001128345875E-39));
#5889=DIRECTION('',(-2.22044604925031E-16,-1.,2.93873587705572E-39));
#5890=DIRECTION('',(1.,-2.22044604925031E-16,-6.52530446799852E-55));
#5891=DIRECTION('center_axis',(1.3050608935997E-54,2.93873587705572E-39,
1.));
#5892=DIRECTION('ref_axis',(2.22044604925031E-16,1.,-2.93873587705572E-39));
#5893=DIRECTION('',(-0.0750566983175946,0.997179267753628,-3.151018302163E-39));
#5894=DIRECTION('',(0.0870992953857366,-0.996199634984529,3.18352943225518E-39));
#5895=DIRECTION('',(-1.3050608935997E-54,-2.93873587705572E-39,-1.));
#5896=DIRECTION('',(-1.3050608935997E-54,-2.93873587705572E-39,-1.));
#5897=DIRECTION('center_axis',(0.996199634984529,0.0870992953857366,2.67160578382251E-39));
#5898=DIRECTION('ref_axis',(0.0870992953857366,-0.996199634984529,3.18352943225518E-39));
#5899=DIRECTION('',(-1.3050608935997E-54,-2.93873587705572E-39,-1.));
#5900=DIRECTION('',(-1.3050608935997E-54,-2.93873587705572E-39,-1.));
#5901=DIRECTION('',(-1.3050608935997E-54,-2.93873587705572E-39,-1.));
#5902=DIRECTION('',(-1.3050608935997E-54,-2.93873587705572E-39,-1.));
#5903=DIRECTION('',(-1.3050608935997E-54,-2.93873587705572E-39,-1.));
#5904=DIRECTION('',(-1.3050608935997E-54,-2.93873587705572E-39,-1.));
#5905=DIRECTION('',(-1.3050608935997E-54,-2.93873587705572E-39,-1.));
#5906=DIRECTION('',(-1.3050608935997E-54,-2.93873587705572E-39,-1.));
#5907=DIRECTION('',(-1.3050608935997E-54,-2.93873587705572E-39,-1.));
#5908=DIRECTION('',(-1.3050608935997E-54,-2.93873587705572E-39,-1.));
#5909=DIRECTION('',(-1.3050608935997E-54,-2.93873587705572E-39,-1.));
#5910=DIRECTION('',(-1.3050608935997E-54,-2.93873587705572E-39,-1.));
#5911=DIRECTION('',(-1.3050608935997E-54,-2.93873587705572E-39,-1.));
#5912=DIRECTION('',(-1.3050608935997E-54,-2.93873587705572E-39,-1.));
#5913=DIRECTION('',(-1.3050608935997E-54,-2.93873587705572E-39,-1.));
#5914=DIRECTION('',(-1.3050608935997E-54,-2.93873587705572E-39,-1.));
#5915=DIRECTION('',(-1.3050608935997E-54,-2.93873587705572E-39,-1.));
#5916=DIRECTION('',(-1.3050608935997E-54,-2.93873587705572E-39,-1.));
#5917=DIRECTION('',(-1.3050608935997E-54,-2.93873587705572E-39,-1.));
#5918=DIRECTION('center_axis',(-0.997179267753628,-0.0750566983175946,-2.70987467784447E-39));
#5919=DIRECTION('ref_axis',(-0.0750566983175946,0.997179267753628,-3.151018302163E-39));
#5920=DIRECTION('',(-1.3050608935997E-54,-2.93873587705572E-39,-1.));
#5921=DIRECTION('',(-1.3050608935997E-54,-2.93873587705572E-39,-1.));
#5922=DIRECTION('',(-1.3050608935997E-54,-2.93873587705572E-39,-1.));
#5923=DIRECTION('',(-1.3050608935997E-54,-2.93873587705572E-39,-1.));
#5924=DIRECTION('',(-1.3050608935997E-54,-2.93873587705572E-39,-1.));
#5925=DIRECTION('',(-1.3050608935997E-54,-2.93873587705572E-39,-1.));
#5926=DIRECTION('',(-1.3050608935997E-54,-2.93873587705572E-39,-1.));
#5927=DIRECTION('',(-1.3050608935997E-54,-2.93873587705572E-39,-1.));
#5928=DIRECTION('',(-1.3050608935997E-54,-2.93873587705572E-39,-1.));
#5929=DIRECTION('',(-1.3050608935997E-54,-2.93873587705572E-39,-1.));
#5930=DIRECTION('',(-1.3050608935997E-54,-2.93873587705572E-39,-1.));
#5931=DIRECTION('',(-1.3050608935997E-54,-2.93873587705572E-39,-1.));
#5932=DIRECTION('',(-1.3050608935997E-54,-2.93873587705572E-39,-1.));
#5933=DIRECTION('',(-1.3050608935997E-54,-2.93873587705572E-39,-1.));
#5934=DIRECTION('center_axis',(1.3050608935997E-54,2.93873587705572E-39,
1.));
#5935=DIRECTION('ref_axis',(2.22044604925031E-16,1.,-2.93873587705572E-39));
#5936=DIRECTION('',(-1.,2.22044604925031E-16,6.52530446799852E-55));
#5937=DIRECTION('',(-2.22044604925031E-16,-1.,2.93873587705572E-39));
#5938=DIRECTION('',(1.,-2.22044604925031E-16,-6.52530446799852E-55));
#5939=DIRECTION('',(1.,-2.22044604925031E-16,-6.52530446799852E-55));
#5940=DIRECTION('',(2.22044604925031E-16,1.,-2.93873587705572E-39));
#5941=DIRECTION('center_axis',(-2.22044604925031E-16,-1.,2.93873587705572E-39));
#5942=DIRECTION('ref_axis',(-1.,2.22044604925031E-16,6.52530446799852E-55));
#5943=DIRECTION('',(-1.3050608935997E-54,-2.93873587705572E-39,-1.));
#5944=DIRECTION('',(-1.3050608935997E-54,-2.93873587705572E-39,-1.));
#5945=DIRECTION('center_axis',(-1.,2.22044604925031E-16,6.52530446799852E-55));
#5946=DIRECTION('ref_axis',(2.22044604925031E-16,1.,-2.93873587705572E-39));
#5947=DIRECTION('',(-1.3050608935997E-54,-2.93873587705572E-39,-1.));
#5948=DIRECTION('center_axis',(2.22044604925031E-16,1.,-2.93873587705572E-39));
#5949=DIRECTION('ref_axis',(1.,-2.22044604925031E-16,-6.52530446799852E-55));
#5950=DIRECTION('',(-1.3050608935997E-54,-2.93873587705572E-39,-1.));
#5951=DIRECTION('',(-1.3050608935997E-54,-2.93873587705572E-39,-1.));
#5952=DIRECTION('',(-1.3050608935997E-54,-2.93873587705572E-39,-1.));
#5953=DIRECTION('center_axis',(2.22044604925031E-16,1.,-2.93873587705572E-39));
#5954=DIRECTION('ref_axis',(1.,-2.22044604925031E-16,-6.52530446799852E-55));
#5955=DIRECTION('',(-1.3050608935997E-54,-2.93873587705572E-39,-1.));
#5956=DIRECTION('',(-1.3050608935997E-54,-2.93873587705572E-39,-1.));
#5957=DIRECTION('',(-1.3050608935997E-54,-2.93873587705572E-39,-1.));
#5958=DIRECTION('center_axis',(1.,-2.22044604925031E-16,-6.52530446799852E-55));
#5959=DIRECTION('ref_axis',(-2.22044604925031E-16,-1.,2.93873587705572E-39));
#5960=DIRECTION('center_axis',(-1.3050608935997E-54,-2.93873587705572E-39,
-1.));
#5961=DIRECTION('ref_axis',(2.22044604925031E-16,1.,-2.93873587705572E-39));
#5962=DIRECTION('',(2.22044604925031E-16,1.,-2.93873587705572E-39));
#5963=DIRECTION('',(-1.,2.22044604925031E-16,6.52530446799852E-55));
#5964=DIRECTION('',(2.22044604925031E-16,1.,-2.93873587705572E-39));
#5965=DIRECTION('',(-1.,2.22044604925031E-16,6.52530446799852E-55));
#5966=DIRECTION('',(-2.22044604925031E-16,-1.,2.93873587705572E-39));
#5967=DIRECTION('',(-1.,2.22044604925031E-16,6.52530446799852E-55));
#5968=DIRECTION('',(-2.22044604925031E-16,-1.,2.93873587705572E-39));
#5969=DIRECTION('',(0.817611406364794,-0.575770430104033,4.09478119326873E-39));
#5970=DIRECTION('',(1.,-2.22044604925031E-16,-6.52530446799852E-55));
#5971=DIRECTION('',(2.22044604925031E-16,1.,-2.93873587705572E-39));
#5972=DIRECTION('',(1.,-2.22044604925031E-16,-6.52530446799852E-55));
#5973=DIRECTION('',(-2.22044604925031E-16,-1.,2.93873587705572E-39));
#5974=DIRECTION('',(-0.821385997962848,0.570372722305841,-4.09001128345875E-39));
#5975=DIRECTION('',(1.,-2.22044604925031E-16,-6.52530446799852E-55));
#5976=DIRECTION('center_axis',(-1.,2.22044604925031E-16,6.52530446799852E-55));
#5977=DIRECTION('ref_axis',(2.22044604925031E-16,1.,-2.93873587705572E-39));
#5978=DIRECTION('',(-1.3050608935997E-54,-2.93873587705572E-39,-1.));
#5979=DIRECTION('',(-1.3050608935997E-54,-2.93873587705572E-39,-1.));
#5980=DIRECTION('center_axis',(2.22044604925031E-16,1.,-2.93873587705572E-39));
#5981=DIRECTION('ref_axis',(1.,-2.22044604925031E-16,-6.52530446799852E-55));
#5982=DIRECTION('',(-1.3050608935997E-54,-2.93873587705572E-39,-1.));
#5983=DIRECTION('center_axis',(-1.,2.22044604925031E-16,6.52530446799852E-55));
#5984=DIRECTION('ref_axis',(2.22044604925031E-16,1.,-2.93873587705572E-39));
#5985=DIRECTION('',(-1.3050608935997E-54,-2.93873587705572E-39,-1.));
#5986=DIRECTION('center_axis',(2.22044604925031E-16,1.,-2.93873587705572E-39));
#5987=DIRECTION('ref_axis',(1.,-2.22044604925031E-16,-6.52530446799852E-55));
#5988=DIRECTION('',(-1.3050608935997E-54,-2.93873587705572E-39,-1.));
#5989=DIRECTION('center_axis',(0.575770430104033,0.817611406364794,-7.10706753479679E-40));
#5990=DIRECTION('ref_axis',(0.817611406364794,-0.575770430104033,4.09478119326873E-39));
#5991=DIRECTION('',(-1.3050608935997E-54,-2.93873587705572E-39,-1.));
#5992=DIRECTION('center_axis',(1.,-2.22044604925031E-16,-6.52530446799852E-55));
#5993=DIRECTION('ref_axis',(-2.22044604925031E-16,-1.,2.93873587705572E-39));
#5994=DIRECTION('',(-1.3050608935997E-54,-2.93873587705572E-39,-1.));
#5995=DIRECTION('center_axis',(-2.22044604925031E-16,-1.,2.93873587705572E-39));
#5996=DIRECTION('ref_axis',(-1.,2.22044604925031E-16,6.52530446799852E-55));
#5997=DIRECTION('',(-1.3050608935997E-54,-2.93873587705572E-39,-1.));
#5998=DIRECTION('center_axis',(1.,-2.22044604925031E-16,-6.52530446799852E-55));
#5999=DIRECTION('ref_axis',(-2.22044604925031E-16,-1.,2.93873587705572E-39));
#6000=DIRECTION('',(-1.3050608935997E-54,-2.93873587705572E-39,-1.));
#6001=DIRECTION('center_axis',(-2.22044604925031E-16,-1.,2.93873587705572E-39));
#6002=DIRECTION('ref_axis',(-1.,2.22044604925031E-16,6.52530446799852E-55));
#6003=DIRECTION('',(-1.3050608935997E-54,-2.93873587705572E-39,-1.));
#6004=DIRECTION('center_axis',(-1.,2.22044604925031E-16,6.52530446799852E-55));
#6005=DIRECTION('ref_axis',(2.22044604925031E-16,1.,-2.93873587705572E-39));
#6006=DIRECTION('',(-1.3050608935997E-54,-2.93873587705572E-39,-1.));
#6007=DIRECTION('center_axis',(-2.22044604925031E-16,-1.,2.93873587705572E-39));
#6008=DIRECTION('ref_axis',(-1.,2.22044604925031E-16,6.52530446799852E-55));
#6009=DIRECTION('center_axis',(1.,-2.22044604925031E-16,-6.52530446799852E-55));
#6010=DIRECTION('ref_axis',(-2.22044604925031E-16,-1.,2.93873587705572E-39));
#6011=DIRECTION('',(-1.3050608935997E-54,-2.93873587705572E-39,-1.));
#6012=DIRECTION('',(-1.3050608935997E-54,-2.93873587705572E-39,-1.));
#6013=DIRECTION('center_axis',(2.22044604925031E-16,1.,-2.93873587705572E-39));
#6014=DIRECTION('ref_axis',(1.,-2.22044604925031E-16,-6.52530446799852E-55));
#6015=DIRECTION('',(-1.3050608935997E-54,-2.93873587705572E-39,-1.));
#6016=DIRECTION('center_axis',(-0.570372722305841,-0.821385997962848,7.37661718790525E-40));
#6017=DIRECTION('ref_axis',(-0.821385997962848,0.570372722305841,-4.09001128345875E-39));
#6018=DIRECTION('center_axis',(1.3050608935997E-54,2.93873587705572E-39,
1.));
#6019=DIRECTION('ref_axis',(2.22044604925031E-16,1.,-2.93873587705572E-39));
#6020=DIRECTION('',(2.22044604925031E-16,1.,-2.93873587705572E-39));
#6021=DIRECTION('',(-1.,2.22044604925031E-16,6.52530446799852E-55));
#6022=DIRECTION('',(2.22044604925031E-16,1.,-2.93873587705572E-39));
#6023=DIRECTION('',(-2.22044604925031E-16,-1.,2.93873587705572E-39));
#6024=DIRECTION('',(1.,-2.22044604925031E-16,-6.52530446799852E-55));
#6025=DIRECTION('',(-1.,2.22044604925031E-16,6.52530446799852E-55));
#6026=DIRECTION('',(2.22044604925031E-16,1.,-2.93873587705572E-39));
#6027=DIRECTION('',(-2.22044604925031E-16,-1.,2.93873587705572E-39));
#6028=DIRECTION('center_axis',(-1.,2.22044604925031E-16,6.52530446799852E-55));
#6029=DIRECTION('ref_axis',(2.22044604925031E-16,1.,-2.93873587705572E-39));
#6030=DIRECTION('',(-1.3050608935997E-54,-2.93873587705572E-39,-1.));
#6031=DIRECTION('',(-1.3050608935997E-54,-2.93873587705572E-39,-1.));
#6032=DIRECTION('center_axis',(2.22044604925031E-16,1.,-2.93873587705572E-39));
#6033=DIRECTION('ref_axis',(1.,-2.22044604925031E-16,-6.52530446799852E-55));
#6034=DIRECTION('',(-1.3050608935997E-54,-2.93873587705572E-39,-1.));
#6035=DIRECTION('center_axis',(1.,-2.22044604925031E-16,-6.52530446799852E-55));
#6036=DIRECTION('ref_axis',(-2.22044604925031E-16,-1.,2.93873587705572E-39));
#6037=DIRECTION('',(-1.3050608935997E-54,-2.93873587705572E-39,-1.));
#6038=DIRECTION('',(-1.3050608935997E-54,-2.93873587705572E-39,-1.));
#6039=DIRECTION('',(-1.3050608935997E-54,-2.93873587705572E-39,-1.));
#6040=DIRECTION('',(-1.3050608935997E-54,-2.93873587705572E-39,-1.));
#6041=DIRECTION('',(-1.3050608935997E-54,-2.93873587705572E-39,-1.));
#6042=DIRECTION('',(-1.3050608935997E-54,-2.93873587705572E-39,-1.));
#6043=DIRECTION('',(-1.3050608935997E-54,-2.93873587705572E-39,-1.));
#6044=DIRECTION('center_axis',(-1.,2.22044604925031E-16,6.52530446799852E-55));
#6045=DIRECTION('ref_axis',(2.22044604925031E-16,1.,-2.93873587705572E-39));
#6046=DIRECTION('',(-1.3050608935997E-54,-2.93873587705572E-39,-1.));
#6047=DIRECTION('center_axis',(-2.22044604925031E-16,-1.,2.93873587705572E-39));
#6048=DIRECTION('ref_axis',(-1.,2.22044604925031E-16,6.52530446799852E-55));
#6049=DIRECTION('center_axis',(-2.22044604925031E-16,-1.,2.93873587705572E-39));
#6050=DIRECTION('ref_axis',(-1.,2.22044604925031E-16,6.52530446799852E-55));
#6051=DIRECTION('',(-1.3050608935997E-54,-2.93873587705572E-39,-1.));
#6052=DIRECTION('',(-1.3050608935997E-54,-2.93873587705572E-39,-1.));
#6053=DIRECTION('center_axis',(1.,-2.22044604925031E-16,-6.52530446799852E-55));
#6054=DIRECTION('ref_axis',(-2.22044604925031E-16,-1.,2.93873587705572E-39));
#6055=DIRECTION('',(-1.3050608935997E-54,-2.93873587705572E-39,-1.));
#6056=DIRECTION('',(-1.3050608935997E-54,-2.93873587705572E-39,-1.));
#6057=DIRECTION('',(-1.3050608935997E-54,-2.93873587705572E-39,-1.));
#6058=DIRECTION('',(-1.3050608935997E-54,-2.93873587705572E-39,-1.));
#6059=DIRECTION('',(-1.3050608935997E-54,-2.93873587705572E-39,-1.));
#6060=DIRECTION('',(-1.3050608935997E-54,-2.93873587705572E-39,-1.));
#6061=DIRECTION('center_axis',(-1.,2.22044604925031E-16,6.52530446799852E-55));
#6062=DIRECTION('ref_axis',(2.22044604925031E-16,1.,-2.93873587705572E-39));
#6063=DIRECTION('center_axis',(1.3050608935997E-54,2.93873587705572E-39,
1.));
#6064=DIRECTION('ref_axis',(2.22044604925031E-16,1.,-2.93873587705572E-39));
#6065=DIRECTION('',(2.22044604925031E-16,1.,-2.93873587705572E-39));
#6066=DIRECTION('',(1.,-2.22044604925031E-16,-6.52530446799852E-55));
#6067=DIRECTION('',(-0.264515991848044,0.964381299101473,-3.61140455812993E-39));
#6068=DIRECTION('',(-1.,2.22044604925031E-16,6.52530446799852E-55));
#6069=DIRECTION('',(0.00161031390473719,-0.999998703443724,2.94346435406445E-39));
#6070=DIRECTION('',(1.,-2.22044604925031E-16,-6.52530446799852E-55));
#6071=DIRECTION('center_axis',(-1.,2.22044604925031E-16,6.52530446799852E-55));
#6072=DIRECTION('ref_axis',(2.22044604925031E-16,1.,-2.93873587705572E-39));
#6073=DIRECTION('',(-1.3050608935997E-54,-2.93873587705572E-39,-1.));
#6074=DIRECTION('',(-1.3050608935997E-54,-2.93873587705572E-39,-1.));
#6075=DIRECTION('center_axis',(2.22044604925031E-16,1.,-2.93873587705572E-39));
#6076=DIRECTION('ref_axis',(1.,-2.22044604925031E-16,-6.52530446799852E-55));
#6077=DIRECTION('',(-1.3050608935997E-54,-2.93873587705572E-39,-1.));
#6078=DIRECTION('center_axis',(0.999998703443724,0.00161031390473719,2.9339997795741E-39));
#6079=DIRECTION('ref_axis',(0.00161031390473719,-0.999998703443724,2.94346435406445E-39));
#6080=DIRECTION('',(-1.3050608935997E-54,-2.93873587705572E-39,-1.));
#6081=DIRECTION('center_axis',(-2.22044604925031E-16,-1.,2.93873587705572E-39));
#6082=DIRECTION('ref_axis',(-1.,2.22044604925031E-16,6.52530446799852E-55));
#6083=DIRECTION('',(-1.3050608935997E-54,-2.93873587705572E-39,-1.));
#6084=DIRECTION('',(-1.3050608935997E-54,-2.93873587705572E-39,-1.));
#6085=DIRECTION('',(-1.3050608935997E-54,-2.93873587705572E-39,-1.));
#6086=DIRECTION('',(-1.3050608935997E-54,-2.93873587705572E-39,-1.));
#6087=DIRECTION('',(-1.3050608935997E-54,-2.93873587705572E-39,-1.));
#6088=DIRECTION('',(-1.3050608935997E-54,-2.93873587705572E-39,-1.));
#6089=DIRECTION('',(-1.3050608935997E-54,-2.93873587705572E-39,-1.));
#6090=DIRECTION('',(-1.3050608935997E-54,-2.93873587705572E-39,-1.));
#6091=DIRECTION('',(-1.3050608935997E-54,-2.93873587705572E-39,-1.));
#6092=DIRECTION('',(-1.3050608935997E-54,-2.93873587705572E-39,-1.));
#6093=DIRECTION('',(-1.3050608935997E-54,-2.93873587705572E-39,-1.));
#6094=DIRECTION('',(-1.3050608935997E-54,-2.93873587705572E-39,-1.));
#6095=DIRECTION('center_axis',(-0.964381299101473,-0.264515991848045,-2.05671928753227E-39));
#6096=DIRECTION('ref_axis',(-0.264515991848044,0.964381299101473,-3.61140455812993E-39));
#6097=DIRECTION('',(-1.3050608935997E-54,-2.93873587705572E-39,-1.));
#6098=DIRECTION('',(-1.3050608935997E-54,-2.93873587705572E-39,-1.));
#6099=DIRECTION('',(-1.3050608935997E-54,-2.93873587705572E-39,-1.));
#6100=DIRECTION('',(-1.3050608935997E-54,-2.93873587705572E-39,-1.));
#6101=DIRECTION('',(-1.3050608935997E-54,-2.93873587705572E-39,-1.));
#6102=DIRECTION('',(-1.3050608935997E-54,-2.93873587705572E-39,-1.));
#6103=DIRECTION('',(-1.3050608935997E-54,-2.93873587705572E-39,-1.));
#6104=DIRECTION('',(-1.3050608935997E-54,-2.93873587705572E-39,-1.));
#6105=DIRECTION('',(-1.3050608935997E-54,-2.93873587705572E-39,-1.));
#6106=DIRECTION('',(-1.3050608935997E-54,-2.93873587705572E-39,-1.));
#6107=DIRECTION('',(-1.3050608935997E-54,-2.93873587705572E-39,-1.));
#6108=DIRECTION('',(-1.3050608935997E-54,-2.93873587705572E-39,-1.));
#6109=DIRECTION('',(-1.3050608935997E-54,-2.93873587705572E-39,-1.));
#6110=DIRECTION('center_axis',(2.22044604925031E-16,1.,-2.93873587705572E-39));
#6111=DIRECTION('ref_axis',(1.,-2.22044604925031E-16,-6.52530446799852E-55));
#6112=DIRECTION('center_axis',(0.,0.,1.));
#6113=DIRECTION('ref_axis',(-1.,0.,0.));
#6114=DIRECTION('',(0.,-1.,0.));
#6115=DIRECTION('',(1.,0.,0.));
#6116=DIRECTION('',(2.89781730522455E-70,1.,0.));
#6117=DIRECTION('',(1.,0.,0.));
#6118=DIRECTION('center_axis',(0.,0.,-1.));
#6119=DIRECTION('ref_axis',(0.,-1.,0.));
#6120=DIRECTION('',(0.,1.,0.));
#6121=DIRECTION('',(-1.,0.,0.));
#6122=DIRECTION('',(-2.89781730522455E-70,-1.,0.));
#6123=DIRECTION('',(1.,0.,0.));
#6124=DIRECTION('center_axis',(1.,-2.89781730522455E-70,-4.44089209850063E-16));
#6125=DIRECTION('ref_axis',(-4.44089209850063E-16,-1.3050608935997E-54,
-1.));
#6126=DIRECTION('',(0.,0.,-1.));
#6127=DIRECTION('',(2.89781730522455E-70,-1.,1.3050608935997E-54));
#6128=DIRECTION('',(-4.44089209850063E-16,0.,-1.));
#6129=DIRECTION('center_axis',(1.,-2.89781730522455E-70,-4.44089209850063E-16));
#6130=DIRECTION('ref_axis',(-4.44089209850063E-16,-1.3050608935997E-54,
-1.));
#6131=DIRECTION('',(-4.44089209850063E-16,0.,-1.));
#6132=DIRECTION('',(2.89781730522455E-70,1.,0.));
#6133=DIRECTION('',(0.,0.,-1.));
#6134=DIRECTION('center_axis',(1.,0.,-4.42354486374086E-16));
#6135=DIRECTION('ref_axis',(-4.42354486374086E-16,0.,-1.));
#6136=DIRECTION('',(4.42354486374086E-16,1.3050608935997E-54,1.));
#6137=DIRECTION('',(0.,-1.,0.));
#6138=DIRECTION('',(-4.42354486374086E-16,0.,-1.));
#6139=DIRECTION('center_axis',(-1.,0.,2.1223559260884E-16));
#6140=DIRECTION('ref_axis',(-2.1223559260884E-16,0.,-1.));
#6141=DIRECTION('',(-4.44089209850063E-16,0.,-1.));
#6142=DIRECTION('',(0.,-1.,0.));
#6143=DIRECTION('',(0.,0.,-1.));
#6144=DIRECTION('',(0.,-1.,0.));
#6145=DIRECTION('center_axis',(0.,0.,1.));
#6146=DIRECTION('ref_axis',(-1.,0.,0.));
#6147=DIRECTION('',(1.,0.,0.));
#6148=DIRECTION('',(-1.,0.,0.));
#6149=DIRECTION('',(0.,1.,0.));
#6150=DIRECTION('',(1.,0.,0.));
#6151=DIRECTION('center_axis',(0.,1.,0.));
#6152=DIRECTION('ref_axis',(-4.44089209850063E-16,0.,-1.));
#6153=DIRECTION('',(-1.,0.,0.));
#6154=DIRECTION('',(-4.44089209850063E-16,0.,-1.));
#6155=DIRECTION('center_axis',(-1.,2.89781730522455E-70,4.44089209850063E-16));
#6156=DIRECTION('ref_axis',(2.89781730522455E-70,-1.,1.3050608935997E-54));
#6157=DIRECTION('',(0.,-1.,0.));
#6158=DIRECTION('',(4.44089209850063E-16,0.,1.));
#6159=DIRECTION('center_axis',(0.,0.,-1.));
#6160=DIRECTION('ref_axis',(0.,-1.,0.));
#6161=DIRECTION('',(0.,1.,0.));
#6162=DIRECTION('',(-1.,0.,0.));
#6163=DIRECTION('',(-2.89781730522455E-70,-1.,0.));
#6164=DIRECTION('',(1.,0.,0.));
#6165=DIRECTION('center_axis',(1.,-2.89781730522455E-70,-4.44089209850063E-16));
#6166=DIRECTION('ref_axis',(-4.44089209850063E-16,-1.3050608935997E-54,
-1.));
#6167=DIRECTION('',(-4.44089209850063E-16,0.,-1.));
#6168=DIRECTION('',(2.89781730522455E-70,1.,0.));
#6169=DIRECTION('',(0.,0.,-1.));
#6170=DIRECTION('center_axis',(1.,0.,-4.42354486374086E-16));
#6171=DIRECTION('ref_axis',(-4.42354486374086E-16,0.,-1.));
#6172=DIRECTION('',(4.42354486374086E-16,1.3050608935997E-54,1.));
#6173=DIRECTION('',(0.,-1.,0.));
#6174=DIRECTION('',(-4.42354486374086E-16,0.,-1.));
#6175=DIRECTION('center_axis',(1.,-2.89781730522455E-70,-4.44089209850063E-16));
#6176=DIRECTION('ref_axis',(-4.44089209850063E-16,-1.3050608935997E-54,
-1.));
#6177=DIRECTION('',(0.,0.,-1.));
#6178=DIRECTION('',(-2.89781730522455E-70,-1.,0.));
#6179=DIRECTION('',(-4.44089209850063E-16,-1.3050608935997E-54,-1.));
#6180=DIRECTION('',(2.89781730522455E-70,1.,0.));
#6181=DIRECTION('',(2.1223559260884E-16,1.3050608935997E-54,1.));
#6182=DIRECTION('',(0.,-1.,0.));
#6183=DIRECTION('',(0.,0.,-1.));
#6184=DIRECTION('',(0.,0.,-1.));
#6185=DIRECTION('',(0.,1.,0.));
#6186=DIRECTION('center_axis',(-1.,0.,2.1223559260884E-16));
#6187=DIRECTION('ref_axis',(-2.1223559260884E-16,0.,-1.));
#6188=DIRECTION('',(-4.44089209850063E-16,0.,-1.));
#6189=DIRECTION('',(0.,-1.,0.));
#6190=DIRECTION('',(-2.1223559260884E-16,0.,-1.));
#6191=DIRECTION('',(0.,-1.,0.));
#6192=DIRECTION('center_axis',(0.,0.,-1.));
#6193=DIRECTION('ref_axis',(0.,-1.,0.));
#6194=DIRECTION('',(0.,1.,0.));
#6195=DIRECTION('',(-1.,0.,0.));
#6196=DIRECTION('',(0.,-1.,0.));
#6197=DIRECTION('',(-1.,0.,0.));
#6198=DIRECTION('',(-2.89781730522455E-70,-1.,0.));
#6199=DIRECTION('',(1.,0.,0.));
#6200=DIRECTION('center_axis',(0.,0.,1.));
#6201=DIRECTION('ref_axis',(-1.,0.,0.));
#6202=DIRECTION('',(1.,0.,0.));
#6203=DIRECTION('',(-1.,0.,0.));
#6204=DIRECTION('',(0.,1.,0.));
#6205=DIRECTION('',(1.,0.,0.));
#6206=DIRECTION('center_axis',(0.,1.,0.));
#6207=DIRECTION('ref_axis',(-4.44089209850063E-16,0.,-1.));
#6208=DIRECTION('',(-4.44089209850063E-16,0.,-1.));
#6209=DIRECTION('center_axis',(-1.,2.89781730522455E-70,4.44089209850063E-16));
#6210=DIRECTION('ref_axis',(2.89781730522455E-70,-1.,1.3050608935997E-54));
#6211=DIRECTION('',(4.44089209850063E-16,0.,1.));
#6212=DIRECTION('center_axis',(0.,0.,-1.));
#6213=DIRECTION('ref_axis',(0.,-1.,0.));
#6214=DIRECTION('',(0.,-1.,0.));
#6215=DIRECTION('',(1.,2.89781730522455E-70,0.));
#6216=DIRECTION('',(0.,-1.,0.));
#6217=DIRECTION('',(-1.,-2.89781730522455E-70,0.));
#6218=DIRECTION('center_axis',(0.,-1.,0.));
#6219=DIRECTION('ref_axis',(0.,0.,-1.));
#6220=DIRECTION('',(0.,0.,-1.));
#6221=DIRECTION('',(-2.1223559260884E-16,0.,-1.));
#6222=DIRECTION('',(-4.44089209850063E-16,0.,-1.));
#6223=DIRECTION('',(1.,2.89781730522455E-70,0.));
#6224=DIRECTION('center_axis',(0.,0.,1.));
#6225=DIRECTION('ref_axis',(0.,1.,0.));
#6226=DIRECTION('',(0.,1.,0.));
#6227=DIRECTION('',(0.,1.,0.));
#6228=DIRECTION('',(-1.,-2.89781730522455E-70,0.));
#6229=DIRECTION('center_axis',(-1.,2.89781730522455E-70,4.44089209850063E-16));
#6230=DIRECTION('ref_axis',(4.44089209850063E-16,1.3050608935997E-54,1.));
#6231=DIRECTION('',(-4.44089209850063E-16,-1.3050608935997E-54,-1.));
#6232=DIRECTION('center_axis',(-2.89781730522455E-70,1.,-1.3050608935997E-54));
#6233=DIRECTION('ref_axis',(4.44089209850063E-16,1.3050608935997E-54,1.));
#6234=DIRECTION('',(2.1223559260884E-16,1.3050608935997E-54,1.));
#6235=DIRECTION('',(-1.,0.,0.));
#6236=DIRECTION('',(0.,1.3050608935997E-54,1.));
#6237=DIRECTION('',(1.,0.,0.));
#6238=DIRECTION('',(-1.,0.,0.));
#6239=DIRECTION('',(0.,1.3050608935997E-54,1.));
#6240=DIRECTION('',(1.,0.,0.));
#6241=DIRECTION('',(2.1223559260884E-16,1.3050608935997E-54,1.));
#6242=DIRECTION('',(-1.,0.,0.));
#6243=DIRECTION('',(0.,1.3050608935997E-54,1.));
#6244=DIRECTION('',(-1.,5.79562908330134E-70,4.44088786333598E-16));
#6245=DIRECTION('',(4.44089209850063E-16,1.47470903456619E-16,1.));
#6246=DIRECTION('',(-1.,-2.89781730522455E-70,0.));
#6247=DIRECTION('',(-4.44089209850063E-16,-1.3050608935997E-54,-1.));
#6248=DIRECTION('',(1.,2.89781730522455E-70,0.));
#6249=DIRECTION('',(4.44089209850063E-16,1.47470903456619E-16,1.));
#6250=DIRECTION('',(-1.,-2.89781730522455E-70,0.));
#6251=DIRECTION('',(-4.44089209850063E-16,-1.3050608935997E-54,-1.));
#6252=DIRECTION('',(1.,2.89781730522455E-70,0.));
#6253=DIRECTION('',(4.44089209850063E-16,1.47470903456619E-16,1.));
#6254=DIRECTION('',(-1.,-2.89781730522455E-70,0.));
#6255=DIRECTION('',(-4.44089209850063E-16,-1.3050608935997E-54,-1.));
#6256=DIRECTION('',(1.,2.89781730522455E-70,0.));
#6257=DIRECTION('',(4.44089209850063E-16,1.47470903456619E-16,1.));
#6258=DIRECTION('',(-1.,-2.89781730522455E-70,0.));
#6259=DIRECTION('',(-4.44089209850063E-16,-1.3050608935997E-54,-1.));
#6260=DIRECTION('',(1.,2.89781730522455E-70,0.));
#6261=DIRECTION('',(4.44089209850063E-16,1.47470903456619E-16,1.));
#6262=DIRECTION('',(-1.,-2.89781730522455E-70,0.));
#6263=DIRECTION('',(-4.44089209850063E-16,-1.3050608935997E-54,-1.));
#6264=DIRECTION('',(1.,2.89781730522455E-70,0.));
#6265=DIRECTION('',(4.44089209850063E-16,1.47470903456619E-16,1.));
#6266=DIRECTION('',(-1.,0.,0.));
#6267=DIRECTION('',(0.,1.3050608935997E-54,1.));
#6268=DIRECTION('',(1.,0.,0.));
#6269=DIRECTION('',(2.1223559260884E-16,1.3050608935997E-54,1.));
#6270=DIRECTION('',(-1.,0.,0.));
#6271=DIRECTION('',(0.,1.3050608935997E-54,1.));
#6272=DIRECTION('',(1.,0.,0.));
#6273=DIRECTION('',(2.1223559260884E-16,1.3050608935997E-54,1.));
#6274=DIRECTION('',(-1.,0.,0.));
#6275=DIRECTION('',(0.,1.3050608935997E-54,1.));
#6276=DIRECTION('',(1.,0.,0.));
#6277=DIRECTION('center_axis',(-2.89781730522455E-70,1.,-1.3050608935997E-54));
#6278=DIRECTION('ref_axis',(4.44089209850063E-16,1.3050608935997E-54,1.));
#6279=DIRECTION('',(0.,0.,-1.));
#6280=DIRECTION('',(-1.,-2.89781730522455E-70,0.));
#6281=DIRECTION('',(-4.44089209850063E-16,-1.3050608935997E-54,-1.));
#6282=DIRECTION('',(1.,2.89781730522455E-70,0.));
#6283=DIRECTION('',(0.,0.,-1.));
#6284=DIRECTION('',(-1.,-2.89781730522455E-70,0.));
#6285=DIRECTION('',(-4.44089209850063E-16,-1.3050608935997E-54,-1.));
#6286=DIRECTION('',(1.,2.89781730522455E-70,0.));
#6287=DIRECTION('',(0.,0.,-1.));
#6288=DIRECTION('',(-1.,0.,0.));
#6289=DIRECTION('',(-4.44089209850063E-16,-1.47470903456619E-16,-1.));
#6290=DIRECTION('',(1.,-2.8978117780768E-70,-4.44088786333598E-16));
#6291=DIRECTION('',(0.,0.,-1.));
#6292=DIRECTION('',(-1.,-2.89781730522455E-70,0.));
#6293=DIRECTION('',(-4.44089209850063E-16,-1.3050608935997E-54,-1.));
#6294=DIRECTION('',(1.,2.89781730522455E-70,0.));
#6295=DIRECTION('',(-1.,-2.89781730522455E-70,0.));
#6296=DIRECTION('',(-4.44089209850063E-16,-1.3050608935997E-54,-1.));
#6297=DIRECTION('',(1.,2.89781730522455E-70,0.));
#6298=DIRECTION('',(0.,0.,-1.));
#6299=DIRECTION('center_axis',(1.,-2.89781730522455E-70,-4.44089209850063E-16));
#6300=DIRECTION('ref_axis',(-4.44089209850063E-16,-1.3050608935997E-54,
-1.));
#6301=DIRECTION('',(-4.44089209850063E-16,0.,-1.));
#6302=DIRECTION('',(2.89781730522455E-70,1.,0.));
#6303=DIRECTION('',(0.,0.,-1.));
#6304=DIRECTION('center_axis',(2.89781730522455E-70,-1.,1.3050608935997E-54));
#6305=DIRECTION('ref_axis',(1.,-2.89781730522455E-70,-4.44089209850063E-16));
#6306=DIRECTION('',(1.,-2.89781730522455E-70,-4.44089209850063E-16));
#6307=DIRECTION('',(0.,0.,1.));
#6308=DIRECTION('',(1.,0.,0.));
#6309=DIRECTION('',(-4.44089209850063E-16,-1.3050608935997E-54,-1.));
#6310=DIRECTION('',(4.42354486374086E-16,1.3050608935997E-54,1.));
#6311=DIRECTION('',(1.,0.,0.));
#6312=DIRECTION('',(1.,0.,0.));
#6313=DIRECTION('',(4.42354486374086E-16,1.3050608935997E-54,1.));
#6314=DIRECTION('',(1.,0.,0.));
#6315=DIRECTION('',(0.,0.,-1.));
#6316=DIRECTION('',(1.,-2.87517810752748E-70,-4.42354486374086E-16));
#6317=DIRECTION('',(4.42354486374086E-16,1.3050608935997E-54,1.));
#6318=DIRECTION('',(0.,0.,-1.));
#6319=DIRECTION('',(1.,0.,0.));
#6320=DIRECTION('',(4.42354486374086E-16,1.3050608935997E-54,1.));
#6321=DIRECTION('',(1.,0.,0.));
#6322=DIRECTION('center_axis',(1.,0.,-4.42354486374086E-16));
#6323=DIRECTION('ref_axis',(-4.42354486374086E-16,0.,-1.));
#6324=DIRECTION('',(-4.42354486374086E-16,0.,-1.));
#6325=DIRECTION('',(0.,-1.,0.));
#6326=DIRECTION('center_axis',(-1.,0.,2.1223559260884E-16));
#6327=DIRECTION('ref_axis',(-2.1223559260884E-16,0.,-1.));
#6328=DIRECTION('',(-4.44089209850063E-16,0.,-1.));
#6329=DIRECTION('',(0.,-1.,0.));
#6330=DIRECTION('',(0.,0.,-1.));
#6331=DIRECTION('',(0.,-1.,0.));
#6332=DIRECTION('center_axis',(0.,0.,1.));
#6333=DIRECTION('ref_axis',(-1.,0.,0.));
#6334=DIRECTION('',(0.,-1.,0.));
#6335=DIRECTION('',(-1.,0.,0.));
#6336=DIRECTION('',(0.,1.,0.));
#6337=DIRECTION('',(1.,0.,0.));
#6338=DIRECTION('center_axis',(0.,1.,0.));
#6339=DIRECTION('ref_axis',(-4.44089209850063E-16,0.,-1.));
#6340=DIRECTION('',(-1.,0.,0.));
#6341=DIRECTION('',(-4.44089209850063E-16,0.,-1.));
#6342=DIRECTION('center_axis',(-1.,2.89781730522455E-70,4.44089209850063E-16));
#6343=DIRECTION('ref_axis',(2.89781730522455E-70,-1.,1.3050608935997E-54));
#6344=DIRECTION('',(0.,-1.,0.));
#6345=DIRECTION('',(4.44089209850063E-16,0.,1.));
#6346=DIRECTION('center_axis',(0.,0.,-1.));
#6347=DIRECTION('ref_axis',(0.,-1.,0.));
#6348=DIRECTION('',(0.,1.,0.));
#6349=DIRECTION('',(-1.,0.,0.));
#6350=DIRECTION('',(-2.89781730522455E-70,-1.,0.));
#6351=DIRECTION('center_axis',(1.,-2.89781730522455E-70,-4.44089209850063E-16));
#6352=DIRECTION('ref_axis',(-4.44089209850063E-16,-1.3050608935997E-54,
-1.));
#6353=DIRECTION('',(-4.44089209850063E-16,0.,-1.));
#6354=DIRECTION('',(2.89781730522455E-70,1.,0.));
#6355=DIRECTION('center_axis',(1.,-2.89781730522455E-70,-4.44089209850063E-16));
#6356=DIRECTION('ref_axis',(-4.44089209850063E-16,-1.3050608935997E-54,
-1.));
#6357=DIRECTION('',(-2.89781730522455E-70,-1.,0.));
#6358=DIRECTION('',(-4.44089209850063E-16,-1.3050608935997E-54,-1.));
#6359=DIRECTION('',(2.89781730522455E-70,1.,0.));
#6360=DIRECTION('',(0.,-1.,0.));
#6361=DIRECTION('',(0.,0.,-1.));
#6362=DIRECTION('',(0.,0.,-1.));
#6363=DIRECTION('',(0.,1.,0.));
#6364=DIRECTION('center_axis',(1.,0.,-4.42354486374086E-16));
#6365=DIRECTION('ref_axis',(-4.42354486374086E-16,0.,-1.));
#6366=DIRECTION('',(-4.42354486374086E-16,0.,-1.));
#6367=DIRECTION('center_axis',(1.,0.,-4.42354486374086E-16));
#6368=DIRECTION('ref_axis',(-4.42354486374086E-16,0.,-1.));
#6369=DIRECTION('',(0.,-1.,0.));
#6370=DIRECTION('',(-4.42354486374086E-16,0.,-1.));
#6371=DIRECTION('',(0.,1.,0.));
#6372=DIRECTION('',(0.,1.,0.));
#6373=DIRECTION('',(-4.42354486374086E-16,0.,-1.));
#6374=DIRECTION('center_axis',(0.,0.,-1.));
#6375=DIRECTION('ref_axis',(0.,-1.,0.));
#6376=DIRECTION('',(1.,0.,0.));
#6377=DIRECTION('',(0.,-1.,0.));
#6378=DIRECTION('',(-1.,0.,0.));
#6379=DIRECTION('',(0.,-1.,0.));
#6380=DIRECTION('',(-2.89781730522455E-70,-1.,0.));
#6381=DIRECTION('center_axis',(0.,0.,1.));
#6382=DIRECTION('ref_axis',(-1.,0.,0.));
#6383=DIRECTION('',(0.,-1.,0.));
#6384=DIRECTION('',(-1.,0.,0.));
#6385=DIRECTION('',(0.,1.,0.));
#6386=DIRECTION('',(1.,0.,0.));
#6387=DIRECTION('center_axis',(0.,1.,0.));
#6388=DIRECTION('ref_axis',(-4.44089209850063E-16,0.,-1.));
#6389=DIRECTION('',(0.,0.,-1.));
#6390=DIRECTION('',(-4.44089209850063E-16,0.,-1.));
#6391=DIRECTION('center_axis',(-1.,2.89781730522455E-70,4.44089209850063E-16));
#6392=DIRECTION('ref_axis',(2.89781730522455E-70,-1.,1.3050608935997E-54));
#6393=DIRECTION('',(4.44089209850063E-16,0.,1.));
#6394=DIRECTION('center_axis',(0.,1.,0.));
#6395=DIRECTION('ref_axis',(0.,0.,1.));
#6396=DIRECTION('center_axis',(-1.,0.,2.1223559260884E-16));
#6397=DIRECTION('ref_axis',(-2.1223559260884E-16,0.,-1.));
#6398=DIRECTION('',(-4.44089209850063E-16,0.,-1.));
#6399=DIRECTION('center_axis',(1.,-2.89781730522455E-70,-4.44089209850063E-16));
#6400=DIRECTION('ref_axis',(-4.44089209850063E-16,-1.3050608935997E-54,
-1.));
#6401=DIRECTION('',(-2.89781730522455E-70,-1.,0.));
#6402=DIRECTION('',(-4.44089209850063E-16,-1.3050608935997E-54,-1.));
#6403=DIRECTION('',(2.89781730522455E-70,1.,0.));
#6404=DIRECTION('',(0.,-1.,0.));
#6405=DIRECTION('',(0.,0.,-1.));
#6406=DIRECTION('',(0.,0.,-1.));
#6407=DIRECTION('',(0.,1.,0.));
#6408=DIRECTION('center_axis',(1.,-2.89781730522455E-70,-4.44089209850063E-16));
#6409=DIRECTION('ref_axis',(-4.44089209850063E-16,-1.3050608935997E-54,
-1.));
#6410=DIRECTION('',(-4.44089209850063E-16,0.,-1.));
#6411=DIRECTION('',(0.,1.,0.));
#6412=DIRECTION('center_axis',(0.,0.,1.));
#6413=DIRECTION('ref_axis',(0.,1.,0.));
#6414=DIRECTION('',(0.,-1.,0.));
#6415=DIRECTION('',(1.,2.89781730522455E-70,0.));
#6416=DIRECTION('',(0.,1.,0.));
#6417=DIRECTION('center_axis',(0.,0.,-1.));
#6418=DIRECTION('ref_axis',(0.,-1.,0.));
#6419=DIRECTION('',(0.,1.,0.));
#6420=DIRECTION('',(0.,-1.,0.));
#6421=DIRECTION('',(-1.,-2.89781730522455E-70,0.));
#6422=DIRECTION('center_axis',(0.,-1.,0.));
#6423=DIRECTION('ref_axis',(0.,0.,-1.));
#6424=DIRECTION('',(2.11135926325892E-16,2.54930558775744E-87,1.));
#6425=DIRECTION('',(4.44089209850063E-16,0.,1.));
#6426=DIRECTION('center_axis',(-1.,2.89781730522455E-70,4.44089209850063E-16));
#6427=DIRECTION('ref_axis',(4.44089209850063E-16,1.3050608935997E-54,1.));
#6428=DIRECTION('center_axis',(0.,0.,1.));
#6429=DIRECTION('ref_axis',(0.,1.,0.));
#6430=DIRECTION('',(0.,-1.,0.));
#6431=DIRECTION('',(1.,2.89781730522455E-70,0.));
#6432=DIRECTION('',(0.,1.,0.));
#6433=DIRECTION('center_axis',(0.,0.,-1.));
#6434=DIRECTION('ref_axis',(0.,-1.,0.));
#6435=DIRECTION('',(0.,1.,0.));
#6436=DIRECTION('',(0.,-1.,0.));
#6437=DIRECTION('',(-1.,-2.89781730522455E-70,0.));
#6438=DIRECTION('center_axis',(0.,-1.,0.));
#6439=DIRECTION('ref_axis',(0.,0.,-1.));
#6440=DIRECTION('',(2.11135926325892E-16,2.54930558775744E-87,1.));
#6441=DIRECTION('',(4.44089209850063E-16,0.,1.));
#6442=DIRECTION('center_axis',(-1.,2.89781730522455E-70,4.44089209850063E-16));
#6443=DIRECTION('ref_axis',(4.44089209850063E-16,1.3050608935997E-54,1.));
#6444=DIRECTION('center_axis',(-1.,2.89781730522455E-70,4.44089209850063E-16));
#6445=DIRECTION('ref_axis',(4.44089209850063E-16,1.3050608935997E-54,1.));
#6446=DIRECTION('',(0.,1.,0.));
#6447=DIRECTION('',(2.11135926325892E-16,2.54930558775744E-87,1.));
#6448=DIRECTION('',(0.,-1.,0.));
#6449=DIRECTION('center_axis',(0.,-1.,0.));
#6450=DIRECTION('ref_axis',(0.,0.,-1.));
#6451=DIRECTION('',(-1.,-2.89781730522455E-70,0.));
#6452=DIRECTION('',(1.,2.89781730522455E-70,0.));
#6453=DIRECTION('',(4.44089209850063E-16,0.,1.));
#6454=DIRECTION('center_axis',(0.,0.,-1.));
#6455=DIRECTION('ref_axis',(0.,-1.,0.));
#6456=DIRECTION('',(0.,1.,0.));
#6457=DIRECTION('center_axis',(0.,0.,1.));
#6458=DIRECTION('ref_axis',(0.,1.,0.));
#6459=DIRECTION('',(0.,-1.,0.));
#6460=DIRECTION('center_axis',(0.,0.,1.));
#6461=DIRECTION('ref_axis',(0.,1.,0.));
#6462=DIRECTION('',(0.,-1.,0.));
#6463=DIRECTION('',(1.,2.89781730522455E-70,0.));
#6464=DIRECTION('',(0.,1.,0.));
#6465=DIRECTION('center_axis',(0.,0.,-1.));
#6466=DIRECTION('ref_axis',(0.,-1.,0.));
#6467=DIRECTION('',(0.,1.,0.));
#6468=DIRECTION('',(0.,-1.,0.));
#6469=DIRECTION('',(-1.,-2.89781730522455E-70,0.));
#6470=DIRECTION('center_axis',(0.,-1.,0.));
#6471=DIRECTION('ref_axis',(0.,0.,-1.));
#6472=DIRECTION('',(2.11135926325892E-16,2.54930558775744E-87,1.));
#6473=DIRECTION('',(4.44089209850063E-16,0.,1.));
#6474=DIRECTION('center_axis',(-1.,2.89781730522455E-70,4.44089209850063E-16));
#6475=DIRECTION('ref_axis',(4.44089209850063E-16,1.3050608935997E-54,1.));
#6476=DIRECTION('center_axis',(0.,0.,1.));
#6477=DIRECTION('ref_axis',(0.,1.,0.));
#6478=DIRECTION('',(0.,-1.,0.));
#6479=DIRECTION('',(1.,2.89781730522455E-70,0.));
#6480=DIRECTION('',(0.,1.,0.));
#6481=DIRECTION('center_axis',(0.,0.,-1.));
#6482=DIRECTION('ref_axis',(0.,-1.,0.));
#6483=DIRECTION('',(0.,1.,0.));
#6484=DIRECTION('',(0.,-1.,0.));
#6485=DIRECTION('',(-1.,-2.89781730522455E-70,0.));
#6486=DIRECTION('center_axis',(0.,-1.,0.));
#6487=DIRECTION('ref_axis',(0.,0.,-1.));
#6488=DIRECTION('',(-4.44089209850063E-16,0.,-1.));
#6489=DIRECTION('',(4.44089209850063E-16,0.,1.));
#6490=DIRECTION('center_axis',(-1.,2.89781730522455E-70,4.44089209850063E-16));
#6491=DIRECTION('ref_axis',(4.44089209850063E-16,1.3050608935997E-54,1.));
#6492=DIRECTION('center_axis',(0.,0.,-1.));
#6493=DIRECTION('ref_axis',(0.,-1.,0.));
#6494=DIRECTION('',(0.,-1.,0.));
#6495=DIRECTION('',(-1.,-2.89781730522455E-70,0.));
#6496=DIRECTION('center_axis',(0.,0.,1.));
#6497=DIRECTION('ref_axis',(0.,1.,0.));
#6498=DIRECTION('',(1.,2.89781730522455E-70,0.));
#6499=DIRECTION('',(0.,1.,0.));
#6500=DIRECTION('center_axis',(0.,-1.,0.));
#6501=DIRECTION('ref_axis',(0.,0.,-1.));
#6502=DIRECTION('',(-4.44089209850063E-16,0.,-1.));
#6503=DIRECTION('center_axis',(-1.,2.89781730522455E-70,4.44089209850063E-16));
#6504=DIRECTION('ref_axis',(4.44089209850063E-16,1.3050608935997E-54,1.));
#6505=DIRECTION('center_axis',(0.,0.,-1.));
#6506=DIRECTION('ref_axis',(0.,-1.,0.));
#6507=DIRECTION('',(0.,-1.,0.));
#6508=DIRECTION('',(-1.,-2.89781730522455E-70,0.));
#6509=DIRECTION('center_axis',(0.,0.,1.));
#6510=DIRECTION('ref_axis',(0.,1.,0.));
#6511=DIRECTION('',(1.,2.89781730522455E-70,0.));
#6512=DIRECTION('',(0.,1.,0.));
#6513=DIRECTION('center_axis',(0.,-1.,0.));
#6514=DIRECTION('ref_axis',(0.,0.,-1.));
#6515=DIRECTION('',(-4.44089209850063E-16,0.,-1.));
#6516=DIRECTION('center_axis',(-1.,2.89781730522455E-70,4.44089209850063E-16));
#6517=DIRECTION('ref_axis',(4.44089209850063E-16,1.3050608935997E-54,1.));
#6518=DIRECTION('center_axis',(0.,0.,-1.));
#6519=DIRECTION('ref_axis',(0.,-1.,0.));
#6520=DIRECTION('',(0.,-1.,0.));
#6521=DIRECTION('',(-1.,-2.89781730522455E-70,0.));
#6522=DIRECTION('center_axis',(0.,0.,1.));
#6523=DIRECTION('ref_axis',(0.,1.,0.));
#6524=DIRECTION('',(1.,2.89781730522455E-70,0.));
#6525=DIRECTION('',(0.,1.,0.));
#6526=DIRECTION('center_axis',(0.,-1.,0.));
#6527=DIRECTION('ref_axis',(0.,0.,-1.));
#6528=DIRECTION('',(-4.44089209850063E-16,0.,-1.));
#6529=DIRECTION('center_axis',(-1.,2.89781730522455E-70,4.44089209850063E-16));
#6530=DIRECTION('ref_axis',(4.44089209850063E-16,1.3050608935997E-54,1.));
#6531=DIRECTION('center_axis',(0.,0.,-1.));
#6532=DIRECTION('ref_axis',(0.,-1.,0.));
#6533=DIRECTION('',(0.,-1.,0.));
#6534=DIRECTION('',(0.,-1.,0.));
#6535=DIRECTION('',(-1.,-2.89781730522455E-70,0.));
#6536=DIRECTION('center_axis',(0.,-1.,0.));
#6537=DIRECTION('ref_axis',(0.,0.,-1.));
#6538=DIRECTION('',(-2.1223559260884E-16,0.,-1.));
#6539=DIRECTION('',(-4.44089209850063E-16,0.,-1.));
#6540=DIRECTION('',(1.,2.89781730522455E-70,0.));
#6541=DIRECTION('center_axis',(0.,0.,1.));
#6542=DIRECTION('ref_axis',(0.,1.,0.));
#6543=DIRECTION('',(0.,1.,0.));
#6544=DIRECTION('',(0.,1.,0.));
#6545=DIRECTION('center_axis',(-1.,2.89781730522455E-70,4.44089209850063E-16));
#6546=DIRECTION('ref_axis',(4.44089209850063E-16,1.3050608935997E-54,1.));
#6547=DIRECTION('center_axis',(0.,0.,-1.));
#6548=DIRECTION('ref_axis',(0.,-1.,0.));
#6549=DIRECTION('',(0.,1.,0.));
#6550=DIRECTION('',(1.,0.,0.));
#6551=DIRECTION('',(0.99999999999999,-1.44136190633495E-7,0.));
#6552=DIRECTION('center_axis',(0.,0.,1.));
#6553=DIRECTION('ref_axis',(-1.,0.,0.));
#6554=DIRECTION('',(2.89781730522455E-70,1.,0.));
#6555=DIRECTION('',(-0.99999999999999,1.44136190633495E-7,0.));
#6556=DIRECTION('',(1.,0.,0.));
#6557=DIRECTION('',(0.,-1.,0.));
#6558=DIRECTION('center_axis',(-1.44136190633495E-7,-0.99999999999999,0.));
#6559=DIRECTION('ref_axis',(0.,0.,-1.));
#6560=DIRECTION('',(-4.44089209850063E-16,-1.3050608935997E-54,-1.));
#6561=DIRECTION('',(2.11135926325892E-16,-3.04323281264887E-23,1.));
#6562=DIRECTION('center_axis',(1.,-2.89781730522455E-70,-4.44089209850063E-16));
#6563=DIRECTION('ref_axis',(-4.44089209850063E-16,-1.3050608935997E-54,
-1.));
#6564=DIRECTION('',(2.89781730522455E-70,-1.,1.3050608935997E-54));
#6565=DIRECTION('',(-4.44089209850063E-16,-1.3050608935997E-54,-1.));
#6566=DIRECTION('center_axis',(-1.,0.,0.));
#6567=DIRECTION('ref_axis',(0.,0.,1.));
#6568=DIRECTION('',(0.,-1.,0.));
#6569=DIRECTION('',(0.,1.3050608935997E-54,1.));
#6570=DIRECTION('center_axis',(0.,0.,1.));
#6571=DIRECTION('ref_axis',(-1.,0.,0.));
#6572=DIRECTION('',(0.99999999999999,-1.44136190633495E-7,0.));
#6573=DIRECTION('',(1.,0.,0.));
#6574=DIRECTION('center_axis',(1.44136190633495E-7,0.99999999999999,0.));
#6575=DIRECTION('ref_axis',(0.99999999999999,-1.44136190633495E-7,0.));
#6576=DIRECTION('',(-4.44089209850063E-16,-1.3050608935997E-54,-1.));
#6577=DIRECTION('',(-0.99999999999999,1.44136190633495E-7,0.));
#6578=DIRECTION('',(-2.11135926325892E-16,3.04323281264887E-23,-1.));
#6579=DIRECTION('center_axis',(0.,0.,-1.));
#6580=DIRECTION('ref_axis',(0.,-1.,0.));
#6581=DIRECTION('',(0.,1.,0.));
#6582=DIRECTION('',(1.,0.,0.));
#6583=DIRECTION('',(-2.89781730522455E-70,-1.,0.));
#6584=DIRECTION('center_axis',(-1.,0.,0.));
#6585=DIRECTION('ref_axis',(0.,0.,1.));
#6586=DIRECTION('',(0.,1.3050608935997E-54,1.));
#6587=DIRECTION('',(0.,1.,0.));
#6588=DIRECTION('center_axis',(0.,0.,1.));
#6589=DIRECTION('ref_axis',(-1.,0.,0.));
#6590=DIRECTION('',(2.89781730522455E-70,1.,0.));
#6591=DIRECTION('',(0.99999999999999,-1.44136190633495E-7,0.));
#6592=DIRECTION('',(1.,0.,0.));
#6593=DIRECTION('',(0.,-1.,0.));
#6594=DIRECTION('center_axis',(1.44136190633495E-7,0.99999999999999,0.));
#6595=DIRECTION('ref_axis',(0.99999999999999,-1.44136190633495E-7,0.));
#6596=DIRECTION('',(-4.44089209850063E-16,-1.3050608935997E-54,-1.));
#6597=DIRECTION('',(-0.99999999999999,1.44136190633495E-7,0.));
#6598=DIRECTION('',(-2.11135926325892E-16,3.04323281264887E-23,-1.));
#6599=DIRECTION('center_axis',(0.,0.,-1.));
#6600=DIRECTION('ref_axis',(0.,-1.,0.));
#6601=DIRECTION('',(0.,1.,0.));
#6602=DIRECTION('',(1.,0.,0.));
#6603=DIRECTION('center_axis',(1.,-2.89781730522455E-70,-4.44089209850063E-16));
#6604=DIRECTION('ref_axis',(-4.44089209850063E-16,-1.3050608935997E-54,
-1.));
#6605=DIRECTION('',(-4.44089209850063E-16,-1.3050608935997E-54,-1.));
#6606=DIRECTION('center_axis',(-1.,0.,0.));
#6607=DIRECTION('ref_axis',(0.,0.,1.));
#6608=DIRECTION('',(0.,1.3050608935997E-54,1.));
#6609=DIRECTION('center_axis',(0.,0.,1.));
#6610=DIRECTION('ref_axis',(-1.,0.,0.));
#6611=DIRECTION('',(0.99999999999999,-1.44136190633495E-7,0.));
#6612=DIRECTION('',(1.,0.,0.));
#6613=DIRECTION('',(0.,-1.,0.));
#6614=DIRECTION('center_axis',(1.44136190633495E-7,0.99999999999999,0.));
#6615=DIRECTION('ref_axis',(0.99999999999999,-1.44136190633495E-7,0.));
#6616=DIRECTION('',(-4.44089209850063E-16,-1.3050608935997E-54,-1.));
#6617=DIRECTION('',(-0.99999999999999,1.44136190633495E-7,0.));
#6618=DIRECTION('',(-2.11135926325892E-16,3.04323281264887E-23,-1.));
#6619=DIRECTION('center_axis',(0.,0.,-1.));
#6620=DIRECTION('ref_axis',(0.,-1.,0.));
#6621=DIRECTION('',(0.,1.,0.));
#6622=DIRECTION('',(1.,0.,0.));
#6623=DIRECTION('center_axis',(-1.,0.,0.));
#6624=DIRECTION('ref_axis',(0.,0.,1.));
#6625=DIRECTION('',(0.,1.3050608935997E-54,1.));
#6626=DIRECTION('center_axis',(0.,0.,1.));
#6627=DIRECTION('ref_axis',(-1.,0.,0.));
#6628=DIRECTION('',(0.99999999999999,-1.44136190633495E-7,0.));
#6629=DIRECTION('',(1.,0.,-3.72558061954751E-16));
#6630=DIRECTION('',(0.,-1.,0.));
#6631=DIRECTION('center_axis',(1.44136190633495E-7,0.99999999999999,0.));
#6632=DIRECTION('ref_axis',(0.99999999999999,-1.44136190633495E-7,0.));
#6633=DIRECTION('',(-4.44089209850063E-16,-1.3050608935997E-54,-1.));
#6634=DIRECTION('',(-0.99999999999999,1.44136190633495E-7,0.));
#6635=DIRECTION('',(-2.11135926325892E-16,3.04323281264887E-23,-1.));
#6636=DIRECTION('center_axis',(0.,0.,-1.));
#6637=DIRECTION('ref_axis',(0.,-1.,0.));
#6638=DIRECTION('',(0.,1.,0.));
#6639=DIRECTION('',(1.,0.,-3.72558061954751E-16));
#6640=DIRECTION('',(-2.89781730522455E-70,-1.,0.));
#6641=DIRECTION('center_axis',(-1.,0.,0.));
#6642=DIRECTION('ref_axis',(0.,0.,1.));
#6643=DIRECTION('',(0.,1.3050608935997E-54,1.));
#6644=DIRECTION('center_axis',(-1.,0.,0.));
#6645=DIRECTION('ref_axis',(0.,0.,1.));
#6646=DIRECTION('',(0.,-1.,0.));
#6647=DIRECTION('',(0.,0.,-1.));
#6648=DIRECTION('',(0.,1.,0.));
#6649=DIRECTION('',(0.,0.,1.));
#6650=DIRECTION('center_axis',(0.,0.,-1.));
#6651=DIRECTION('ref_axis',(-1.,0.,0.));
#6652=DIRECTION('',(-1.,-2.89781730522455E-70,0.));
#6653=DIRECTION('',(2.89781730522455E-70,1.,0.));
#6654=DIRECTION('center_axis',(0.,0.,-1.));
#6655=DIRECTION('ref_axis',(-1.,0.,0.));
#6656=DIRECTION('',(1.,0.,0.));
#6657=DIRECTION('',(0.,1.,0.));
#6658=DIRECTION('',(-2.89781730522455E-70,-1.,1.2848336635054E-85));
#6659=DIRECTION('',(-1.,0.,4.43379802166596E-16));
#6660=DIRECTION('center_axis',(0.,0.,-1.));
#6661=DIRECTION('ref_axis',(-1.,0.,0.));
#6662=DIRECTION('',(-1.,0.,0.));
#6663=DIRECTION('',(0.,1.,0.));
#6664=DIRECTION('',(-1.,0.,0.));
#6665=DIRECTION('',(0.,1.,0.));
#6666=DIRECTION('center_axis',(-1.,0.,0.));
#6667=DIRECTION('ref_axis',(0.,0.,1.));
#6668=DIRECTION('',(0.,-1.,0.));
#6669=DIRECTION('',(0.,0.,-1.));
#6670=DIRECTION('',(0.,1.,-1.3050608935997E-54));
#6671=DIRECTION('',(4.44089209850063E-16,1.3050608935997E-54,1.));
#6672=DIRECTION('center_axis',(4.44088786333598E-16,0.,1.));
#6673=DIRECTION('ref_axis',(1.,0.,-4.44088786333598E-16));
#6674=DIRECTION('',(-1.,0.,4.44088786333598E-16));
#6675=DIRECTION('',(1.,-2.8978117780768E-70,-4.44088786333598E-16));
#6676=DIRECTION('',(2.89781730522455E-70,1.,-1.28688817009367E-85));
#6677=DIRECTION('',(0.,-1.,0.));
#6678=DIRECTION('center_axis',(4.44088786333598E-16,0.,1.));
#6679=DIRECTION('ref_axis',(1.,0.,-4.44088786333598E-16));
#6680=DIRECTION('',(1.,-5.79562908330134E-70,-4.44088786333598E-16));
#6681=DIRECTION('',(1.,0.,0.));
#6682=DIRECTION('center_axis',(-4.44089209850063E-16,-1.3050608935997E-54,
-1.));
#6683=DIRECTION('ref_axis',(-1.,2.89781730522455E-70,4.44089209850063E-16));
#6684=DIRECTION('',(-2.89781730522455E-70,1.,-1.3050608935997E-54));
#6685=DIRECTION('',(-1.,2.89781730522455E-70,4.44089209850063E-16));
#6686=DIRECTION('',(2.89781730522455E-70,-1.,1.3050608935997E-54));
#6687=DIRECTION('',(-1.,5.79563461044909E-70,4.44089209850063E-16));
#6688=DIRECTION('',(1.,0.,-4.44089209850063E-16));
#6689=DIRECTION('',(0.,1.,-1.3050608935997E-54));
#6690=DIRECTION('center_axis',(0.,-1.,0.));
#6691=DIRECTION('ref_axis',(0.,0.,-1.));
#6692=DIRECTION('',(0.,0.,1.));
#6693=DIRECTION('center_axis',(0.,-1.,0.));
#6694=DIRECTION('ref_axis',(0.,0.,-1.));
#6695=DIRECTION('',(1.,0.,0.));
#6696=DIRECTION('',(0.,0.,1.));
#6697=DIRECTION('center_axis',(-1.,0.,0.));
#6698=DIRECTION('ref_axis',(0.,0.,1.));
#6699=DIRECTION('',(0.,0.,-1.));
#6700=DIRECTION('center_axis',(0.,1.,0.));
#6701=DIRECTION('ref_axis',(0.,0.,1.));
#6702=DIRECTION('center_axis',(-1.,0.,0.));
#6703=DIRECTION('ref_axis',(0.,0.,1.));
#6704=DIRECTION('',(0.,1.3050608935997E-54,1.));
#6705=DIRECTION('center_axis',(0.,1.,0.));
#6706=DIRECTION('ref_axis',(0.,0.,1.));
#6707=DIRECTION('',(-1.,0.,0.));
#6708=DIRECTION('',(0.,0.,-1.));
#6709=DIRECTION('center_axis',(0.,1.,0.));
#6710=DIRECTION('ref_axis',(0.,0.,1.));
#6711=DIRECTION('',(-1.,0.,4.44088786333598E-16));
#6712=DIRECTION('',(4.44089209850063E-16,0.,1.));
#6713=DIRECTION('',(-4.44089209850063E-16,0.,-1.));
#6714=DIRECTION('center_axis',(-1.,2.89781730522455E-70,4.44089209850063E-16));
#6715=DIRECTION('ref_axis',(2.89781730522455E-70,-1.,1.3050608935997E-54));
#6716=DIRECTION('',(0.,0.,1.));
#6717=DIRECTION('',(0.,-1.,0.));
#6718=DIRECTION('center_axis',(4.44088786333598E-16,0.,1.));
#6719=DIRECTION('ref_axis',(1.,0.,-4.44088786333598E-16));
#6720=DIRECTION('',(0.,1.,0.));
#6721=DIRECTION('center_axis',(1.,-2.89781730522455E-70,-4.44089209850063E-16));
#6722=DIRECTION('ref_axis',(-4.44089209850063E-16,-1.3050608935997E-54,
-1.));
#6723=DIRECTION('',(-4.44089209850063E-16,-1.3050608935997E-54,-1.));
#6724=DIRECTION('center_axis',(1.,-2.89781730522455E-70,-4.44089209850063E-16));
#6725=DIRECTION('ref_axis',(-2.89781730522455E-70,1.,-1.3050608935997E-54));
#6726=DIRECTION('',(0.,1.,0.));
#6727=DIRECTION('',(4.44089209850063E-16,1.3050608935997E-54,1.));
#6728=DIRECTION('center_axis',(0.,0.,1.));
#6729=DIRECTION('ref_axis',(1.,0.,0.));
#6730=DIRECTION('',(0.,-1.,0.));
#6731=DIRECTION('center_axis',(-1.,0.,0.));
#6732=DIRECTION('ref_axis',(0.,0.,1.));
#6733=DIRECTION('center_axis',(-2.89781730522455E-70,1.,-1.3050608935997E-54));
#6734=DIRECTION('ref_axis',(-1.,2.89781730522455E-70,4.44089209850063E-16));
#6735=DIRECTION('',(-1.,0.,0.));
#6736=DIRECTION('center_axis',(0.,0.,-1.));
#6737=DIRECTION('ref_axis',(-1.,0.,0.));
#6738=DIRECTION('center_axis',(-1.83667601732675E-48,9.36772324949952E-31,
1.));
#6739=DIRECTION('ref_axis',(-1.,2.99951956532372E-32,-1.83667601732677E-48));
#6740=DIRECTION('',(-1.,1.49975978266186E-32,1.22464679914735E-16));
#6741=DIRECTION('',(-1.49975978266186E-32,-1.,0.));
#6742=DIRECTION('',(1.,-1.49975978266186E-32,-1.22464679914735E-16));
#6743=DIRECTION('',(1.49975978266186E-32,1.,0.));
#6744=DIRECTION('center_axis',(-2.99951956532372E-32,-1.,-1.22464679914735E-16));
#6745=DIRECTION('ref_axis',(5.51002805198032E-48,1.22464679914735E-16,-1.));
#6746=DIRECTION('',(1.,-1.49975978266186E-32,3.67335203465355E-48));
#6747=DIRECTION('',(-2.44929359829471E-16,1.22464679914735E-16,-1.));
#6748=DIRECTION('',(2.44929359829471E-16,-1.22464679914735E-16,1.));
#6749=DIRECTION('center_axis',(1.,-1.49975978266186E-32,-2.44929359829471E-16));
#6750=DIRECTION('ref_axis',(-2.44929359829471E-16,0.,-1.));
#6751=DIRECTION('',(-2.44929359829471E-16,1.22464679914735E-16,-1.));
#6752=DIRECTION('',(-1.49975978266186E-32,-1.,0.));
#6753=DIRECTION('center_axis',(2.99951956532372E-32,1.,1.22464679914735E-16));
#6754=DIRECTION('ref_axis',(-5.51002805198032E-48,-1.22464679914735E-16,
1.));
#6755=DIRECTION('',(-1.,1.49975978266186E-32,-3.67335203465355E-48));
#6756=DIRECTION('',(2.44929359829471E-16,-1.22464679914735E-16,1.));
#6757=DIRECTION('center_axis',(-1.,1.49975978266186E-32,2.44929359829471E-16));
#6758=DIRECTION('ref_axis',(2.44929359829471E-16,0.,1.));
#6759=DIRECTION('',(1.49975978266186E-32,1.,0.));
#6760=DIRECTION('center_axis',(1.,-1.49975978266186E-32,1.09774481903807E-16));
#6761=DIRECTION('ref_axis',(1.09774481903807E-16,0.,-1.));
#6762=DIRECTION('',(-1.49975978266186E-32,-1.,0.));
#6763=DIRECTION('',(1.83667601732677E-48,0.,-1.));
#6764=DIRECTION('',(1.49975978266186E-32,1.,0.));
#6765=DIRECTION('',(-1.83667601732677E-48,0.,1.));
#6766=DIRECTION('center_axis',(-1.,1.49975978266186E-32,-1.09774481903807E-16));
#6767=DIRECTION('ref_axis',(-1.09774481903807E-16,0.,1.));
#6768=DIRECTION('',(1.49975978266186E-32,1.,0.));
#6769=DIRECTION('',(1.83667601732677E-48,0.,-1.));
#6770=DIRECTION('',(-1.49975978266186E-32,-1.,0.));
#6771=DIRECTION('',(-1.83667601732677E-48,0.,1.));
#6772=DIRECTION('center_axis',(-1.83667601732677E-48,0.,1.));
#6773=DIRECTION('ref_axis',(-1.,1.49975978266186E-32,-3.67335203465355E-48));
#6774=DIRECTION('',(1.,-1.49975978266186E-32,3.67335203465355E-48));
#6775=DIRECTION('',(-1.,1.49975978266186E-32,-3.67335203465355E-48));
#6776=DIRECTION('center_axis',(-1.49975978266186E-32,-1.,0.));
#6777=DIRECTION('ref_axis',(-1.,1.49975978266186E-32,-3.67335203465355E-48));
#6778=DIRECTION('',(1.,-1.49975978266186E-32,1.09774481903807E-16));
#6779=DIRECTION('center_axis',(1.49975978266186E-32,1.,0.));
#6780=DIRECTION('ref_axis',(1.,-1.49975978266186E-32,3.67335203465355E-48));
#6781=DIRECTION('',(-1.,1.49975978266186E-32,-1.09774481903807E-16));
#6782=DIRECTION('center_axis',(1.83667601732677E-48,0.,-1.));
#6783=DIRECTION('ref_axis',(-1.,1.49975978266186E-32,-3.67335203465355E-48));
#6784=DIRECTION('',(0.,0.,1.));
#6785=DIRECTION('',(1.,0.,0.));
#6786=CARTESIAN_POINT('',(0.,0.,0.));
#6787=CARTESIAN_POINT('',(0.,0.,0.));
#6788=CARTESIAN_POINT('Origin',(-32.7099992545694,-3.72499968037008,4.));
#6789=CARTESIAN_POINT('',(-32.7099992545694,-3.72499968037008,4.));
#6790=CARTESIAN_POINT('',(-32.7099992545694,-3.72499968037008,-4.));
#6791=CARTESIAN_POINT('',(-32.7099992545694,-3.72499968037008,2.00000020898879));
#6792=CARTESIAN_POINT('',(-32.7099992545694,-4.72499968037008,-4.));
#6793=CARTESIAN_POINT('',(-32.7099992545694,-3.72499968037008,-4.));
#6794=CARTESIAN_POINT('',(-32.7099992545694,-4.72499968037008,4.));
#6795=CARTESIAN_POINT('',(-32.7099992545694,-4.72499968037008,2.00000020898879));
#6796=CARTESIAN_POINT('',(-32.7099992545694,-3.72499968037008,4.));
#6797=CARTESIAN_POINT('Origin',(-20.7100002603978,-4.72499968037009,4.17977572553241E-7));
#6798=CARTESIAN_POINT('',(-8.78499978654086,-4.72499968037009,4.));
#6799=CARTESIAN_POINT('',(-14.8100000234693,-4.72499968037009,4.));
#6800=CARTESIAN_POINT('',(-8.78499978654086,-4.72499968037009,-4.));
#6801=CARTESIAN_POINT('',(-8.90999978654087,-4.72499968037009,-4.));
#6802=CARTESIAN_POINT('',(-8.78499978654086,-4.72499968037009,-1.99999979101121));
#6803=CARTESIAN_POINT('Origin',(-32.7100012289733,27.6749995432794,-4.));
#6804=CARTESIAN_POINT('',(-32.7100012289733,27.6749995432794,4.));
#6805=CARTESIAN_POINT('',(-32.7100012289733,27.6749995432794,-4.));
#6806=CARTESIAN_POINT('',(-32.7100012289733,27.6749995432794,-1.5));
#6807=CARTESIAN_POINT('',(-32.7100012289733,28.6749995432794,4.));
#6808=CARTESIAN_POINT('',(-32.7100012289733,27.6749995432794,4.));
#6809=CARTESIAN_POINT('',(-32.7100012289733,28.6749995432794,-4.));
#6810=CARTESIAN_POINT('',(-32.7100012289733,28.6749995432794,-1.5));
#6811=CARTESIAN_POINT('',(-32.7100012289733,27.6749995432794,-4.));
#6812=CARTESIAN_POINT('Origin',(-8.90999978654086,28.6749995432794,-1.5));
#6813=CARTESIAN_POINT('',(-8.78499978654086,28.6749995432794,4.));
#6814=CARTESIAN_POINT('',(-8.90999978654086,28.6749995432794,4.));
#6815=CARTESIAN_POINT('',(-8.78499978654086,28.6749995432794,-4.));
#6816=CARTESIAN_POINT('',(-8.78499978654086,28.6749995432794,-1.5));
#6817=CARTESIAN_POINT('',(-32.7100012289733,28.6749995432794,-4.));
#6818=CARTESIAN_POINT('Origin',(-32.7099992545694,-3.72499968037008,-4.));
#6819=CARTESIAN_POINT('',(-32.8349992545694,-3.72499968822997,4.));
#6820=CARTESIAN_POINT('',(-32.7099992545694,-3.72499968037008,4.));
#6821=CARTESIAN_POINT('',(-32.8349992545694,-3.72499968822997,-4.));
#6822=CARTESIAN_POINT('',(-32.8349992545694,-3.72499968822997,2.00000020898879));
#6823=CARTESIAN_POINT('',(-32.7099992545694,-3.72499968037008,-4.));
#6824=CARTESIAN_POINT('Origin',(-32.7100012289733,27.6749995432794,4.));
#6825=CARTESIAN_POINT('',(-32.8350012289733,27.6749995354195,-4.));
#6826=CARTESIAN_POINT('',(-32.7100012289733,27.6749995432794,-4.));
#6827=CARTESIAN_POINT('',(-32.8350012289733,27.6749995354195,4.));
#6828=CARTESIAN_POINT('',(-32.8350012289733,27.6749995354195,-1.5));
#6829=CARTESIAN_POINT('',(-32.7100012289733,27.6749995432794,4.));
#6830=CARTESIAN_POINT('Origin',(-32.8350012289733,27.6749995354195,-1.5));
#6831=CARTESIAN_POINT('',(-32.8350007353723,19.8249993553765,4.));
#6832=CARTESIAN_POINT('',(-32.8349992545694,-3.72499968822998,-4.));
#6833=CARTESIAN_POINT('Origin',(-8.78499978654086,-3.72499968037009,-1.5));
#6834=CARTESIAN_POINT('',(-8.78499978654086,27.6749995432794,4.));
#6835=CARTESIAN_POINT('',(-8.78499978654086,-3.72499968037009,-4.));
#6836=CARTESIAN_POINT('Origin',(-27.1700004392117,22.1349995730817,2.));
#6837=CARTESIAN_POINT('',(-29.8600004392117,24.8249995730817,2.));
#6838=CARTESIAN_POINT('',(-29.8600004392117,15.9749995730817,2.));
#6839=CARTESIAN_POINT('',(-29.8600004392117,-0.725000426918259,2.));
#6840=CARTESIAN_POINT('',(-29.8600004392117,7.97499957308174,2.));
#6841=CARTESIAN_POINT('Origin',(-29.8600004392117,11.9749995730817,2.));
#6842=CARTESIAN_POINT('',(-29.8600004392117,-0.875000426918261,2.));
#6843=CARTESIAN_POINT('',(-29.8600004392117,-0.725000426918259,2.));
#6844=CARTESIAN_POINT('',(-24.6100004392117,-0.87500080838798,2.));
#6845=CARTESIAN_POINT('',(-29.7100004392117,-0.875000426918261,2.));
#6846=CARTESIAN_POINT('',(-16.6100004392117,-0.875000808387971,2.));
#6847=CARTESIAN_POINT('Origin',(-20.6100004392117,-0.875000808387979,2.));
#6848=CARTESIAN_POINT('',(-11.7800004392117,-0.875000426918263,2.));
#6849=CARTESIAN_POINT('',(-29.7100004392117,-0.875000426918261,2.));
#6850=CARTESIAN_POINT('',(-11.7800004392117,7.97499957308174,1.99999999999535));
#6851=CARTESIAN_POINT('',(-11.7800004392117,24.6749995730817,2.));
#6852=CARTESIAN_POINT('',(-11.7800004392117,15.9749995730817,1.99999999999536));
#6853=CARTESIAN_POINT('Origin',(-11.7800004392117,11.9749995730817,1.99999999999535));
#6854=CARTESIAN_POINT('',(-11.7800004392117,24.8249995730817,2.));
#6855=CARTESIAN_POINT('',(-11.7800004392117,24.6749995730817,2.));
#6856=CARTESIAN_POINT('',(-11.9300004392117,24.8249995730817,2.));
#6857=CARTESIAN_POINT('',(-25.9100005241483,5.67499999776483,2.));
#6858=CARTESIAN_POINT('',(-28.410000468269,5.67499999776484,2.));
#6859=CARTESIAN_POINT('',(-23.36500048168,5.67499999776483,2.));
#6860=CARTESIAN_POINT('',(-28.410000468269,18.2749997161329,2.));
#6861=CARTESIAN_POINT('',(-28.410000468269,8.82499978542329,2.));
#6862=CARTESIAN_POINT('',(-25.9100005241483,18.2749997161329,2.));
#6863=CARTESIAN_POINT('',(-24.6150004537404,18.2749997161329,2.));
#6864=CARTESIAN_POINT('',(-25.9100005241483,15.1249996446073,2.));
#6865=CARTESIAN_POINT('',(-18.1312151836604,18.9790581434965,2.));
#6866=CARTESIAN_POINT('',(-17.7146052407473,19.482809779048,2.));
#6867=CARTESIAN_POINT('Ctrl Pts',(-18.1312151836604,18.9790581434965,2.));
#6868=CARTESIAN_POINT('Ctrl Pts',(-17.9927431630343,19.3001699715853,2.));
#6869=CARTESIAN_POINT('Ctrl Pts',(-17.7146052407473,19.482809779048,2.));
#6870=CARTESIAN_POINT('',(-17.0855124878138,19.6749994240701,2.));
#6871=CARTESIAN_POINT('Ctrl Pts',(-17.7146052407473,19.482809779048,2.));
#6872=CARTESIAN_POINT('Ctrl Pts',(-17.4364676164836,19.6654496237636,2.));
#6873=CARTESIAN_POINT('Ctrl Pts',(-17.0855124878138,19.6749994240701,2.));
#6874=CARTESIAN_POINT('',(-17.0473133610934,19.2380962789059,2.));
#6875=CARTESIAN_POINT('',(-17.2304893976095,21.333175233415,2.));
#6876=CARTESIAN_POINT('',(-17.4782477902621,19.0936556726694,2.));
#6877=CARTESIAN_POINT('Ctrl Pts',(-17.0473133610934,19.2380962789059,2.));
#6878=CARTESIAN_POINT('Ctrl Pts',(-17.3099326180667,19.2070594698191,2.));
#6879=CARTESIAN_POINT('Ctrl Pts',(-17.4782477902621,19.0936556726694,2.));
#6880=CARTESIAN_POINT('',(-17.7504169034213,18.741506960988,2.));
#6881=CARTESIAN_POINT('Ctrl Pts',(-17.4782477902621,19.0936556726694,2.));
#6882=CARTESIAN_POINT('Ctrl Pts',(-17.6465629624575,18.9802518755198,2.));
#6883=CARTESIAN_POINT('Ctrl Pts',(-17.7504169034213,18.741506960988,2.));
#6884=CARTESIAN_POINT('',(-17.8542711424082,18.2043309032917,2.));
#6885=CARTESIAN_POINT('Ctrl Pts',(-17.7504169034213,18.741506960988,2.));
#6886=CARTESIAN_POINT('Ctrl Pts',(-17.8542711424082,18.5027621209621,2.));
#6887=CARTESIAN_POINT('Ctrl Pts',(-17.8542711424082,18.2043309032917,2.));
#6888=CARTESIAN_POINT('',(-17.7754851268977,17.7363909304142,2.));
#6889=CARTESIAN_POINT('Ctrl Pts',(-17.8542711424082,18.2043309032917,2.));
#6890=CARTESIAN_POINT('Ctrl Pts',(-17.8542711424082,17.939324182272,2.));
#6891=CARTESIAN_POINT('Ctrl Pts',(-17.7754851268977,17.7363909304142,2.));
#6892=CARTESIAN_POINT('',(-17.5594212698191,17.4343786656857,2.));
#6893=CARTESIAN_POINT('Ctrl Pts',(-17.7754851268977,17.7363909304142,2.));
#6894=CARTESIAN_POINT('Ctrl Pts',(-17.6966994094104,17.5334578275681,2.));
#6895=CARTESIAN_POINT('Ctrl Pts',(-17.5594212698191,17.4343786656857,2.));
#6896=CARTESIAN_POINT('',(-17.2597964691371,17.3352996528149,2.));
#6897=CARTESIAN_POINT('Ctrl Pts',(-17.5594212698191,17.4343786656857,2.));
#6898=CARTESIAN_POINT('Ctrl Pts',(-17.4221428322047,17.3352996528149,2.));
#6899=CARTESIAN_POINT('Ctrl Pts',(-17.2597964691371,17.3352996528149,2.));
#6900=CARTESIAN_POINT('',(-16.9721086906642,17.4307974696159,2.));
#6901=CARTESIAN_POINT('Ctrl Pts',(-17.2597964691371,17.3352996528149,2.));
#6902=CARTESIAN_POINT('Ctrl Pts',(-17.0950623439997,17.3352996528149,2.));
#6903=CARTESIAN_POINT('Ctrl Pts',(-16.9721086906642,17.4307974696159,2.));
#6904=CARTESIAN_POINT('',(-16.7655943917483,17.7459407866001,2.));
#6905=CARTESIAN_POINT('Ctrl Pts',(-16.9721086906642,17.4307974696159,2.));
#6906=CARTESIAN_POINT('Ctrl Pts',(-16.8491550373286,17.5262954354286,2.));
#6907=CARTESIAN_POINT('Ctrl Pts',(-16.7655943917483,17.7459407866001,2.));
#6908=CARTESIAN_POINT('',(-16.5948917555064,18.3690648794174,2.));
#6909=CARTESIAN_POINT('Ctrl Pts',(-16.7655943917483,17.7459407866001,2.));
#6910=CARTESIAN_POINT('Ctrl Pts',(-16.7106830167025,17.8868002712727,2.));
#6911=CARTESIAN_POINT('Ctrl Pts',(-16.5948917555064,18.3690648794174,2.));
#6912=CARTESIAN_POINT('',(-16.3764401363581,19.0447129577398,2.));
#6913=CARTESIAN_POINT('Ctrl Pts',(-16.5948917555064,18.3690648794174,2.));
#6914=CARTESIAN_POINT('Ctrl Pts',(-16.4791004943103,18.8513296365738,2.));
#6915=CARTESIAN_POINT('Ctrl Pts',(-16.3764401363581,19.0447129577398,2.));
#6916=CARTESIAN_POINT('',(-16.0505533801764,19.4183486968279,2.));
#6917=CARTESIAN_POINT('Ctrl Pts',(-16.3764401363581,19.0447129577398,2.));
#6918=CARTESIAN_POINT('Ctrl Pts',(-16.2451305078715,19.2953950434923,2.));
#6919=CARTESIAN_POINT('Ctrl Pts',(-16.0505533801764,19.4183486968279,2.));
#6920=CARTESIAN_POINT('',(-15.6148441719264,19.5413022756577,2.));
#6921=CARTESIAN_POINT('Ctrl Pts',(-16.0505533801764,19.4183486968279,2.));
#6922=CARTESIAN_POINT('Ctrl Pts',(-15.8559764014929,19.5413022756577,2.));
#6923=CARTESIAN_POINT('Ctrl Pts',(-15.6148441719264,19.5413022756577,2.));
#6924=CARTESIAN_POINT('',(-15.119448511526,19.390893009305,2.));
#6925=CARTESIAN_POINT('Ctrl Pts',(-15.6148441719264,19.5413022756577,2.));
#6926=CARTESIAN_POINT('Ctrl Pts',(-15.3498374509066,19.5413022756577,2.));
#6927=CARTESIAN_POINT('Ctrl Pts',(-15.119448511526,19.390893009305,2.));
#6928=CARTESIAN_POINT('',(-14.7696872638911,18.9516024559736,2.));
#6929=CARTESIAN_POINT('Ctrl Pts',(-15.119448511526,19.390893009305,2.));
#6930=CARTESIAN_POINT('Ctrl Pts',(-14.8890598701686,19.2404837429524,2.));
#6931=CARTESIAN_POINT('Ctrl Pts',(-14.7696872638911,18.9516024559736,2.));
#6932=CARTESIAN_POINT('',(-14.6503149556369,18.3093787252903,2.));
#6933=CARTESIAN_POINT('Ctrl Pts',(-14.7696872638911,18.9516024559736,2.));
#6934=CARTESIAN_POINT('Ctrl Pts',(-14.6503149556369,18.6627211689949,2.));
#6935=CARTESIAN_POINT('Ctrl Pts',(-14.6503149556369,18.3093787252903,2.));
#6936=CARTESIAN_POINT('',(-14.7756560730189,17.6229871332645,2.));
#6937=CARTESIAN_POINT('Ctrl Pts',(-14.6503149556369,18.3093787252903,2.));
#6938=CARTESIAN_POINT('Ctrl Pts',(-14.6503149556369,17.9202244699001,2.));
#6939=CARTESIAN_POINT('Ctrl Pts',(-14.7756560730189,17.6229871332645,2.));
#6940=CARTESIAN_POINT('',(-15.1445167350024,17.1657908976078,2.));
#6941=CARTESIAN_POINT('Ctrl Pts',(-14.7756560730189,17.6229871332645,2.));
#6942=CARTESIAN_POINT('Ctrl Pts',(-14.9009968923777,17.325749796629,2.));
#6943=CARTESIAN_POINT('Ctrl Pts',(-15.1445167350024,17.1657908976078,2.));
#6944=CARTESIAN_POINT('',(-15.6960173534602,16.9938946783543,2.));
#6945=CARTESIAN_POINT('Ctrl Pts',(-15.1445167350024,17.1657908976078,2.));
#6946=CARTESIAN_POINT('Ctrl Pts',(-15.3880365776271,17.0058317005634,2.));
#6947=CARTESIAN_POINT('Ctrl Pts',(-15.6960173534602,16.9938946783543,2.));
#6948=CARTESIAN_POINT('',(-15.7294417010993,17.4379598617554,2.));
#6949=CARTESIAN_POINT('',(-15.9207296964243,19.9793509352227,2.));
#6950=CARTESIAN_POINT('',(-15.2280773805827,17.6802859723568,2.));
#6951=CARTESIAN_POINT('Ctrl Pts',(-15.7294417010993,17.4379598617554,2.));
#6952=CARTESIAN_POINT('Ctrl Pts',(-15.397586433813,17.4737716734409,2.));
#6953=CARTESIAN_POINT('Ctrl Pts',(-15.2280773805827,17.6802859723568,2.));
#6954=CARTESIAN_POINT('',(-15.0585686253756,18.2902790129185,2.));
#6955=CARTESIAN_POINT('Ctrl Pts',(-15.2280773805827,17.6802859723568,2.));
#6956=CARTESIAN_POINT('Ctrl Pts',(-15.0585686253756,17.8868002712727,2.));
#6957=CARTESIAN_POINT('Ctrl Pts',(-15.0585686253756,18.2902790129185,2.));
#6958=CARTESIAN_POINT('',(-15.2125590132922,18.902659741044,2.));
#6959=CARTESIAN_POINT('Ctrl Pts',(-15.0585686253756,18.2902790129185,2.));
#6960=CARTESIAN_POINT('Ctrl Pts',(-15.0585686253756,18.7104701519012,2.));
#6961=CARTESIAN_POINT('Ctrl Pts',(-15.2125590132922,18.902659741044,2.));
#6962=CARTESIAN_POINT('',(-15.5838074373454,19.0948494046927,2.));
#6963=CARTESIAN_POINT('Ctrl Pts',(-15.2125590132922,18.902659741044,2.));
#6964=CARTESIAN_POINT('Ctrl Pts',(-15.3665494012088,19.0948494046927,2.));
#6965=CARTESIAN_POINT('Ctrl Pts',(-15.5838074373454,19.0948494046927,2.));
#6966=CARTESIAN_POINT('',(-15.8941755282134,18.9587648481131,2.));
#6967=CARTESIAN_POINT('Ctrl Pts',(-15.5838074373454,19.0948494046927,2.));
#6968=CARTESIAN_POINT('Ctrl Pts',(-15.772415606901,19.0948494046927,2.));
#6969=CARTESIAN_POINT('Ctrl Pts',(-15.8941755282134,18.9587648481131,2.));
#6970=CARTESIAN_POINT('',(-16.1436638819426,18.2604360103607,2.));
#6971=CARTESIAN_POINT('Ctrl Pts',(-15.8941755282134,18.9587648481131,2.));
#6972=CARTESIAN_POINT('Ctrl Pts',(-16.0159354495257,18.8250676810741,2.));
#6973=CARTESIAN_POINT('Ctrl Pts',(-16.1436638819426,18.2604360103607,2.));
#6974=CARTESIAN_POINT('',(-16.3668902801722,17.4857088446617,2.));
#6975=CARTESIAN_POINT('Ctrl Pts',(-16.1436638819426,18.2604360103607,2.));
#6976=CARTESIAN_POINT('Ctrl Pts',(-16.2713924633712,17.6958043396473,2.));
#6977=CARTESIAN_POINT('Ctrl Pts',(-16.3668902801722,17.4857088446617,2.));
#6978=CARTESIAN_POINT('',(-16.7238139199465,17.0344812691212,2.));
#6979=CARTESIAN_POINT('Ctrl Pts',(-16.3668902801722,17.4857088446617,2.));
#6980=CARTESIAN_POINT('Ctrl Pts',(-16.5077497648448,17.1801153838635,2.));
#6981=CARTESIAN_POINT('Ctrl Pts',(-16.7238139199465,17.0344812691212,2.));
#6982=CARTESIAN_POINT('',(-17.2215970443934,16.8888468563557,2.));
#6983=CARTESIAN_POINT('Ctrl Pts',(-16.7238139199465,17.0344812691212,2.));
#6984=CARTESIAN_POINT('Ctrl Pts',(-16.9398780750483,16.8888468563557,2.));
#6985=CARTESIAN_POINT('Ctrl Pts',(-17.2215970443934,16.8888468563557,2.));
#6986=CARTESIAN_POINT('',(-17.7480294393748,17.0488057553768,2.));
#6987=CARTESIAN_POINT('Ctrl Pts',(-17.2215970443934,16.8888468563557,2.));
#6988=CARTESIAN_POINT('Ctrl Pts',(-17.500928549692,16.8888468563557,2.));
#6989=CARTESIAN_POINT('Ctrl Pts',(-17.7480294393748,17.0488057553768,2.));
#6990=CARTESIAN_POINT('',(-18.132408766672,17.5083896040916,2.));
#6991=CARTESIAN_POINT('Ctrl Pts',(-17.7480294393748,17.0488057553768,2.));
#6992=CARTESIAN_POINT('Ctrl Pts',(-17.9951306270808,17.2087649524212,2.));
#6993=CARTESIAN_POINT('Ctrl Pts',(-18.132408766672,17.5083896040916,2.));
#6994=CARTESIAN_POINT('',(-18.2696872042865,18.182843875885,2.));
#6995=CARTESIAN_POINT('Ctrl Pts',(-18.132408766672,17.5083896040916,2.));
#6996=CARTESIAN_POINT('Ctrl Pts',(-18.2696872042865,17.8080144047737,2.));
#6997=CARTESIAN_POINT('Ctrl Pts',(-18.2696872042865,18.182843875885,2.));
#6998=CARTESIAN_POINT('Ctrl Pts',(-18.2696872042865,18.182843875885,2.));
#6999=CARTESIAN_POINT('Ctrl Pts',(-18.2696872042865,18.6579462409019,2.));
#7000=CARTESIAN_POINT('Ctrl Pts',(-18.1312151836604,18.9790581434965,2.));
#7001=CARTESIAN_POINT('',(-14.6956761764735,5.30494521260262,2.));
#7002=CARTESIAN_POINT('',(-14.6956761764735,5.02800176739693,2.));
#7003=CARTESIAN_POINT('',(-14.6956761764735,13.7199723928422,2.));
#7004=CARTESIAN_POINT('',(-18.2100009011477,5.02800176739694,2.));
#7005=CARTESIAN_POINT('',(-20.9328383078426,5.02800176739694,2.));
#7006=CARTESIAN_POINT('',(-18.2100009011477,5.45774291157723,2.));
#7007=CARTESIAN_POINT('',(-18.2100009011477,13.5815006702393,2.));
#7008=CARTESIAN_POINT('',(-15.4715969251841,5.45774291157723,2.));
#7009=CARTESIAN_POINT('',(-22.6900006701797,5.45774291157723,2.));
#7010=CARTESIAN_POINT('',(-15.7676406788081,5.8648021042347,2.));
#7011=CARTESIAN_POINT('Ctrl Pts',(-15.4715969251841,5.45774291157723,2.));
#7012=CARTESIAN_POINT('Ctrl Pts',(-15.6196188019961,5.61292598843575,2.));
#7013=CARTESIAN_POINT('Ctrl Pts',(-15.7676406788081,5.8648021042347,2.));
#7014=CARTESIAN_POINT('',(-15.9896733450145,6.31722400784493,2.));
#7015=CARTESIAN_POINT('Ctrl Pts',(-15.7676406788081,5.8648021042347,2.));
#7016=CARTESIAN_POINT('Ctrl Pts',(-15.9156625556201,6.11667822003365,2.));
#7017=CARTESIAN_POINT('Ctrl Pts',(-15.9896733450145,6.31722400784493,2.));
#7018=CARTESIAN_POINT('',(-15.5742572831362,6.31722400784493,2.));
#7019=CARTESIAN_POINT('',(-21.5798368921131,6.31722400784494,2.));
#7020=CARTESIAN_POINT('',(-15.163616149351,5.68693707585335,2.));
#7021=CARTESIAN_POINT('Ctrl Pts',(-15.5742572831362,6.31722400784493,2.));
#7022=CARTESIAN_POINT('Ctrl Pts',(-15.4047485279292,5.95671961903573,2.));
#7023=CARTESIAN_POINT('Ctrl Pts',(-15.163616149351,5.68693707585335,2.));
#7024=CARTESIAN_POINT('Ctrl Pts',(-15.163616149351,5.68693707585335,2.));
#7025=CARTESIAN_POINT('Ctrl Pts',(-14.9224837707728,5.41715572476388,2.));
#7026=CARTESIAN_POINT('Ctrl Pts',(-14.6956761764735,5.30494521260262,2.));
#7027=CARTESIAN_POINT('',(-17.3720063852519,7.55869815945626,2.));
#7028=CARTESIAN_POINT('',(-18.2100009011477,7.55869815945626,2.));
#7029=CARTESIAN_POINT('',(-22.2710034122318,7.55869815945626,2.));
#7030=CARTESIAN_POINT('',(-18.2100009011477,7.98843811154367,2.));
#7031=CARTESIAN_POINT('',(-18.2100009011477,14.846848866269,2.));
#7032=CARTESIAN_POINT('',(-17.3720063852519,7.98843811154366,2.));
#7033=CARTESIAN_POINT('',(-22.6900006701797,7.98843811154367,2.));
#7034=CARTESIAN_POINT('',(-17.3720063852519,9.50685570836068,2.));
#7035=CARTESIAN_POINT('',(-17.3720063852519,15.0617188423127,2.));
#7036=CARTESIAN_POINT('',(-16.978077499792,9.50685570836068,2.));
#7037=CARTESIAN_POINT('',(-22.2710034122318,9.50685570836068,2.));
#7038=CARTESIAN_POINT('',(-14.7100009607524,7.90965269207955,2.));
#7039=CARTESIAN_POINT('',(-23.3570589105166,13.9990005608994,2.));
#7040=CARTESIAN_POINT('',(-14.7100009607524,7.55869815945626,2.));
#7041=CARTESIAN_POINT('',(-14.7100009607524,15.0223261325806,2.));
#7042=CARTESIAN_POINT('',(-16.978077499792,7.55869815945626,2.));
#7043=CARTESIAN_POINT('',(-20.940000699982,7.55869815945626,2.));
#7044=CARTESIAN_POINT('',(-16.978077499792,7.0859832584858,2.));
#7045=CARTESIAN_POINT('',(-16.978077499792,14.846848866269,2.));
#7046=CARTESIAN_POINT('',(-17.3720063852519,7.0859832584858,2.));
#7047=CARTESIAN_POINT('',(-22.0740389695019,7.0859832584858,2.));
#7048=CARTESIAN_POINT('',(-17.3720063852519,14.6104914157838,2.));
#7049=CARTESIAN_POINT('',(-16.7870815681666,11.9898016273975,2.));
#7050=CARTESIAN_POINT('',(-18.2100009011477,11.9898016273975,2.));
#7051=CARTESIAN_POINT('',(-21.9785410036892,11.9898016273975,2.));
#7052=CARTESIAN_POINT('',(-18.2100009011477,12.4529666721821,2.));
#7053=CARTESIAN_POINT('',(-18.2100009011477,17.0624006002396,2.));
#7054=CARTESIAN_POINT('',(-14.7100009607524,12.4529666721821,2.));
#7055=CARTESIAN_POINT('',(-22.6900006701797,12.4529666721821,2.));
#7056=CARTESIAN_POINT('',(-14.7100009607524,11.1327071011067,2.));
#7057=CARTESIAN_POINT('',(-14.7100009607524,17.2939831226319,2.));
#7058=CARTESIAN_POINT('',(-14.7434251593798,10.6003064930439,2.));
#7059=CARTESIAN_POINT('Ctrl Pts',(-14.7100009607524,11.1327071011067,2.));
#7060=CARTESIAN_POINT('Ctrl Pts',(-14.7100009607524,10.7841397345066,2.));
#7061=CARTESIAN_POINT('Ctrl Pts',(-14.7434251593798,10.6003064930439,2.));
#7062=CARTESIAN_POINT('',(-14.9069654034823,10.1681781828404,2.));
#7063=CARTESIAN_POINT('Ctrl Pts',(-14.7434251593798,10.6003064930439,2.));
#7064=CARTESIAN_POINT('Ctrl Pts',(-14.7863995122164,10.3424615681172,2.));
#7065=CARTESIAN_POINT('Ctrl Pts',(-14.9069654034823,10.1681781828404,2.));
#7066=CARTESIAN_POINT('',(-15.244789628908,9.88765309453011,2.));
#7067=CARTESIAN_POINT('Ctrl Pts',(-14.9069654034823,10.1681781828404,2.));
#7068=CARTESIAN_POINT('Ctrl Pts',(-15.0275315927714,9.99389420151711,2.));
#7069=CARTESIAN_POINT('Ctrl Pts',(-15.244789628908,9.88765309453011,2.));
#7070=CARTESIAN_POINT('',(-15.7222793089598,9.78141139149667,2.));
#7071=CARTESIAN_POINT('Ctrl Pts',(-15.244789628908,9.88765309453011,2.));
#7072=CARTESIAN_POINT('Ctrl Pts',(-15.4620473670214,9.78141139149667,2.));
#7073=CARTESIAN_POINT('Ctrl Pts',(-15.7222793089598,9.78141139149667,2.));
#7074=CARTESIAN_POINT('',(-16.4779069112986,10.0655181229115,2.));
#7075=CARTESIAN_POINT('Ctrl Pts',(-15.7222793089598,9.78141139149667,2.));
#7076=CARTESIAN_POINT('Ctrl Pts',(-16.1687322544306,9.78141139149667,2.));
#7077=CARTESIAN_POINT('Ctrl Pts',(-16.4779069112986,10.0655181229115,2.));
#7078=CARTESIAN_POINT('',(-16.7870815681666,11.0921211063862,2.));
#7079=CARTESIAN_POINT('Ctrl Pts',(-16.4779069112986,10.0655181229115,2.));
#7080=CARTESIAN_POINT('Ctrl Pts',(-16.7870815681666,10.3496242582798,2.));
#7081=CARTESIAN_POINT('Ctrl Pts',(-16.7870815681666,11.0921211063862,2.));
#7082=CARTESIAN_POINT('',(-16.7870815681666,16.613560339734,2.));
#7083=CARTESIAN_POINT('',(-17.4889912294596,13.5893924057484,2.));
#7084=CARTESIAN_POINT('',(-16.8372180151194,13.5893924057484,2.));
#7085=CARTESIAN_POINT('',(-22.3294958343357,13.5893924057484,2.));
#7086=CARTESIAN_POINT('',(-16.8372180151194,14.6183831512928,2.));
#7087=CARTESIAN_POINT('',(-16.8372180151194,17.862195989415,2.));
#7088=CARTESIAN_POINT('',(-16.426576583311,14.6183831512928,2.));
#7089=CARTESIAN_POINT('',(-22.0036092271656,14.6183831512928,2.));
#7090=CARTESIAN_POINT('',(-16.4241891192645,13.1357772171497,2.));
#7091=CARTESIAN_POINT('',(-16.432642560879,18.3853317476718,2.));
#7092=CARTESIAN_POINT('',(-17.7229615139216,13.1357772171497,2.));
#7093=CARTESIAN_POINT('',(-21.7970947792381,13.1357772171497,2.));
#7094=CARTESIAN_POINT('',(-18.132408766672,13.8400752365589,2.));
#7095=CARTESIAN_POINT('Ctrl Pts',(-17.7229615139216,13.1357772171497,2.));
#7096=CARTESIAN_POINT('Ctrl Pts',(-17.9951306270808,13.47718308568,2.));
#7097=CARTESIAN_POINT('Ctrl Pts',(-18.132408766672,13.8400752365589,2.));
#7098=CARTESIAN_POINT('',(-18.2696872042865,14.5849592506886,2.));
#7099=CARTESIAN_POINT('Ctrl Pts',(-18.132408766672,13.8400752365589,2.));
#7100=CARTESIAN_POINT('Ctrl Pts',(-18.2696872042865,14.2029673874378,2.));
#7101=CARTESIAN_POINT('Ctrl Pts',(-18.2696872042865,14.5849592506886,2.));
#7102=CARTESIAN_POINT('',(-18.0488481210917,15.522032481432,2.));
#7103=CARTESIAN_POINT('Ctrl Pts',(-18.2696872042865,14.5849592506886,2.));
#7104=CARTESIAN_POINT('Ctrl Pts',(-18.2696872042865,15.1006479084492,2.));
#7105=CARTESIAN_POINT('Ctrl Pts',(-18.0488481210917,15.522032481432,2.));
#7106=CARTESIAN_POINT('',(-17.4102055119723,16.1582876265049,2.));
#7107=CARTESIAN_POINT('Ctrl Pts',(-18.0488481210917,15.522032481432,2.));
#7108=CARTESIAN_POINT('Ctrl Pts',(-17.828009037897,15.9434170544148,2.));
#7109=CARTESIAN_POINT('Ctrl Pts',(-17.4102055119723,16.1582876265049,2.));
#7110=CARTESIAN_POINT('',(-16.4767130302638,16.3731579005718,2.));
#7111=CARTESIAN_POINT('Ctrl Pts',(-17.4102055119723,16.1582876265049,2.));
#7112=CARTESIAN_POINT('Ctrl Pts',(-16.9924019860476,16.3731579005718,2.));
#7113=CARTESIAN_POINT('Ctrl Pts',(-16.4767130302638,16.3731579005718,2.));
#7114=CARTESIAN_POINT('',(-15.5229272531718,16.1594812095165,2.));
#7115=CARTESIAN_POINT('Ctrl Pts',(-16.4767130302638,16.3731579005718,2.));
#7116=CARTESIAN_POINT('Ctrl Pts',(-15.9657990025729,16.3731579005718,2.));
#7117=CARTESIAN_POINT('Ctrl Pts',(-15.5229272531718,16.1594812095165,2.));
#7118=CARTESIAN_POINT('',(-14.8651852297038,15.5447132408619,2.));
#7119=CARTESIAN_POINT('Ctrl Pts',(-15.5229272531718,16.1594812095165,2.));
#7120=CARTESIAN_POINT('Ctrl Pts',(-15.0800555037707,15.9458045184612,2.));
#7121=CARTESIAN_POINT('Ctrl Pts',(-14.8651852297038,15.5447132408619,2.));
#7122=CARTESIAN_POINT('',(-14.6503149556369,14.6207709133625,2.));
#7123=CARTESIAN_POINT('Ctrl Pts',(-14.8651852297038,15.5447132408619,2.));
#7124=CARTESIAN_POINT('Ctrl Pts',(-14.6503149556369,15.1436219632626,2.));
#7125=CARTESIAN_POINT('Ctrl Pts',(-14.6503149556369,14.6207709133625,2.));
#7126=CARTESIAN_POINT('',(-14.7732686089724,13.9343793213368,2.));
#7127=CARTESIAN_POINT('Ctrl Pts',(-14.6503149556369,14.6207709133625,2.));
#7128=CARTESIAN_POINT('Ctrl Pts',(-14.6503149556369,14.241166216135,2.));
#7129=CARTESIAN_POINT('Ctrl Pts',(-14.7732686089724,13.9343793213368,2.));
#7130=CARTESIAN_POINT('',(-15.1158674644679,13.4533078491688,2.));
#7131=CARTESIAN_POINT('Ctrl Pts',(-14.7732686089724,13.9343793213368,2.));
#7132=CARTESIAN_POINT('Ctrl Pts',(-14.8962219642848,13.627591830492,2.));
#7133=CARTESIAN_POINT('Ctrl Pts',(-15.1158674644679,13.4533078491688,2.));
#7134=CARTESIAN_POINT('',(-15.6888549613208,13.1883014261723,2.));
#7135=CARTESIAN_POINT('Ctrl Pts',(-15.1158674644679,13.4533078491688,2.));
#7136=CARTESIAN_POINT('Ctrl Pts',(-15.3355126666278,13.279024463892,2.));
#7137=CARTESIAN_POINT('Ctrl Pts',(-15.6888549613208,13.1883014261723,2.));
#7138=CARTESIAN_POINT('',(-15.8034524904937,13.6061049520969,2.));
#7139=CARTESIAN_POINT('',(-17.2316411727248,18.8130432816454,2.));
#7140=CARTESIAN_POINT('',(-15.3832616495341,13.8018758118153,2.));
#7141=CARTESIAN_POINT('Ctrl Pts',(-15.8034524904937,13.6061049520969,2.));
#7142=CARTESIAN_POINT('Ctrl Pts',(-15.536058454439,13.6848909676075,2.));
#7143=CARTESIAN_POINT('Ctrl Pts',(-15.3832616495341,13.8018758118153,2.));
#7144=CARTESIAN_POINT('',(-15.1385482238978,14.1361183941364,2.));
#7145=CARTESIAN_POINT('Ctrl Pts',(-15.3832616495341,13.8018758118153,2.));
#7146=CARTESIAN_POINT('Ctrl Pts',(-15.2304648446292,13.918860656023,2.));
#7147=CARTESIAN_POINT('Ctrl Pts',(-15.1385482238978,14.1361183941364,2.));
#7148=CARTESIAN_POINT('',(-15.0466313051432,14.6183831512928,2.));
#7149=CARTESIAN_POINT('Ctrl Pts',(-15.1385482238978,14.1361183941364,2.));
#7150=CARTESIAN_POINT('Ctrl Pts',(-15.0466313051432,14.3533761322498,2.));
#7151=CARTESIAN_POINT('Ctrl Pts',(-15.0466313051432,14.6183831512928,2.));
#7152=CARTESIAN_POINT('',(-15.1433231519908,15.1674963057041,2.));
#7153=CARTESIAN_POINT('Ctrl Pts',(-15.0466313051432,14.6183831512928,2.));
#7154=CARTESIAN_POINT('Ctrl Pts',(-15.0466313051432,14.9359137833119,2.));
#7155=CARTESIAN_POINT('Ctrl Pts',(-15.1433231519908,15.1674963057041,2.));
#7156=CARTESIAN_POINT('',(-15.397586433813,15.5411321938038,2.));
#7157=CARTESIAN_POINT('Ctrl Pts',(-15.1433231519908,15.1674963057041,2.));
#7158=CARTESIAN_POINT('Ctrl Pts',(-15.2400147008151,15.3990788280964,2.));
#7159=CARTESIAN_POINT('Ctrl Pts',(-15.397586433813,15.5411321938038,2.));
#7160=CARTESIAN_POINT('',(-15.7437661873549,15.7619709789753,2.));
#7161=CARTESIAN_POINT('Ctrl Pts',(-15.397586433813,15.5411321938038,2.));
#7162=CARTESIAN_POINT('Ctrl Pts',(-15.5551578687876,15.683185261488,2.));
#7163=CARTESIAN_POINT('Ctrl Pts',(-15.7437661873549,15.7619709789753,2.));
#7164=CARTESIAN_POINT('',(-16.448063461706,15.8956680715084,2.));
#7165=CARTESIAN_POINT('Ctrl Pts',(-15.7437661873549,15.7619709789753,2.));
#7166=CARTESIAN_POINT('Ctrl Pts',(-16.068459360525,15.8956680715084,2.));
#7167=CARTESIAN_POINT('Ctrl Pts',(-16.448063461706,15.8956680715084,2.));
#7168=CARTESIAN_POINT('',(-17.2311469005793,15.7345152914524,2.));
#7169=CARTESIAN_POINT('Ctrl Pts',(-16.448063461706,15.8956680715084,2.));
#7170=CARTESIAN_POINT('Ctrl Pts',(-16.9160034345835,15.8956680715084,2.));
#7171=CARTESIAN_POINT('Ctrl Pts',(-17.2311469005793,15.7345152914524,2.));
#7172=CARTESIAN_POINT('',(-17.6990868734568,15.2653817355633,2.));
#7173=CARTESIAN_POINT('Ctrl Pts',(-17.2311469005793,15.7345152914524,2.));
#7174=CARTESIAN_POINT('Ctrl Pts',(-17.5462900685519,15.5733625113964,2.));
#7175=CARTESIAN_POINT('Ctrl Pts',(-17.6990868734568,15.2653817355633,2.));
#7176=CARTESIAN_POINT('',(-17.8518836783618,14.6112210571766,2.));
#7177=CARTESIAN_POINT('Ctrl Pts',(-17.6990868734568,15.2653817355633,2.));
#7178=CARTESIAN_POINT('Ctrl Pts',(-17.8518836783618,14.9574006617069,2.));
#7179=CARTESIAN_POINT('Ctrl Pts',(-17.8518836783618,14.6112210571766,2.));
#7180=CARTESIAN_POINT('',(-17.7360924171656,14.0239084780216,2.));
#7181=CARTESIAN_POINT('Ctrl Pts',(-17.8518836783618,14.6112210571766,2.));
#7182=CARTESIAN_POINT('Ctrl Pts',(-17.8518836783618,14.3104023754597,2.));
#7183=CARTESIAN_POINT('Ctrl Pts',(-17.7360924171656,14.0239084780216,2.));
#7184=CARTESIAN_POINT('Ctrl Pts',(-17.7360924171656,14.0239084780216,2.));
#7185=CARTESIAN_POINT('Ctrl Pts',(-17.6203011559695,13.7374145805836,2.));
#7186=CARTESIAN_POINT('Ctrl Pts',(-17.4889912294596,13.5893924057484,2.));
#7187=CARTESIAN_POINT('Origin',(-27.1600004962087,11.9749998569489,0.));
#7188=CARTESIAN_POINT('',(-28.410000468269,5.67499999776484,-4.44089209850063E-15));
#7189=CARTESIAN_POINT('',(-28.410000468269,18.2749997161329,0.));
#7190=CARTESIAN_POINT('',(-28.410000468269,5.67499999776484,-4.44089209850063E-15));
#7191=CARTESIAN_POINT('',(-25.9100005241483,5.67499999776483,-4.44089209850063E-15));
#7192=CARTESIAN_POINT('',(-25.9100005241483,5.67499999776483,-4.44089209850063E-15));
#7193=CARTESIAN_POINT('',(-25.9100005241483,18.2749997161329,0.));
#7194=CARTESIAN_POINT('',(-25.9100005241483,18.2749997161329,0.));
#7195=CARTESIAN_POINT('',(-28.410000468269,18.2749997161329,0.));
#7196=CARTESIAN_POINT('Origin',(-28.410000468269,18.2749997161329,2.));
#7197=CARTESIAN_POINT('',(-28.410000468269,18.2749997161329,1.));
#7198=CARTESIAN_POINT('',(-25.9100005241483,18.2749997161329,1.));
#7199=CARTESIAN_POINT('Origin',(-25.9100005241483,18.2749997161329,2.));
#7200=CARTESIAN_POINT('',(-25.9100005241483,5.67499999776483,1.));
#7201=CARTESIAN_POINT('Origin',(-28.410000468269,5.67499999776484,2.));
#7202=CARTESIAN_POINT('',(-28.410000468269,5.67499999776484,2.));
#7203=CARTESIAN_POINT('Origin',(-25.9100005241483,5.67499999776483,2.));
#7204=CARTESIAN_POINT('Origin',(-11.7800004392117,24.6749995730817,-1.5));
#7205=CARTESIAN_POINT('',(-11.7800004392117,7.97499957308174,4.));
#7206=CARTESIAN_POINT('',(-11.7800004392117,7.97499957308173,6.49999994039536));
#7207=CARTESIAN_POINT('',(-11.7800004392117,-0.875000426918263,4.));
#7208=CARTESIAN_POINT('',(-11.7800004392117,-0.875000426918264,-1.5));
#7209=CARTESIAN_POINT('',(-11.7800004392117,18.3249997522682,4.));
#7210=CARTESIAN_POINT('Origin',(-11.9300004392117,-0.875000426918264,-1.5));
#7211=CARTESIAN_POINT('',(-16.6100004392117,-0.875000808387971,4.));
#7212=CARTESIAN_POINT('',(-16.6100004392118,-0.87500042691827,6.));
#7213=CARTESIAN_POINT('',(-16.3700004734844,-0.875000426918258,4.));
#7214=CARTESIAN_POINT('Origin',(-20.8099998356814,11.9749999314547,3.99999999999986));
#7215=CARTESIAN_POINT('',(-22.7724995205551,24.8249995730817,4.));
#7216=CARTESIAN_POINT('',(-18.7974995205552,24.8249995730817,4.));
#7217=CARTESIAN_POINT('',(-25.2599995507136,24.8249995730817,4.00000094944001));
#7218=CARTESIAN_POINT('',(-18.7974995205552,25.3999996664003,4.));
#7219=CARTESIAN_POINT('',(-18.7974995205552,24.6499998530373,4.));
#7220=CARTESIAN_POINT('',(-15.8099995205551,25.3999996664003,4.));
#7221=CARTESIAN_POINT('',(-18.2974995205552,25.3999996664003,4.));
#7222=CARTESIAN_POINT('',(-15.8099995205551,26.2749995730817,4.));
#7223=CARTESIAN_POINT('',(-15.8099995205551,18.6874997989275,4.));
#7224=CARTESIAN_POINT('',(-25.7599995205551,26.2749995730817,4.));
#7225=CARTESIAN_POINT('',(-18.8100000141561,26.2749995730817,4.));
#7226=CARTESIAN_POINT('',(-25.7599995205551,25.3999996664003,4.));
#7227=CARTESIAN_POINT('',(-25.7599995205551,18.8749997522682,4.));
#7228=CARTESIAN_POINT('',(-22.7724995205551,25.3999996664003,4.));
#7229=CARTESIAN_POINT('',(-22.2850000141561,25.3999996664003,4.));
#7230=CARTESIAN_POINT('',(-22.7724995205551,18.6874997989275,4.));
#7231=CARTESIAN_POINT('Origin',(-29.7100004392117,24.8249995730817,-1.5));
#7232=CARTESIAN_POINT('',(-29.8600004392117,24.8249995730817,4.));
#7233=CARTESIAN_POINT('',(-25.2600004734844,24.8249995730817,4.));
#7234=CARTESIAN_POINT('',(-29.8600004392117,24.8249995730817,-1.5));
#7235=CARTESIAN_POINT('',(-11.7800004392117,24.8249995730817,4.));
#7236=CARTESIAN_POINT('',(-11.7800004392117,24.8249995730817,-1.5));
#7237=CARTESIAN_POINT('',(-25.2600004734844,24.8249995730817,4.));
#7238=CARTESIAN_POINT('Origin',(-29.8600004392117,-0.72500042691826,-1.5));
#7239=CARTESIAN_POINT('',(-29.8600004392117,15.9749995730817,4.00000000000001));
#7240=CARTESIAN_POINT('',(-29.8600004392117,15.9749995730817,6.));
#7241=CARTESIAN_POINT('',(-29.8600004392117,18.3249997522682,4.));
#7242=CARTESIAN_POINT('Origin',(-29.8600004392117,-0.72500042691826,-1.5));
#7243=CARTESIAN_POINT('',(-29.8600004392117,7.97499957308174,4.));
#7244=CARTESIAN_POINT('',(-29.8600004392117,7.97499957308174,6.));
#7245=CARTESIAN_POINT('',(-29.8600004392117,-0.875000426918261,4.));
#7246=CARTESIAN_POINT('',(-29.8600004392117,18.3249997522682,4.));
#7247=CARTESIAN_POINT('',(-29.8600004392117,-0.875000426918262,-1.5));
#7248=CARTESIAN_POINT('Origin',(-20.8100005077571,11.9749999314547,4.));
#7249=CARTESIAN_POINT('',(-11.7800004392117,15.9749995730817,4.00000000000001));
#7250=CARTESIAN_POINT('Origin',(-11.7800004392117,11.9749995730817,4.));
#7251=CARTESIAN_POINT('',(-24.6100004392117,-0.87500080838798,4.));
#7252=CARTESIAN_POINT('Origin',(-20.6100004392117,-0.875000808387979,4.));
#7253=CARTESIAN_POINT('',(-16.3700004734844,-0.875000426918258,4.));
#7254=CARTESIAN_POINT('Origin',(-29.8600004392117,11.9749995730817,4.));
#7255=CARTESIAN_POINT('',(-11.7800004392117,18.3249997522682,4.));
#7256=CARTESIAN_POINT('Origin',(-11.9300004392117,-0.875000426918264,-1.5));
#7257=CARTESIAN_POINT('',(-24.6100004392117,-0.87500042691827,6.));
#7258=CARTESIAN_POINT('Ctrl Pts',(-29.8600004392117,7.97499957308174,4.));
#7259=CARTESIAN_POINT('Ctrl Pts',(-31.8600004392117,7.97499957308174,4.));
#7260=CARTESIAN_POINT('Ctrl Pts',(-31.8600004392117,11.9749995730817,4.));
#7261=CARTESIAN_POINT('Ctrl Pts',(-31.8600004392117,15.9749995730817,4.));
#7262=CARTESIAN_POINT('Ctrl Pts',(-29.8600004392117,15.9749995730817,4.));
#7263=CARTESIAN_POINT('Ctrl Pts',(-29.8600004392117,7.97499957308174,2.));
#7264=CARTESIAN_POINT('Ctrl Pts',(-31.8600004392117,7.97499957308174,2.));
#7265=CARTESIAN_POINT('Ctrl Pts',(-31.8600004392117,11.9749995730817,2.));
#7266=CARTESIAN_POINT('Ctrl Pts',(-31.8600004392117,15.9749995730817,2.));
#7267=CARTESIAN_POINT('Ctrl Pts',(-29.8600004392117,15.9749995730817,2.));
#7268=CARTESIAN_POINT('Ctrl Pts',(-16.6100004392118,-0.87500042691827,4.));
#7269=CARTESIAN_POINT('Ctrl Pts',(-16.6099996762722,-2.87500080838799,4.));
#7270=CARTESIAN_POINT('Ctrl Pts',(-20.6100004392117,-2.87500080838799,4.));
#7271=CARTESIAN_POINT('Ctrl Pts',(-24.6100012021512,-2.87500080838799,4.));
#7272=CARTESIAN_POINT('Ctrl Pts',(-24.6100004392117,-0.87500042691827,4.));
#7273=CARTESIAN_POINT('Ctrl Pts',(-16.6100004392118,-0.87500042691827,2.));
#7274=CARTESIAN_POINT('Ctrl Pts',(-16.6099996762722,-2.87500080838799,2.));
#7275=CARTESIAN_POINT('Ctrl Pts',(-20.6100004392117,-2.87500080838799,2.));
#7276=CARTESIAN_POINT('Ctrl Pts',(-24.6100012021512,-2.87500080838799,2.));
#7277=CARTESIAN_POINT('Ctrl Pts',(-24.6100004392117,-0.87500042691827,2.));
#7278=CARTESIAN_POINT('Origin',(-20.8200004392117,11.9749995730817,-4.));
#7279=CARTESIAN_POINT('Origin',(-11.7800004392117,24.6749995730817,-1.5));
#7280=CARTESIAN_POINT('',(-11.7800004392117,15.9749995730817,6.49999994039536));
#7281=CARTESIAN_POINT('Ctrl Pts',(-11.7800004392117,15.9749995730817,4.));
#7282=CARTESIAN_POINT('Ctrl Pts',(-9.78000043921172,15.9749995730817,4.));
#7283=CARTESIAN_POINT('Ctrl Pts',(-9.78000043921172,11.9749995730817,4.));
#7284=CARTESIAN_POINT('Ctrl Pts',(-9.78000043921172,7.97499957308174,4.));
#7285=CARTESIAN_POINT('Ctrl Pts',(-11.7800004392117,7.97499957308174,4.));
#7286=CARTESIAN_POINT('Ctrl Pts',(-11.7800004392117,15.9749995730817,1.99999999999535));
#7287=CARTESIAN_POINT('Ctrl Pts',(-9.78000043921172,15.9749995730817,1.99999999999535));
#7288=CARTESIAN_POINT('Ctrl Pts',(-9.78000043921172,11.9749995730817,1.99999999999535));
#7289=CARTESIAN_POINT('Ctrl Pts',(-9.78000043921172,7.97499957308174,1.99999999999535));
#7290=CARTESIAN_POINT('Ctrl Pts',(-11.7800004392117,7.97499957308174,1.99999999999535));
#7291=CARTESIAN_POINT('Origin',(-27.1700004392117,22.1349995730817,2.));
#7292=CARTESIAN_POINT('',(-15.1230295585841,11.0945082724094,2.));
#7293=CARTESIAN_POINT('',(-15.1230295585841,11.9898016273975,2.));
#7294=CARTESIAN_POINT('',(-15.1230295585841,16.6147539227456,2.));
#7295=CARTESIAN_POINT('',(-16.3740529703349,11.9898016273975,2.));
#7296=CARTESIAN_POINT('',(-21.1465149988979,11.9898016273975,2.));
#7297=CARTESIAN_POINT('',(-16.3740529703349,11.0849584162235,2.));
#7298=CARTESIAN_POINT('',(-16.3740529703349,17.0624006002396,2.));
#7299=CARTESIAN_POINT('',(-16.2069313811511,10.4475093901157,2.));
#7300=CARTESIAN_POINT('Ctrl Pts',(-16.3740529703349,11.0849584162235,2.));
#7301=CARTESIAN_POINT('Ctrl Pts',(-16.3740529703349,10.6361181557179,2.));
#7302=CARTESIAN_POINT('Ctrl Pts',(-16.2069313811511,10.4475093901157,2.));
#7303=CARTESIAN_POINT('',(-15.7366039442271,10.2589012205601,2.));
#7304=CARTESIAN_POINT('Ctrl Pts',(-16.2069313811511,10.4475093901157,2.));
#7305=CARTESIAN_POINT('Ctrl Pts',(-16.0398099409789,10.2589012205601,2.));
#7306=CARTESIAN_POINT('Ctrl Pts',(-15.7366039442271,10.2589012205601,2.));
#7307=CARTESIAN_POINT('',(-15.3605808901042,10.3699178516865,2.));
#7308=CARTESIAN_POINT('Ctrl Pts',(-15.7366039442271,10.2589012205601,2.));
#7309=CARTESIAN_POINT('Ctrl Pts',(-15.5169587420672,10.2589012205601,2.));
#7310=CARTESIAN_POINT('Ctrl Pts',(-15.3605808901042,10.3699178516865,2.));
#7311=CARTESIAN_POINT('',(-15.1540665911883,10.6623799622059,2.));
#7312=CARTESIAN_POINT('Ctrl Pts',(-15.3605808901042,10.3699178516865,2.));
#7313=CARTESIAN_POINT('Ctrl Pts',(-15.2042030381411,10.4809338867664,2.));
#7314=CARTESIAN_POINT('Ctrl Pts',(-15.1540665911883,10.6623799622059,2.));
#7315=CARTESIAN_POINT('Ctrl Pts',(-15.1540665911883,10.6623799622059,2.));
#7316=CARTESIAN_POINT('Ctrl Pts',(-15.1230295585841,10.7793648064137,2.));
#7317=CARTESIAN_POINT('Ctrl Pts',(-15.1230295585841,11.0945082724094,2.));
#7318=CARTESIAN_POINT('Origin',(-27.1700004392117,22.1349995730817,2.));
#7319=CARTESIAN_POINT('',(-15.3999735998362,7.98843811154366,2.));
#7320=CARTESIAN_POINT('',(-16.978077499792,9.08427785038949,2.));
#7321=CARTESIAN_POINT('',(-22.6842496951173,13.0466596989547,2.));
#7322=CARTESIAN_POINT('',(-16.978077499792,7.98843811154366,2.));
#7323=CARTESIAN_POINT('',(-16.978077499792,15.6096387117356,2.));
#7324=CARTESIAN_POINT('',(-22.0740389695019,7.98843811154367,2.));
#7325=CARTESIAN_POINT('Origin',(-16.4600010799617,12.3515005957335,1.));
#7326=CARTESIAN_POINT('',(-17.7146052407473,19.482809779048,1.));
#7327=CARTESIAN_POINT('',(-17.0855124878138,19.6749994240701,1.));
#7328=CARTESIAN_POINT('Ctrl Pts',(-17.7146052407473,19.482809779048,1.));
#7329=CARTESIAN_POINT('Ctrl Pts',(-17.4364676164836,19.6654496237636,1.));
#7330=CARTESIAN_POINT('Ctrl Pts',(-17.0855124878138,19.6749994240701,1.));
#7331=CARTESIAN_POINT('',(-18.1312151836604,18.9790581434965,1.));
#7332=CARTESIAN_POINT('Ctrl Pts',(-18.1312151836604,18.9790581434965,1.));
#7333=CARTESIAN_POINT('Ctrl Pts',(-17.9927431630343,19.3001699715853,1.));
#7334=CARTESIAN_POINT('Ctrl Pts',(-17.7146052407473,19.482809779048,1.));
#7335=CARTESIAN_POINT('',(-18.2696872042865,18.182843875885,1.));
#7336=CARTESIAN_POINT('Ctrl Pts',(-18.2696872042865,18.182843875885,1.));
#7337=CARTESIAN_POINT('Ctrl Pts',(-18.2696872042865,18.6579462409019,1.));
#7338=CARTESIAN_POINT('Ctrl Pts',(-18.1312151836604,18.9790581434965,1.));
#7339=CARTESIAN_POINT('',(-18.132408766672,17.5083896040916,1.));
#7340=CARTESIAN_POINT('Ctrl Pts',(-18.132408766672,17.5083896040916,1.));
#7341=CARTESIAN_POINT('Ctrl Pts',(-18.2696872042865,17.8080144047737,1.));
#7342=CARTESIAN_POINT('Ctrl Pts',(-18.2696872042865,18.182843875885,1.));
#7343=CARTESIAN_POINT('',(-17.7480294393748,17.0488057553768,1.));
#7344=CARTESIAN_POINT('Ctrl Pts',(-17.7480294393748,17.0488057553768,1.));
#7345=CARTESIAN_POINT('Ctrl Pts',(-17.9951306270808,17.2087649524212,1.));
#7346=CARTESIAN_POINT('Ctrl Pts',(-18.132408766672,17.5083896040916,1.));
#7347=CARTESIAN_POINT('',(-17.2215970443934,16.8888468563557,1.));
#7348=CARTESIAN_POINT('Ctrl Pts',(-17.2215970443934,16.8888468563557,1.));
#7349=CARTESIAN_POINT('Ctrl Pts',(-17.500928549692,16.8888468563557,1.));
#7350=CARTESIAN_POINT('Ctrl Pts',(-17.7480294393748,17.0488057553768,1.));
#7351=CARTESIAN_POINT('',(-16.7238139199465,17.0344812691212,1.));
#7352=CARTESIAN_POINT('Ctrl Pts',(-16.7238139199465,17.0344812691212,1.));
#7353=CARTESIAN_POINT('Ctrl Pts',(-16.9398780750483,16.8888468563557,1.));
#7354=CARTESIAN_POINT('Ctrl Pts',(-17.2215970443934,16.8888468563557,1.));
#7355=CARTESIAN_POINT('',(-16.3668902801722,17.4857088446617,1.));
#7356=CARTESIAN_POINT('Ctrl Pts',(-16.3668902801722,17.4857088446617,1.));
#7357=CARTESIAN_POINT('Ctrl Pts',(-16.5077497648448,17.1801153838635,1.));
#7358=CARTESIAN_POINT('Ctrl Pts',(-16.7238139199465,17.0344812691212,1.));
#7359=CARTESIAN_POINT('',(-16.1436638819426,18.2604360103607,1.));
#7360=CARTESIAN_POINT('Ctrl Pts',(-16.1436638819426,18.2604360103607,1.));
#7361=CARTESIAN_POINT('Ctrl Pts',(-16.2713924633712,17.6958043396473,1.));
#7362=CARTESIAN_POINT('Ctrl Pts',(-16.3668902801722,17.4857088446617,1.));
#7363=CARTESIAN_POINT('',(-15.8941755282134,18.9587648481131,1.));
#7364=CARTESIAN_POINT('Ctrl Pts',(-15.8941755282134,18.9587648481131,1.));
#7365=CARTESIAN_POINT('Ctrl Pts',(-16.0159354495257,18.8250676810741,1.));
#7366=CARTESIAN_POINT('Ctrl Pts',(-16.1436638819426,18.2604360103607,1.));
#7367=CARTESIAN_POINT('',(-15.5838074373454,19.0948494046927,1.));
#7368=CARTESIAN_POINT('Ctrl Pts',(-15.5838074373454,19.0948494046927,1.));
#7369=CARTESIAN_POINT('Ctrl Pts',(-15.772415606901,19.0948494046927,1.));
#7370=CARTESIAN_POINT('Ctrl Pts',(-15.8941755282134,18.9587648481131,1.));
#7371=CARTESIAN_POINT('',(-15.2125590132922,18.902659741044,1.));
#7372=CARTESIAN_POINT('Ctrl Pts',(-15.2125590132922,18.902659741044,1.));
#7373=CARTESIAN_POINT('Ctrl Pts',(-15.3665494012088,19.0948494046927,1.));
#7374=CARTESIAN_POINT('Ctrl Pts',(-15.5838074373454,19.0948494046927,1.));
#7375=CARTESIAN_POINT('',(-15.0585686253756,18.2902790129185,1.));
#7376=CARTESIAN_POINT('Ctrl Pts',(-15.0585686253756,18.2902790129185,1.));
#7377=CARTESIAN_POINT('Ctrl Pts',(-15.0585686253756,18.7104701519012,1.));
#7378=CARTESIAN_POINT('Ctrl Pts',(-15.2125590132922,18.902659741044,1.));
#7379=CARTESIAN_POINT('',(-15.2280773805827,17.6802859723568,1.));
#7380=CARTESIAN_POINT('Ctrl Pts',(-15.2280773805827,17.6802859723568,1.));
#7381=CARTESIAN_POINT('Ctrl Pts',(-15.0585686253756,17.8868002712727,1.));
#7382=CARTESIAN_POINT('Ctrl Pts',(-15.0585686253756,18.2902790129185,1.));
#7383=CARTESIAN_POINT('',(-15.7294417010993,17.4379598617554,1.));
#7384=CARTESIAN_POINT('Ctrl Pts',(-15.7294417010993,17.4379598617554,1.));
#7385=CARTESIAN_POINT('Ctrl Pts',(-15.397586433813,17.4737716734409,1.));
#7386=CARTESIAN_POINT('Ctrl Pts',(-15.2280773805827,17.6802859723568,1.));
#7387=CARTESIAN_POINT('',(-15.6960173534602,16.9938946783543,1.));
#7388=CARTESIAN_POINT('',(-15.6960173534602,16.9938946783543,1.));
#7389=CARTESIAN_POINT('',(-15.1445167350024,17.1657908976078,1.));
#7390=CARTESIAN_POINT('Ctrl Pts',(-15.1445167350024,17.1657908976078,1.));
#7391=CARTESIAN_POINT('Ctrl Pts',(-15.3880365776271,17.0058317005634,1.));
#7392=CARTESIAN_POINT('Ctrl Pts',(-15.6960173534602,16.9938946783543,1.));
#7393=CARTESIAN_POINT('',(-14.7756560730189,17.6229871332645,1.));
#7394=CARTESIAN_POINT('Ctrl Pts',(-14.7756560730189,17.6229871332645,1.));
#7395=CARTESIAN_POINT('Ctrl Pts',(-14.9009968923777,17.325749796629,1.));
#7396=CARTESIAN_POINT('Ctrl Pts',(-15.1445167350024,17.1657908976078,1.));
#7397=CARTESIAN_POINT('',(-14.6503149556369,18.3093787252903,1.));
#7398=CARTESIAN_POINT('Ctrl Pts',(-14.6503149556369,18.3093787252903,1.));
#7399=CARTESIAN_POINT('Ctrl Pts',(-14.6503149556369,17.9202244699001,1.));
#7400=CARTESIAN_POINT('Ctrl Pts',(-14.7756560730189,17.6229871332645,1.));
#7401=CARTESIAN_POINT('',(-14.7696872638911,18.9516024559736,1.));
#7402=CARTESIAN_POINT('Ctrl Pts',(-14.7696872638911,18.9516024559736,1.));
#7403=CARTESIAN_POINT('Ctrl Pts',(-14.6503149556369,18.6627211689949,1.));
#7404=CARTESIAN_POINT('Ctrl Pts',(-14.6503149556369,18.3093787252903,1.));
#7405=CARTESIAN_POINT('',(-15.119448511526,19.390893009305,1.));
#7406=CARTESIAN_POINT('Ctrl Pts',(-15.119448511526,19.390893009305,1.));
#7407=CARTESIAN_POINT('Ctrl Pts',(-14.8890598701686,19.2404837429524,1.));
#7408=CARTESIAN_POINT('Ctrl Pts',(-14.7696872638911,18.9516024559736,1.));
#7409=CARTESIAN_POINT('',(-15.6148441719264,19.5413022756577,1.));
#7410=CARTESIAN_POINT('Ctrl Pts',(-15.6148441719264,19.5413022756577,1.));
#7411=CARTESIAN_POINT('Ctrl Pts',(-15.3498374509066,19.5413022756577,1.));
#7412=CARTESIAN_POINT('Ctrl Pts',(-15.119448511526,19.390893009305,1.));
#7413=CARTESIAN_POINT('',(-16.0505533801764,19.4183486968279,1.));
#7414=CARTESIAN_POINT('Ctrl Pts',(-16.0505533801764,19.4183486968279,1.));
#7415=CARTESIAN_POINT('Ctrl Pts',(-15.8559764014929,19.5413022756577,1.));
#7416=CARTESIAN_POINT('Ctrl Pts',(-15.6148441719264,19.5413022756577,1.));
#7417=CARTESIAN_POINT('',(-16.3764401363581,19.0447129577398,1.));
#7418=CARTESIAN_POINT('Ctrl Pts',(-16.3764401363581,19.0447129577398,1.));
#7419=CARTESIAN_POINT('Ctrl Pts',(-16.2451305078715,19.2953950434923,1.));
#7420=CARTESIAN_POINT('Ctrl Pts',(-16.0505533801764,19.4183486968279,1.));
#7421=CARTESIAN_POINT('',(-16.5948917555064,18.3690648794174,1.));
#7422=CARTESIAN_POINT('Ctrl Pts',(-16.5948917555064,18.3690648794174,1.));
#7423=CARTESIAN_POINT('Ctrl Pts',(-16.4791004943103,18.8513296365738,1.));
#7424=CARTESIAN_POINT('Ctrl Pts',(-16.3764401363581,19.0447129577398,1.));
#7425=CARTESIAN_POINT('',(-16.7655943917483,17.7459407866001,1.));
#7426=CARTESIAN_POINT('Ctrl Pts',(-16.7655943917483,17.7459407866001,1.));
#7427=CARTESIAN_POINT('Ctrl Pts',(-16.7106830167025,17.8868002712727,1.));
#7428=CARTESIAN_POINT('Ctrl Pts',(-16.5948917555064,18.3690648794174,1.));
#7429=CARTESIAN_POINT('',(-16.9721086906642,17.4307974696159,1.));
#7430=CARTESIAN_POINT('Ctrl Pts',(-16.9721086906642,17.4307974696159,1.));
#7431=CARTESIAN_POINT('Ctrl Pts',(-16.8491550373286,17.5262954354286,1.));
#7432=CARTESIAN_POINT('Ctrl Pts',(-16.7655943917483,17.7459407866001,1.));
#7433=CARTESIAN_POINT('',(-17.2597964691371,17.3352996528149,1.));
#7434=CARTESIAN_POINT('Ctrl Pts',(-17.2597964691371,17.3352996528149,1.));
#7435=CARTESIAN_POINT('Ctrl Pts',(-17.0950623439997,17.3352996528149,1.));
#7436=CARTESIAN_POINT('Ctrl Pts',(-16.9721086906642,17.4307974696159,1.));
#7437=CARTESIAN_POINT('',(-17.5594212698191,17.4343786656857,1.));
#7438=CARTESIAN_POINT('Ctrl Pts',(-17.5594212698191,17.4343786656857,1.));
#7439=CARTESIAN_POINT('Ctrl Pts',(-17.4221428322047,17.3352996528149,1.));
#7440=CARTESIAN_POINT('Ctrl Pts',(-17.2597964691371,17.3352996528149,1.));
#7441=CARTESIAN_POINT('',(-17.7754851268977,17.7363909304142,1.));
#7442=CARTESIAN_POINT('Ctrl Pts',(-17.7754851268977,17.7363909304142,1.));
#7443=CARTESIAN_POINT('Ctrl Pts',(-17.6966994094104,17.5334578275681,1.));
#7444=CARTESIAN_POINT('Ctrl Pts',(-17.5594212698191,17.4343786656857,1.));
#7445=CARTESIAN_POINT('',(-17.8542711424082,18.2043309032917,1.));
#7446=CARTESIAN_POINT('Ctrl Pts',(-17.8542711424082,18.2043309032917,1.));
#7447=CARTESIAN_POINT('Ctrl Pts',(-17.8542711424082,17.939324182272,1.));
#7448=CARTESIAN_POINT('Ctrl Pts',(-17.7754851268977,17.7363909304142,1.));
#7449=CARTESIAN_POINT('',(-17.7504169034213,18.741506960988,1.));
#7450=CARTESIAN_POINT('Ctrl Pts',(-17.7504169034213,18.741506960988,1.));
#7451=CARTESIAN_POINT('Ctrl Pts',(-17.8542711424082,18.5027621209621,1.));
#7452=CARTESIAN_POINT('Ctrl Pts',(-17.8542711424082,18.2043309032917,1.));
#7453=CARTESIAN_POINT('',(-17.4782477902621,19.0936556726694,1.));
#7454=CARTESIAN_POINT('Ctrl Pts',(-17.4782477902621,19.0936556726694,1.));
#7455=CARTESIAN_POINT('Ctrl Pts',(-17.6465629624575,18.9802518755198,1.));
#7456=CARTESIAN_POINT('Ctrl Pts',(-17.7504169034213,18.741506960988,1.));
#7457=CARTESIAN_POINT('',(-17.0473133610934,19.2380962789059,1.));
#7458=CARTESIAN_POINT('Ctrl Pts',(-17.0473133610934,19.2380962789059,1.));
#7459=CARTESIAN_POINT('Ctrl Pts',(-17.3099326180667,19.2070594698191,1.));
#7460=CARTESIAN_POINT('Ctrl Pts',(-17.4782477902621,19.0936556726694,1.));
#7461=CARTESIAN_POINT('',(-17.0855124878138,19.6749994240701,1.));
#7462=CARTESIAN_POINT('Ctrl Pts',(-17.7146052407473,19.482809779048,2.));
#7463=CARTESIAN_POINT('Ctrl Pts',(-17.7146052407473,19.482809779048,1.));
#7464=CARTESIAN_POINT('Ctrl Pts',(-17.4364676164836,19.6654496237636,2.));
#7465=CARTESIAN_POINT('Ctrl Pts',(-17.4364676164836,19.6654496237636,1.));
#7466=CARTESIAN_POINT('Ctrl Pts',(-17.0855124878138,19.6749994240701,2.));
#7467=CARTESIAN_POINT('Ctrl Pts',(-17.0855124878138,19.6749994240701,1.));
#7468=CARTESIAN_POINT('',(-17.7146052407473,19.482809779048,2.));
#7469=CARTESIAN_POINT('',(-17.0855124878138,19.6749994240701,2.));
#7470=CARTESIAN_POINT('Origin',(-17.0855124878138,19.6749994240701,2.));
#7471=CARTESIAN_POINT('',(-17.0473133610934,19.2380962789059,2.));
#7472=CARTESIAN_POINT('Ctrl Pts',(-17.0473133610934,19.2380962789059,2.));
#7473=CARTESIAN_POINT('Ctrl Pts',(-17.0473133610934,19.2380962789059,1.));
#7474=CARTESIAN_POINT('Ctrl Pts',(-17.3099326180667,19.2070594698191,2.));
#7475=CARTESIAN_POINT('Ctrl Pts',(-17.3099326180667,19.2070594698191,1.));
#7476=CARTESIAN_POINT('Ctrl Pts',(-17.4782477902621,19.0936556726694,2.));
#7477=CARTESIAN_POINT('Ctrl Pts',(-17.4782477902621,19.0936556726694,1.));
#7478=CARTESIAN_POINT('',(-17.4782477902621,19.0936556726694,2.));
#7479=CARTESIAN_POINT('Ctrl Pts',(-17.4782477902621,19.0936556726694,2.));
#7480=CARTESIAN_POINT('Ctrl Pts',(-17.4782477902621,19.0936556726694,1.));
#7481=CARTESIAN_POINT('Ctrl Pts',(-17.6465629624575,18.9802518755198,2.));
#7482=CARTESIAN_POINT('Ctrl Pts',(-17.6465629624575,18.9802518755198,1.));
#7483=CARTESIAN_POINT('Ctrl Pts',(-17.7504169034213,18.741506960988,2.));
#7484=CARTESIAN_POINT('Ctrl Pts',(-17.7504169034213,18.741506960988,1.));
#7485=CARTESIAN_POINT('',(-17.7504169034213,18.741506960988,2.));
#7486=CARTESIAN_POINT('Ctrl Pts',(-17.7504169034213,18.741506960988,2.));
#7487=CARTESIAN_POINT('Ctrl Pts',(-17.7504169034213,18.741506960988,1.));
#7488=CARTESIAN_POINT('Ctrl Pts',(-17.8542711424082,18.5027621209621,2.));
#7489=CARTESIAN_POINT('Ctrl Pts',(-17.8542711424082,18.5027621209621,1.));
#7490=CARTESIAN_POINT('Ctrl Pts',(-17.8542711424082,18.2043309032917,2.));
#7491=CARTESIAN_POINT('Ctrl Pts',(-17.8542711424082,18.2043309032917,1.));
#7492=CARTESIAN_POINT('',(-17.8542711424082,18.2043309032917,2.));
#7493=CARTESIAN_POINT('Ctrl Pts',(-17.8542711424082,18.2043309032917,2.));
#7494=CARTESIAN_POINT('Ctrl Pts',(-17.8542711424082,18.2043309032917,1.));
#7495=CARTESIAN_POINT('Ctrl Pts',(-17.8542711424082,17.939324182272,2.));
#7496=CARTESIAN_POINT('Ctrl Pts',(-17.8542711424082,17.939324182272,1.));
#7497=CARTESIAN_POINT('Ctrl Pts',(-17.7754851268977,17.7363909304142,2.));
#7498=CARTESIAN_POINT('Ctrl Pts',(-17.7754851268977,17.7363909304142,1.));
#7499=CARTESIAN_POINT('',(-17.7754851268977,17.7363909304142,2.));
#7500=CARTESIAN_POINT('Ctrl Pts',(-17.7754851268977,17.7363909304142,2.));
#7501=CARTESIAN_POINT('Ctrl Pts',(-17.7754851268977,17.7363909304142,1.));
#7502=CARTESIAN_POINT('Ctrl Pts',(-17.6966994094104,17.5334578275681,2.));
#7503=CARTESIAN_POINT('Ctrl Pts',(-17.6966994094104,17.5334578275681,1.));
#7504=CARTESIAN_POINT('Ctrl Pts',(-17.5594212698191,17.4343786656857,2.));
#7505=CARTESIAN_POINT('Ctrl Pts',(-17.5594212698191,17.4343786656857,1.));
#7506=CARTESIAN_POINT('',(-17.5594212698191,17.4343786656857,2.));
#7507=CARTESIAN_POINT('Ctrl Pts',(-17.5594212698191,17.4343786656857,2.));
#7508=CARTESIAN_POINT('Ctrl Pts',(-17.5594212698191,17.4343786656857,1.));
#7509=CARTESIAN_POINT('Ctrl Pts',(-17.4221428322047,17.3352996528149,2.));
#7510=CARTESIAN_POINT('Ctrl Pts',(-17.4221428322047,17.3352996528149,1.));
#7511=CARTESIAN_POINT('Ctrl Pts',(-17.2597964691371,17.3352996528149,2.));
#7512=CARTESIAN_POINT('Ctrl Pts',(-17.2597964691371,17.3352996528149,1.));
#7513=CARTESIAN_POINT('',(-17.2597964691371,17.3352996528149,2.));
#7514=CARTESIAN_POINT('Ctrl Pts',(-17.2597964691371,17.3352996528149,2.));
#7515=CARTESIAN_POINT('Ctrl Pts',(-17.2597964691371,17.3352996528149,1.));
#7516=CARTESIAN_POINT('Ctrl Pts',(-17.0950623439997,17.3352996528149,2.));
#7517=CARTESIAN_POINT('Ctrl Pts',(-17.0950623439997,17.3352996528149,1.));
#7518=CARTESIAN_POINT('Ctrl Pts',(-16.9721086906642,17.4307974696159,2.));
#7519=CARTESIAN_POINT('Ctrl Pts',(-16.9721086906642,17.4307974696159,1.));
#7520=CARTESIAN_POINT('',(-16.9721086906642,17.4307974696159,2.));
#7521=CARTESIAN_POINT('Ctrl Pts',(-16.9721086906642,17.4307974696159,2.));
#7522=CARTESIAN_POINT('Ctrl Pts',(-16.9721086906642,17.4307974696159,1.));
#7523=CARTESIAN_POINT('Ctrl Pts',(-16.8491550373286,17.5262954354286,2.));
#7524=CARTESIAN_POINT('Ctrl Pts',(-16.8491550373286,17.5262954354286,1.));
#7525=CARTESIAN_POINT('Ctrl Pts',(-16.7655943917483,17.7459407866001,2.));
#7526=CARTESIAN_POINT('Ctrl Pts',(-16.7655943917483,17.7459407866001,1.));
#7527=CARTESIAN_POINT('',(-16.7655943917483,17.7459407866001,2.));
#7528=CARTESIAN_POINT('Ctrl Pts',(-16.7655943917483,17.7459407866001,2.));
#7529=CARTESIAN_POINT('Ctrl Pts',(-16.7655943917483,17.7459407866001,1.));
#7530=CARTESIAN_POINT('Ctrl Pts',(-16.7106830167025,17.8868002712727,2.));
#7531=CARTESIAN_POINT('Ctrl Pts',(-16.7106830167025,17.8868002712727,1.));
#7532=CARTESIAN_POINT('Ctrl Pts',(-16.5948917555064,18.3690648794174,2.));
#7533=CARTESIAN_POINT('Ctrl Pts',(-16.5948917555064,18.3690648794174,1.));
#7534=CARTESIAN_POINT('',(-16.5948917555064,18.3690648794174,2.));
#7535=CARTESIAN_POINT('Ctrl Pts',(-16.5948917555064,18.3690648794174,2.));
#7536=CARTESIAN_POINT('Ctrl Pts',(-16.5948917555064,18.3690648794174,1.));
#7537=CARTESIAN_POINT('Ctrl Pts',(-16.4791004943103,18.8513296365738,2.));
#7538=CARTESIAN_POINT('Ctrl Pts',(-16.4791004943103,18.8513296365738,1.));
#7539=CARTESIAN_POINT('Ctrl Pts',(-16.3764401363581,19.0447129577398,2.));
#7540=CARTESIAN_POINT('Ctrl Pts',(-16.3764401363581,19.0447129577398,1.));
#7541=CARTESIAN_POINT('',(-16.3764401363581,19.0447129577398,2.));
#7542=CARTESIAN_POINT('Ctrl Pts',(-16.3764401363581,19.0447129577398,2.));
#7543=CARTESIAN_POINT('Ctrl Pts',(-16.3764401363581,19.0447129577398,1.));
#7544=CARTESIAN_POINT('Ctrl Pts',(-16.2451305078715,19.2953950434923,2.));
#7545=CARTESIAN_POINT('Ctrl Pts',(-16.2451305078715,19.2953950434923,1.));
#7546=CARTESIAN_POINT('Ctrl Pts',(-16.0505533801764,19.4183486968279,2.));
#7547=CARTESIAN_POINT('Ctrl Pts',(-16.0505533801764,19.4183486968279,1.));
#7548=CARTESIAN_POINT('',(-16.0505533801764,19.4183486968279,2.));
#7549=CARTESIAN_POINT('Ctrl Pts',(-16.0505533801764,19.4183486968279,2.));
#7550=CARTESIAN_POINT('Ctrl Pts',(-16.0505533801764,19.4183486968279,1.));
#7551=CARTESIAN_POINT('Ctrl Pts',(-15.8559764014929,19.5413022756577,2.));
#7552=CARTESIAN_POINT('Ctrl Pts',(-15.8559764014929,19.5413022756577,1.));
#7553=CARTESIAN_POINT('Ctrl Pts',(-15.6148441719264,19.5413022756577,2.));
#7554=CARTESIAN_POINT('Ctrl Pts',(-15.6148441719264,19.5413022756577,1.));
#7555=CARTESIAN_POINT('',(-15.6148441719264,19.5413022756577,2.));
#7556=CARTESIAN_POINT('Ctrl Pts',(-15.6148441719264,19.5413022756577,2.));
#7557=CARTESIAN_POINT('Ctrl Pts',(-15.6148441719264,19.5413022756577,1.));
#7558=CARTESIAN_POINT('Ctrl Pts',(-15.3498374509066,19.5413022756577,2.));
#7559=CARTESIAN_POINT('Ctrl Pts',(-15.3498374509066,19.5413022756577,1.));
#7560=CARTESIAN_POINT('Ctrl Pts',(-15.119448511526,19.390893009305,2.));
#7561=CARTESIAN_POINT('Ctrl Pts',(-15.119448511526,19.390893009305,1.));
#7562=CARTESIAN_POINT('',(-15.119448511526,19.390893009305,2.));
#7563=CARTESIAN_POINT('Ctrl Pts',(-15.119448511526,19.390893009305,2.));
#7564=CARTESIAN_POINT('Ctrl Pts',(-15.119448511526,19.390893009305,1.));
#7565=CARTESIAN_POINT('Ctrl Pts',(-14.8890598701686,19.2404837429524,2.));
#7566=CARTESIAN_POINT('Ctrl Pts',(-14.8890598701686,19.2404837429524,1.));
#7567=CARTESIAN_POINT('Ctrl Pts',(-14.7696872638911,18.9516024559736,2.));
#7568=CARTESIAN_POINT('Ctrl Pts',(-14.7696872638911,18.9516024559736,1.));
#7569=CARTESIAN_POINT('',(-14.7696872638911,18.9516024559736,2.));
#7570=CARTESIAN_POINT('Ctrl Pts',(-14.7696872638911,18.9516024559736,2.));
#7571=CARTESIAN_POINT('Ctrl Pts',(-14.7696872638911,18.9516024559736,1.));
#7572=CARTESIAN_POINT('Ctrl Pts',(-14.6503149556369,18.6627211689949,2.));
#7573=CARTESIAN_POINT('Ctrl Pts',(-14.6503149556369,18.6627211689949,1.));
#7574=CARTESIAN_POINT('Ctrl Pts',(-14.6503149556369,18.3093787252903,2.));
#7575=CARTESIAN_POINT('Ctrl Pts',(-14.6503149556369,18.3093787252903,1.));
#7576=CARTESIAN_POINT('',(-14.6503149556369,18.3093787252903,2.));
#7577=CARTESIAN_POINT('Ctrl Pts',(-14.6503149556369,18.3093787252903,2.));
#7578=CARTESIAN_POINT('Ctrl Pts',(-14.6503149556369,18.3093787252903,1.));
#7579=CARTESIAN_POINT('Ctrl Pts',(-14.6503149556369,17.9202244699001,2.));
#7580=CARTESIAN_POINT('Ctrl Pts',(-14.6503149556369,17.9202244699001,1.));
#7581=CARTESIAN_POINT('Ctrl Pts',(-14.7756560730189,17.6229871332645,2.));
#7582=CARTESIAN_POINT('Ctrl Pts',(-14.7756560730189,17.6229871332645,1.));
#7583=CARTESIAN_POINT('',(-14.7756560730189,17.6229871332645,2.));
#7584=CARTESIAN_POINT('Ctrl Pts',(-14.7756560730189,17.6229871332645,2.));
#7585=CARTESIAN_POINT('Ctrl Pts',(-14.7756560730189,17.6229871332645,1.));
#7586=CARTESIAN_POINT('Ctrl Pts',(-14.9009968923777,17.325749796629,2.));
#7587=CARTESIAN_POINT('Ctrl Pts',(-14.9009968923777,17.325749796629,1.));
#7588=CARTESIAN_POINT('Ctrl Pts',(-15.1445167350024,17.1657908976078,2.));
#7589=CARTESIAN_POINT('Ctrl Pts',(-15.1445167350024,17.1657908976078,0.999999999999998));
#7590=CARTESIAN_POINT('',(-15.1445167350024,17.1657908976078,2.));
#7591=CARTESIAN_POINT('Ctrl Pts',(-15.1445167350024,17.1657908976078,2.));
#7592=CARTESIAN_POINT('Ctrl Pts',(-15.1445167350024,17.1657908976078,0.999999999999998));
#7593=CARTESIAN_POINT('Ctrl Pts',(-15.3880365776271,17.0058317005634,2.));
#7594=CARTESIAN_POINT('Ctrl Pts',(-15.3880365776271,17.0058317005634,0.999999999999998));
#7595=CARTESIAN_POINT('Ctrl Pts',(-15.6960173534602,16.9938946783543,2.));
#7596=CARTESIAN_POINT('Ctrl Pts',(-15.6960173534602,16.9938946783543,0.999999999999998));
#7597=CARTESIAN_POINT('',(-15.6960173534602,16.9938946783543,2.));
#7598=CARTESIAN_POINT('Origin',(-15.6960173534602,16.9938946783543,2.));
#7599=CARTESIAN_POINT('',(-15.7294417010993,17.4379598617554,2.));
#7600=CARTESIAN_POINT('Ctrl Pts',(-15.7294417010993,17.4379598617554,2.));
#7601=CARTESIAN_POINT('Ctrl Pts',(-15.7294417010993,17.4379598617554,1.));
#7602=CARTESIAN_POINT('Ctrl Pts',(-15.397586433813,17.4737716734409,2.));
#7603=CARTESIAN_POINT('Ctrl Pts',(-15.397586433813,17.4737716734409,1.));
#7604=CARTESIAN_POINT('Ctrl Pts',(-15.2280773805827,17.6802859723568,2.));
#7605=CARTESIAN_POINT('Ctrl Pts',(-15.2280773805827,17.6802859723568,1.));
#7606=CARTESIAN_POINT('',(-15.2280773805827,17.6802859723568,2.));
#7607=CARTESIAN_POINT('Ctrl Pts',(-15.2280773805827,17.6802859723568,2.));
#7608=CARTESIAN_POINT('Ctrl Pts',(-15.2280773805827,17.6802859723568,1.));
#7609=CARTESIAN_POINT('Ctrl Pts',(-15.0585686253756,17.8868002712727,2.));
#7610=CARTESIAN_POINT('Ctrl Pts',(-15.0585686253756,17.8868002712727,1.));
#7611=CARTESIAN_POINT('Ctrl Pts',(-15.0585686253756,18.2902790129185,2.));
#7612=CARTESIAN_POINT('Ctrl Pts',(-15.0585686253756,18.2902790129185,1.));
#7613=CARTESIAN_POINT('',(-15.0585686253756,18.2902790129185,2.));
#7614=CARTESIAN_POINT('Ctrl Pts',(-15.0585686253756,18.2902790129185,2.));
#7615=CARTESIAN_POINT('Ctrl Pts',(-15.0585686253756,18.2902790129185,1.));
#7616=CARTESIAN_POINT('Ctrl Pts',(-15.0585686253756,18.7104701519012,2.));
#7617=CARTESIAN_POINT('Ctrl Pts',(-15.0585686253756,18.7104701519012,1.));
#7618=CARTESIAN_POINT('Ctrl Pts',(-15.2125590132922,18.902659741044,2.));
#7619=CARTESIAN_POINT('Ctrl Pts',(-15.2125590132922,18.902659741044,1.));
#7620=CARTESIAN_POINT('',(-15.2125590132922,18.902659741044,2.));
#7621=CARTESIAN_POINT('Ctrl Pts',(-15.2125590132922,18.902659741044,2.));
#7622=CARTESIAN_POINT('Ctrl Pts',(-15.2125590132922,18.902659741044,1.));
#7623=CARTESIAN_POINT('Ctrl Pts',(-15.3665494012088,19.0948494046927,2.));
#7624=CARTESIAN_POINT('Ctrl Pts',(-15.3665494012088,19.0948494046927,1.));
#7625=CARTESIAN_POINT('Ctrl Pts',(-15.5838074373454,19.0948494046927,2.));
#7626=CARTESIAN_POINT('Ctrl Pts',(-15.5838074373454,19.0948494046927,1.));
#7627=CARTESIAN_POINT('',(-15.5838074373454,19.0948494046927,2.));
#7628=CARTESIAN_POINT('Ctrl Pts',(-15.5838074373454,19.0948494046927,2.));
#7629=CARTESIAN_POINT('Ctrl Pts',(-15.5838074373454,19.0948494046927,1.));
#7630=CARTESIAN_POINT('Ctrl Pts',(-15.772415606901,19.0948494046927,2.));
#7631=CARTESIAN_POINT('Ctrl Pts',(-15.772415606901,19.0948494046927,1.));
#7632=CARTESIAN_POINT('Ctrl Pts',(-15.8941755282134,18.9587648481131,2.));
#7633=CARTESIAN_POINT('Ctrl Pts',(-15.8941755282134,18.9587648481131,1.));
#7634=CARTESIAN_POINT('',(-15.8941755282134,18.9587648481131,2.));
#7635=CARTESIAN_POINT('Ctrl Pts',(-15.8941755282134,18.9587648481131,2.));
#7636=CARTESIAN_POINT('Ctrl Pts',(-15.8941755282134,18.9587648481131,1.));
#7637=CARTESIAN_POINT('Ctrl Pts',(-16.0159354495257,18.8250676810741,2.));
#7638=CARTESIAN_POINT('Ctrl Pts',(-16.0159354495257,18.8250676810741,1.));
#7639=CARTESIAN_POINT('Ctrl Pts',(-16.1436638819426,18.2604360103607,2.));
#7640=CARTESIAN_POINT('Ctrl Pts',(-16.1436638819426,18.2604360103607,1.));
#7641=CARTESIAN_POINT('',(-16.1436638819426,18.2604360103607,2.));
#7642=CARTESIAN_POINT('Ctrl Pts',(-16.1436638819426,18.2604360103607,2.));
#7643=CARTESIAN_POINT('Ctrl Pts',(-16.1436638819426,18.2604360103607,1.));
#7644=CARTESIAN_POINT('Ctrl Pts',(-16.2713924633712,17.6958043396473,2.));
#7645=CARTESIAN_POINT('Ctrl Pts',(-16.2713924633712,17.6958043396473,1.));
#7646=CARTESIAN_POINT('Ctrl Pts',(-16.3668902801722,17.4857088446617,2.));
#7647=CARTESIAN_POINT('Ctrl Pts',(-16.3668902801722,17.4857088446617,1.));
#7648=CARTESIAN_POINT('',(-16.3668902801722,17.4857088446617,2.));
#7649=CARTESIAN_POINT('Ctrl Pts',(-16.3668902801722,17.4857088446617,2.));
#7650=CARTESIAN_POINT('Ctrl Pts',(-16.3668902801722,17.4857088446617,1.));
#7651=CARTESIAN_POINT('Ctrl Pts',(-16.5077497648448,17.1801153838635,2.));
#7652=CARTESIAN_POINT('Ctrl Pts',(-16.5077497648448,17.1801153838635,1.));
#7653=CARTESIAN_POINT('Ctrl Pts',(-16.7238139199465,17.0344812691212,2.));
#7654=CARTESIAN_POINT('Ctrl Pts',(-16.7238139199465,17.0344812691212,0.999999999999998));
#7655=CARTESIAN_POINT('',(-16.7238139199465,17.0344812691212,2.));
#7656=CARTESIAN_POINT('Ctrl Pts',(-16.7238139199465,17.0344812691212,2.));
#7657=CARTESIAN_POINT('Ctrl Pts',(-16.7238139199465,17.0344812691212,0.999999999999998));
#7658=CARTESIAN_POINT('Ctrl Pts',(-16.9398780750483,16.8888468563557,2.));
#7659=CARTESIAN_POINT('Ctrl Pts',(-16.9398780750483,16.8888468563557,0.999999999999998));
#7660=CARTESIAN_POINT('Ctrl Pts',(-17.2215970443934,16.8888468563557,2.));
#7661=CARTESIAN_POINT('Ctrl Pts',(-17.2215970443934,16.8888468563557,0.999999999999998));
#7662=CARTESIAN_POINT('',(-17.2215970443934,16.8888468563557,2.));
#7663=CARTESIAN_POINT('Ctrl Pts',(-17.2215970443934,16.8888468563557,2.));
#7664=CARTESIAN_POINT('Ctrl Pts',(-17.2215970443934,16.8888468563557,0.999999999999998));
#7665=CARTESIAN_POINT('Ctrl Pts',(-17.500928549692,16.8888468563557,2.));
#7666=CARTESIAN_POINT('Ctrl Pts',(-17.500928549692,16.8888468563557,0.999999999999998));
#7667=CARTESIAN_POINT('Ctrl Pts',(-17.7480294393748,17.0488057553768,2.));
#7668=CARTESIAN_POINT('Ctrl Pts',(-17.7480294393748,17.0488057553768,0.999999999999998));
#7669=CARTESIAN_POINT('',(-17.7480294393748,17.0488057553768,2.));
#7670=CARTESIAN_POINT('Ctrl Pts',(-17.7480294393748,17.0488057553768,2.));
#7671=CARTESIAN_POINT('Ctrl Pts',(-17.7480294393748,17.0488057553768,0.999999999999998));
#7672=CARTESIAN_POINT('Ctrl Pts',(-17.9951306270808,17.2087649524212,2.));
#7673=CARTESIAN_POINT('Ctrl Pts',(-17.9951306270808,17.2087649524212,1.));
#7674=CARTESIAN_POINT('Ctrl Pts',(-18.132408766672,17.5083896040916,2.));
#7675=CARTESIAN_POINT('Ctrl Pts',(-18.132408766672,17.5083896040916,1.));
#7676=CARTESIAN_POINT('',(-18.132408766672,17.5083896040916,2.));
#7677=CARTESIAN_POINT('Ctrl Pts',(-18.132408766672,17.5083896040916,2.));
#7678=CARTESIAN_POINT('Ctrl Pts',(-18.132408766672,17.5083896040916,1.));
#7679=CARTESIAN_POINT('Ctrl Pts',(-18.2696872042865,17.8080144047737,2.));
#7680=CARTESIAN_POINT('Ctrl Pts',(-18.2696872042865,17.8080144047737,1.));
#7681=CARTESIAN_POINT('Ctrl Pts',(-18.2696872042865,18.182843875885,2.));
#7682=CARTESIAN_POINT('Ctrl Pts',(-18.2696872042865,18.182843875885,1.));
#7683=CARTESIAN_POINT('',(-18.2696872042865,18.182843875885,2.));
#7684=CARTESIAN_POINT('Ctrl Pts',(-18.2696872042865,18.182843875885,2.));
#7685=CARTESIAN_POINT('Ctrl Pts',(-18.2696872042865,18.182843875885,1.));
#7686=CARTESIAN_POINT('Ctrl Pts',(-18.2696872042865,18.6579462409019,2.));
#7687=CARTESIAN_POINT('Ctrl Pts',(-18.2696872042865,18.6579462409019,1.));
#7688=CARTESIAN_POINT('Ctrl Pts',(-18.1312151836604,18.9790581434965,2.));
#7689=CARTESIAN_POINT('Ctrl Pts',(-18.1312151836604,18.9790581434965,1.));
#7690=CARTESIAN_POINT('',(-18.1312151836604,18.9790581434965,2.));
#7691=CARTESIAN_POINT('Ctrl Pts',(-18.1312151836604,18.9790581434965,2.));
#7692=CARTESIAN_POINT('Ctrl Pts',(-18.1312151836604,18.9790581434965,1.));
#7693=CARTESIAN_POINT('Ctrl Pts',(-17.9927431630343,19.3001699715853,2.));
#7694=CARTESIAN_POINT('Ctrl Pts',(-17.9927431630343,19.3001699715853,1.));
#7695=CARTESIAN_POINT('Ctrl Pts',(-17.7146052407473,19.482809779048,2.));
#7696=CARTESIAN_POINT('Ctrl Pts',(-17.7146052407473,19.482809779048,1.));
#7697=CARTESIAN_POINT('Origin',(-16.4600010799617,12.3515005957335,1.));
#7698=CARTESIAN_POINT('',(-14.6956761764735,5.02800176739693,1.));
#7699=CARTESIAN_POINT('',(-18.2100009011477,5.02800176739694,1.));
#7700=CARTESIAN_POINT('',(-14.6956761764735,5.02800176739693,1.));
#7701=CARTESIAN_POINT('',(-14.6956761764735,5.30494521260262,1.));
#7702=CARTESIAN_POINT('',(-14.6956761764735,5.30494521260262,1.));
#7703=CARTESIAN_POINT('',(-15.163616149351,5.68693707585335,1.));
#7704=CARTESIAN_POINT('Ctrl Pts',(-15.163616149351,5.68693707585335,1.));
#7705=CARTESIAN_POINT('Ctrl Pts',(-14.9224837707728,5.41715572476388,1.));
#7706=CARTESIAN_POINT('Ctrl Pts',(-14.6956761764735,5.30494521260262,1.));
#7707=CARTESIAN_POINT('',(-15.5742572831362,6.31722400784493,1.));
#7708=CARTESIAN_POINT('Ctrl Pts',(-15.5742572831362,6.31722400784493,1.));
#7709=CARTESIAN_POINT('Ctrl Pts',(-15.4047485279292,5.95671961903573,1.));
#7710=CARTESIAN_POINT('Ctrl Pts',(-15.163616149351,5.68693707585335,1.));
#7711=CARTESIAN_POINT('',(-15.9896733450145,6.31722400784493,1.));
#7712=CARTESIAN_POINT('',(-15.9896733450145,6.31722400784493,1.));
#7713=CARTESIAN_POINT('',(-15.7676406788081,5.8648021042347,1.));
#7714=CARTESIAN_POINT('Ctrl Pts',(-15.7676406788081,5.8648021042347,1.));
#7715=CARTESIAN_POINT('Ctrl Pts',(-15.9156625556201,6.11667822003365,1.));
#7716=CARTESIAN_POINT('Ctrl Pts',(-15.9896733450145,6.31722400784493,1.));
#7717=CARTESIAN_POINT('',(-15.4715969251841,5.45774291157723,1.));
#7718=CARTESIAN_POINT('Ctrl Pts',(-15.4715969251841,5.45774291157723,1.));
#7719=CARTESIAN_POINT('Ctrl Pts',(-15.6196188019961,5.61292598843575,1.));
#7720=CARTESIAN_POINT('Ctrl Pts',(-15.7676406788081,5.8648021042347,1.));
#7721=CARTESIAN_POINT('',(-18.2100009011477,5.45774291157723,1.));
#7722=CARTESIAN_POINT('',(-18.2100009011477,5.45774291157723,1.));
#7723=CARTESIAN_POINT('',(-18.2100009011477,5.02800176739694,1.));
#7724=CARTESIAN_POINT('Origin',(-14.6956761764735,5.02800176739693,2.));
#7725=CARTESIAN_POINT('',(-14.6956761764735,5.02800176739693,2.));
#7726=CARTESIAN_POINT('',(-18.2100009011477,5.02800176739694,2.));
#7727=CARTESIAN_POINT('Origin',(-18.2100009011477,5.02800176739694,2.));
#7728=CARTESIAN_POINT('',(-18.2100009011477,5.45774291157723,2.));
#7729=CARTESIAN_POINT('Origin',(-18.2100009011477,5.45774291157723,2.));
#7730=CARTESIAN_POINT('',(-15.4715969251841,5.45774291157723,2.));
#7731=CARTESIAN_POINT('Ctrl Pts',(-15.4715969251841,5.45774291157723,2.));
#7732=CARTESIAN_POINT('Ctrl Pts',(-15.4715969251841,5.45774291157723,0.999999999999998));
#7733=CARTESIAN_POINT('Ctrl Pts',(-15.6196188019961,5.61292598843575,2.));
#7734=CARTESIAN_POINT('Ctrl Pts',(-15.6196188019961,5.61292598843575,0.999999999999998));
#7735=CARTESIAN_POINT('Ctrl Pts',(-15.7676406788081,5.8648021042347,2.));
#7736=CARTESIAN_POINT('Ctrl Pts',(-15.7676406788081,5.8648021042347,0.999999999999998));
#7737=CARTESIAN_POINT('',(-15.7676406788081,5.8648021042347,2.));
#7738=CARTESIAN_POINT('Ctrl Pts',(-15.7676406788081,5.8648021042347,2.));
#7739=CARTESIAN_POINT('Ctrl Pts',(-15.7676406788081,5.8648021042347,0.999999999999998));
#7740=CARTESIAN_POINT('Ctrl Pts',(-15.9156625556201,6.11667822003365,2.));
#7741=CARTESIAN_POINT('Ctrl Pts',(-15.9156625556201,6.11667822003365,0.999999999999998));
#7742=CARTESIAN_POINT('Ctrl Pts',(-15.9896733450145,6.31722400784493,2.));
#7743=CARTESIAN_POINT('Ctrl Pts',(-15.9896733450145,6.31722400784493,0.999999999999998));
#7744=CARTESIAN_POINT('',(-15.9896733450145,6.31722400784493,2.));
#7745=CARTESIAN_POINT('Origin',(-15.9896733450145,6.31722400784493,2.));
#7746=CARTESIAN_POINT('',(-15.5742572831362,6.31722400784493,2.));
#7747=CARTESIAN_POINT('Ctrl Pts',(-15.5742572831362,6.31722400784493,2.));
#7748=CARTESIAN_POINT('Ctrl Pts',(-15.5742572831362,6.31722400784493,0.999999999999998));
#7749=CARTESIAN_POINT('Ctrl Pts',(-15.4047485279292,5.95671961903573,2.));
#7750=CARTESIAN_POINT('Ctrl Pts',(-15.4047485279292,5.95671961903573,0.999999999999998));
#7751=CARTESIAN_POINT('Ctrl Pts',(-15.163616149351,5.68693707585335,2.));
#7752=CARTESIAN_POINT('Ctrl Pts',(-15.163616149351,5.68693707585335,0.999999999999998));
#7753=CARTESIAN_POINT('',(-15.163616149351,5.68693707585335,2.));
#7754=CARTESIAN_POINT('Ctrl Pts',(-15.163616149351,5.68693707585335,2.));
#7755=CARTESIAN_POINT('Ctrl Pts',(-15.163616149351,5.68693707585335,0.999999999999998));
#7756=CARTESIAN_POINT('Ctrl Pts',(-14.9224837707728,5.41715572476388,2.));
#7757=CARTESIAN_POINT('Ctrl Pts',(-14.9224837707728,5.41715572476388,0.999999999999998));
#7758=CARTESIAN_POINT('Ctrl Pts',(-14.6956761764735,5.30494521260262,2.));
#7759=CARTESIAN_POINT('Ctrl Pts',(-14.6956761764735,5.30494521260262,0.999999999999998));
#7760=CARTESIAN_POINT('',(-14.6956761764735,5.30494521260262,2.));
#7761=CARTESIAN_POINT('Origin',(-14.6956761764735,5.30494521260262,2.));
#7762=CARTESIAN_POINT('Origin',(-16.4600010799617,12.3515005957335,1.));
#7763=CARTESIAN_POINT('',(-18.2100009011477,7.55869815945626,1.));
#7764=CARTESIAN_POINT('',(-18.2100009011477,7.98843811154367,1.));
#7765=CARTESIAN_POINT('',(-18.2100009011477,7.55869815945626,1.));
#7766=CARTESIAN_POINT('',(-17.3720063852519,7.55869815945626,1.));
#7767=CARTESIAN_POINT('',(-17.3720063852519,7.55869815945626,1.));
#7768=CARTESIAN_POINT('',(-17.3720063852519,7.0859832584858,1.));
#7769=CARTESIAN_POINT('',(-17.3720063852519,7.0859832584858,1.));
#7770=CARTESIAN_POINT('',(-16.978077499792,7.0859832584858,1.));
#7771=CARTESIAN_POINT('',(-16.978077499792,7.0859832584858,1.));
#7772=CARTESIAN_POINT('',(-16.978077499792,7.55869815945626,1.));
#7773=CARTESIAN_POINT('',(-16.978077499792,7.55869815945626,1.));
#7774=CARTESIAN_POINT('',(-14.7100009607524,7.55869815945626,1.));
#7775=CARTESIAN_POINT('',(-14.7100009607524,7.55869815945626,1.));
#7776=CARTESIAN_POINT('',(-14.7100009607524,7.90965269207955,1.));
#7777=CARTESIAN_POINT('',(-14.7100009607524,7.90965269207955,1.));
#7778=CARTESIAN_POINT('',(-16.978077499792,9.50685570836068,1.));
#7779=CARTESIAN_POINT('',(-16.978077499792,9.50685570836068,1.));
#7780=CARTESIAN_POINT('',(-17.3720063852519,9.50685570836068,1.));
#7781=CARTESIAN_POINT('',(-17.3720063852519,9.50685570836068,1.));
#7782=CARTESIAN_POINT('',(-17.3720063852519,7.98843811154366,1.));
#7783=CARTESIAN_POINT('',(-17.3720063852519,7.98843811154366,1.));
#7784=CARTESIAN_POINT('',(-18.2100009011477,7.98843811154367,1.));
#7785=CARTESIAN_POINT('',(-16.978077499792,9.08427785038949,1.));
#7786=CARTESIAN_POINT('',(-16.978077499792,7.98843811154366,1.));
#7787=CARTESIAN_POINT('',(-16.978077499792,9.08427785038949,1.));
#7788=CARTESIAN_POINT('',(-15.3999735998362,7.98843811154366,1.));
#7789=CARTESIAN_POINT('',(-15.3999735998362,7.98843811154366,1.));
#7790=CARTESIAN_POINT('',(-16.978077499792,7.98843811154366,1.));
#7791=CARTESIAN_POINT('Origin',(-18.2100009011477,7.55869815945626,2.));
#7792=CARTESIAN_POINT('',(-18.2100009011477,7.55869815945626,2.));
#7793=CARTESIAN_POINT('',(-18.2100009011477,7.98843811154367,2.));
#7794=CARTESIAN_POINT('Origin',(-18.2100009011477,7.98843811154367,2.));
#7795=CARTESIAN_POINT('',(-17.3720063852519,7.98843811154366,2.));
#7796=CARTESIAN_POINT('Origin',(-17.3720063852519,7.98843811154366,2.));
#7797=CARTESIAN_POINT('',(-17.3720063852519,9.50685570836068,2.));
#7798=CARTESIAN_POINT('Origin',(-17.3720063852519,9.50685570836068,2.));
#7799=CARTESIAN_POINT('',(-16.978077499792,9.50685570836068,2.));
#7800=CARTESIAN_POINT('Origin',(-16.978077499792,9.50685570836068,2.));
#7801=CARTESIAN_POINT('',(-14.7100009607524,7.90965269207955,2.));
#7802=CARTESIAN_POINT('Origin',(-14.7100009607524,7.90965269207955,2.));
#7803=CARTESIAN_POINT('',(-14.7100009607524,7.55869815945626,2.));
#7804=CARTESIAN_POINT('Origin',(-14.7100009607524,7.55869815945626,2.));
#7805=CARTESIAN_POINT('',(-16.978077499792,7.55869815945626,2.));
#7806=CARTESIAN_POINT('Origin',(-16.978077499792,7.55869815945626,2.));
#7807=CARTESIAN_POINT('',(-16.978077499792,7.0859832584858,2.));
#7808=CARTESIAN_POINT('Origin',(-16.978077499792,7.0859832584858,2.));
#7809=CARTESIAN_POINT('',(-17.3720063852519,7.0859832584858,2.));
#7810=CARTESIAN_POINT('Origin',(-17.3720063852519,7.0859832584858,2.));
#7811=CARTESIAN_POINT('',(-17.3720063852519,7.55869815945626,2.));
#7812=CARTESIAN_POINT('Origin',(-17.3720063852519,7.55869815945626,2.));
#7813=CARTESIAN_POINT('Origin',(-16.978077499792,9.08427785038949,2.));
#7814=CARTESIAN_POINT('',(-16.978077499792,9.08427785038949,2.));
#7815=CARTESIAN_POINT('',(-16.978077499792,7.98843811154366,2.));
#7816=CARTESIAN_POINT('Origin',(-16.978077499792,7.98843811154366,2.));
#7817=CARTESIAN_POINT('',(-15.3999735998362,7.98843811154366,2.));
#7818=CARTESIAN_POINT('Origin',(-15.3999735998362,7.98843811154366,2.));
#7819=CARTESIAN_POINT('Origin',(-16.4600010799617,12.3515005957335,1.));
#7820=CARTESIAN_POINT('',(-18.2100009011477,11.9898016273975,1.));
#7821=CARTESIAN_POINT('',(-18.2100009011477,12.4529666721821,1.));
#7822=CARTESIAN_POINT('',(-18.2100009011477,11.9898016273975,1.));
#7823=CARTESIAN_POINT('',(-16.7870815681666,11.9898016273975,1.));
#7824=CARTESIAN_POINT('',(-16.7870815681666,11.9898016273975,1.));
#7825=CARTESIAN_POINT('',(-16.7870815681666,11.0921211063862,1.));
#7826=CARTESIAN_POINT('',(-16.7870815681666,11.0921211063862,1.));
#7827=CARTESIAN_POINT('',(-16.4779069112986,10.0655181229115,1.));
#7828=CARTESIAN_POINT('Ctrl Pts',(-16.4779069112986,10.0655181229115,1.));
#7829=CARTESIAN_POINT('Ctrl Pts',(-16.7870815681666,10.3496242582798,1.));
#7830=CARTESIAN_POINT('Ctrl Pts',(-16.7870815681666,11.0921211063862,1.));
#7831=CARTESIAN_POINT('',(-15.7222793089598,9.78141139149667,1.));
#7832=CARTESIAN_POINT('Ctrl Pts',(-15.7222793089598,9.78141139149667,1.));
#7833=CARTESIAN_POINT('Ctrl Pts',(-16.1687322544306,9.78141139149667,1.));
#7834=CARTESIAN_POINT('Ctrl Pts',(-16.4779069112986,10.0655181229115,1.));
#7835=CARTESIAN_POINT('',(-15.244789628908,9.88765309453011,1.));
#7836=CARTESIAN_POINT('Ctrl Pts',(-15.244789628908,9.88765309453011,1.));
#7837=CARTESIAN_POINT('Ctrl Pts',(-15.4620473670214,9.78141139149667,1.));
#7838=CARTESIAN_POINT('Ctrl Pts',(-15.7222793089598,9.78141139149667,1.));
#7839=CARTESIAN_POINT('',(-14.9069654034823,10.1681781828404,1.));
#7840=CARTESIAN_POINT('Ctrl Pts',(-14.9069654034823,10.1681781828404,1.));
#7841=CARTESIAN_POINT('Ctrl Pts',(-15.0275315927714,9.99389420151711,1.));
#7842=CARTESIAN_POINT('Ctrl Pts',(-15.244789628908,9.88765309453011,1.));
#7843=CARTESIAN_POINT('',(-14.7434251593798,10.6003064930439,1.));
#7844=CARTESIAN_POINT('Ctrl Pts',(-14.7434251593798,10.6003064930439,1.));
#7845=CARTESIAN_POINT('Ctrl Pts',(-14.7863995122164,10.3424615681172,1.));
#7846=CARTESIAN_POINT('Ctrl Pts',(-14.9069654034823,10.1681781828404,1.));
#7847=CARTESIAN_POINT('',(-14.7100009607524,11.1327071011066,1.));
#7848=CARTESIAN_POINT('Ctrl Pts',(-14.7100009607524,11.1327071011066,1.));
#7849=CARTESIAN_POINT('Ctrl Pts',(-14.7100009607524,10.7841397345066,1.));
#7850=CARTESIAN_POINT('Ctrl Pts',(-14.7434251593798,10.6003064930439,1.));
#7851=CARTESIAN_POINT('',(-14.7100009607524,12.4529666721821,1.));
#7852=CARTESIAN_POINT('',(-14.7100009607524,12.4529666721821,1.));
#7853=CARTESIAN_POINT('',(-18.2100009011477,12.4529666721821,1.));
#7854=CARTESIAN_POINT('',(-15.1230295585841,11.9898016273975,1.));
#7855=CARTESIAN_POINT('',(-16.3740529703349,11.9898016273975,1.));
#7856=CARTESIAN_POINT('',(-15.1230295585841,11.9898016273975,1.));
#7857=CARTESIAN_POINT('',(-15.1230295585841,11.0945082724094,1.));
#7858=CARTESIAN_POINT('',(-15.1230295585841,11.0945082724094,1.));
#7859=CARTESIAN_POINT('',(-15.1540665911883,10.6623799622059,1.));
#7860=CARTESIAN_POINT('Ctrl Pts',(-15.1540665911883,10.6623799622059,1.));
#7861=CARTESIAN_POINT('Ctrl Pts',(-15.1230295585841,10.7793648064136,1.));
#7862=CARTESIAN_POINT('Ctrl Pts',(-15.1230295585841,11.0945082724094,1.));
#7863=CARTESIAN_POINT('',(-15.3605808901042,10.3699178516865,1.));
#7864=CARTESIAN_POINT('Ctrl Pts',(-15.3605808901042,10.3699178516865,1.));
#7865=CARTESIAN_POINT('Ctrl Pts',(-15.2042030381411,10.4809338867664,1.));
#7866=CARTESIAN_POINT('Ctrl Pts',(-15.1540665911883,10.6623799622059,1.));
#7867=CARTESIAN_POINT('',(-15.7366039442271,10.2589012205601,1.));
#7868=CARTESIAN_POINT('Ctrl Pts',(-15.7366039442271,10.2589012205601,1.));
#7869=CARTESIAN_POINT('Ctrl Pts',(-15.5169587420672,10.2589012205601,1.));
#7870=CARTESIAN_POINT('Ctrl Pts',(-15.3605808901042,10.3699178516865,1.));
#7871=CARTESIAN_POINT('',(-16.2069313811511,10.4475093901157,1.));
#7872=CARTESIAN_POINT('Ctrl Pts',(-16.2069313811511,10.4475093901157,1.));
#7873=CARTESIAN_POINT('Ctrl Pts',(-16.0398099409789,10.2589012205601,1.));
#7874=CARTESIAN_POINT('Ctrl Pts',(-15.7366039442271,10.2589012205601,1.));
#7875=CARTESIAN_POINT('',(-16.3740529703349,11.0849584162235,1.));
#7876=CARTESIAN_POINT('Ctrl Pts',(-16.3740529703349,11.0849584162235,1.));
#7877=CARTESIAN_POINT('Ctrl Pts',(-16.3740529703349,10.6361181557178,1.));
#7878=CARTESIAN_POINT('Ctrl Pts',(-16.2069313811511,10.4475093901157,1.));
#7879=CARTESIAN_POINT('',(-16.3740529703349,11.9898016273975,1.));
#7880=CARTESIAN_POINT('Origin',(-18.2100009011477,11.9898016273975,2.));
#7881=CARTESIAN_POINT('',(-18.2100009011477,11.9898016273975,2.));
#7882=CARTESIAN_POINT('',(-18.2100009011477,12.4529666721821,2.));
#7883=CARTESIAN_POINT('Origin',(-18.2100009011477,12.4529666721821,2.));
#7884=CARTESIAN_POINT('',(-14.7100009607524,12.4529666721821,2.));
#7885=CARTESIAN_POINT('Origin',(-14.7100009607524,12.4529666721821,2.));
#7886=CARTESIAN_POINT('',(-14.7100009607524,11.1327071011067,2.));
#7887=CARTESIAN_POINT('Ctrl Pts',(-14.7100009607524,11.1327071011067,2.));
#7888=CARTESIAN_POINT('Ctrl Pts',(-14.7100009607524,11.1327071011067,0.999999999999998));
#7889=CARTESIAN_POINT('Ctrl Pts',(-14.7100009607524,10.7841397345066,2.));
#7890=CARTESIAN_POINT('Ctrl Pts',(-14.7100009607524,10.7841397345066,0.999999999999998));
#7891=CARTESIAN_POINT('Ctrl Pts',(-14.7434251593798,10.6003064930439,2.));
#7892=CARTESIAN_POINT('Ctrl Pts',(-14.7434251593798,10.6003064930439,0.999999999999998));
#7893=CARTESIAN_POINT('',(-14.7434251593798,10.6003064930439,2.));
#7894=CARTESIAN_POINT('Ctrl Pts',(-14.7434251593798,10.6003064930439,2.));
#7895=CARTESIAN_POINT('Ctrl Pts',(-14.7434251593798,10.6003064930439,0.999999999999998));
#7896=CARTESIAN_POINT('Ctrl Pts',(-14.7863995122164,10.3424615681172,2.));
#7897=CARTESIAN_POINT('Ctrl Pts',(-14.7863995122164,10.3424615681172,0.999999999999998));
#7898=CARTESIAN_POINT('Ctrl Pts',(-14.9069654034823,10.1681781828404,2.));
#7899=CARTESIAN_POINT('Ctrl Pts',(-14.9069654034823,10.1681781828404,0.999999999999998));
#7900=CARTESIAN_POINT('',(-14.9069654034823,10.1681781828404,2.));
#7901=CARTESIAN_POINT('Ctrl Pts',(-14.9069654034823,10.1681781828404,2.));
#7902=CARTESIAN_POINT('Ctrl Pts',(-14.9069654034823,10.1681781828404,0.999999999999998));
#7903=CARTESIAN_POINT('Ctrl Pts',(-15.0275315927714,9.99389420151711,2.));
#7904=CARTESIAN_POINT('Ctrl Pts',(-15.0275315927714,9.99389420151711,0.999999999999998));
#7905=CARTESIAN_POINT('Ctrl Pts',(-15.244789628908,9.88765309453011,2.));
#7906=CARTESIAN_POINT('Ctrl Pts',(-15.244789628908,9.88765309453011,0.999999999999998));
#7907=CARTESIAN_POINT('',(-15.244789628908,9.88765309453011,2.));
#7908=CARTESIAN_POINT('Ctrl Pts',(-15.244789628908,9.88765309453011,2.));
#7909=CARTESIAN_POINT('Ctrl Pts',(-15.244789628908,9.88765309453011,0.999999999999998));
#7910=CARTESIAN_POINT('Ctrl Pts',(-15.4620473670214,9.78141139149667,2.));
#7911=CARTESIAN_POINT('Ctrl Pts',(-15.4620473670214,9.78141139149667,0.999999999999998));
#7912=CARTESIAN_POINT('Ctrl Pts',(-15.7222793089598,9.78141139149667,2.));
#7913=CARTESIAN_POINT('Ctrl Pts',(-15.7222793089598,9.78141139149667,0.999999999999998));
#7914=CARTESIAN_POINT('',(-15.7222793089598,9.78141139149667,2.));
#7915=CARTESIAN_POINT('Ctrl Pts',(-15.7222793089598,9.78141139149667,2.));
#7916=CARTESIAN_POINT('Ctrl Pts',(-15.7222793089598,9.78141139149667,0.999999999999998));
#7917=CARTESIAN_POINT('Ctrl Pts',(-16.1687322544306,9.78141139149667,2.));
#7918=CARTESIAN_POINT('Ctrl Pts',(-16.1687322544306,9.78141139149667,0.999999999999998));
#7919=CARTESIAN_POINT('Ctrl Pts',(-16.4779069112986,10.0655181229115,2.));
#7920=CARTESIAN_POINT('Ctrl Pts',(-16.4779069112986,10.0655181229115,0.999999999999998));
#7921=CARTESIAN_POINT('',(-16.4779069112986,10.0655181229115,2.));
#7922=CARTESIAN_POINT('Ctrl Pts',(-16.4779069112986,10.0655181229115,2.));
#7923=CARTESIAN_POINT('Ctrl Pts',(-16.4779069112986,10.0655181229115,0.999999999999998));
#7924=CARTESIAN_POINT('Ctrl Pts',(-16.7870815681666,10.3496242582798,2.));
#7925=CARTESIAN_POINT('Ctrl Pts',(-16.7870815681666,10.3496242582798,0.999999999999998));
#7926=CARTESIAN_POINT('Ctrl Pts',(-16.7870815681666,11.0921211063862,2.));
#7927=CARTESIAN_POINT('Ctrl Pts',(-16.7870815681666,11.0921211063862,0.999999999999998));
#7928=CARTESIAN_POINT('',(-16.7870815681666,11.0921211063862,2.));
#7929=CARTESIAN_POINT('Origin',(-16.7870815681666,11.0921211063862,2.));
#7930=CARTESIAN_POINT('',(-16.7870815681666,11.9898016273975,2.));
#7931=CARTESIAN_POINT('Origin',(-16.7870815681666,11.9898016273975,2.));
#7932=CARTESIAN_POINT('Origin',(-15.1230295585841,11.9898016273975,2.));
#7933=CARTESIAN_POINT('',(-15.1230295585841,11.9898016273975,2.));
#7934=CARTESIAN_POINT('',(-16.3740529703349,11.9898016273975,2.));
#7935=CARTESIAN_POINT('Origin',(-16.3740529703349,11.9898016273975,2.));
#7936=CARTESIAN_POINT('',(-16.3740529703349,11.0849584162235,2.));
#7937=CARTESIAN_POINT('Ctrl Pts',(-16.3740529703349,11.0849584162235,2.));
#7938=CARTESIAN_POINT('Ctrl Pts',(-16.3740529703349,11.0849584162235,0.999999999999998));
#7939=CARTESIAN_POINT('Ctrl Pts',(-16.3740529703349,10.6361181557179,2.));
#7940=CARTESIAN_POINT('Ctrl Pts',(-16.3740529703349,10.6361181557179,0.999999999999998));
#7941=CARTESIAN_POINT('Ctrl Pts',(-16.2069313811511,10.4475093901157,2.));
#7942=CARTESIAN_POINT('Ctrl Pts',(-16.2069313811511,10.4475093901157,0.999999999999998));
#7943=CARTESIAN_POINT('',(-16.2069313811511,10.4475093901157,2.));
#7944=CARTESIAN_POINT('Ctrl Pts',(-16.2069313811511,10.4475093901157,2.));
#7945=CARTESIAN_POINT('Ctrl Pts',(-16.2069313811511,10.4475093901157,0.999999999999998));
#7946=CARTESIAN_POINT('Ctrl Pts',(-16.0398099409789,10.2589012205601,2.));
#7947=CARTESIAN_POINT('Ctrl Pts',(-16.0398099409789,10.2589012205601,0.999999999999998));
#7948=CARTESIAN_POINT('Ctrl Pts',(-15.7366039442271,10.2589012205601,2.));
#7949=CARTESIAN_POINT('Ctrl Pts',(-15.7366039442271,10.2589012205601,0.999999999999998));
#7950=CARTESIAN_POINT('',(-15.7366039442271,10.2589012205601,2.));
#7951=CARTESIAN_POINT('Ctrl Pts',(-15.7366039442271,10.2589012205601,2.));
#7952=CARTESIAN_POINT('Ctrl Pts',(-15.7366039442271,10.2589012205601,0.999999999999998));
#7953=CARTESIAN_POINT('Ctrl Pts',(-15.5169587420672,10.2589012205601,2.));
#7954=CARTESIAN_POINT('Ctrl Pts',(-15.5169587420672,10.2589012205601,0.999999999999998));
#7955=CARTESIAN_POINT('Ctrl Pts',(-15.3605808901042,10.3699178516865,2.));
#7956=CARTESIAN_POINT('Ctrl Pts',(-15.3605808901042,10.3699178516865,0.999999999999998));
#7957=CARTESIAN_POINT('',(-15.3605808901042,10.3699178516865,2.));
#7958=CARTESIAN_POINT('Ctrl Pts',(-15.3605808901042,10.3699178516865,2.));
#7959=CARTESIAN_POINT('Ctrl Pts',(-15.3605808901042,10.3699178516865,0.999999999999998));
#7960=CARTESIAN_POINT('Ctrl Pts',(-15.2042030381411,10.4809338867664,2.));
#7961=CARTESIAN_POINT('Ctrl Pts',(-15.2042030381411,10.4809338867664,0.999999999999998));
#7962=CARTESIAN_POINT('Ctrl Pts',(-15.1540665911883,10.6623799622059,2.));
#7963=CARTESIAN_POINT('Ctrl Pts',(-15.1540665911883,10.6623799622059,0.999999999999998));
#7964=CARTESIAN_POINT('',(-15.1540665911883,10.6623799622059,2.));
#7965=CARTESIAN_POINT('Ctrl Pts',(-15.1540665911883,10.6623799622059,2.));
#7966=CARTESIAN_POINT('Ctrl Pts',(-15.1540665911883,10.6623799622059,0.999999999999998));
#7967=CARTESIAN_POINT('Ctrl Pts',(-15.1230295585841,10.7793648064137,2.));
#7968=CARTESIAN_POINT('Ctrl Pts',(-15.1230295585841,10.7793648064137,0.999999999999998));
#7969=CARTESIAN_POINT('Ctrl Pts',(-15.1230295585841,11.0945082724094,2.));
#7970=CARTESIAN_POINT('Ctrl Pts',(-15.1230295585841,11.0945082724094,0.999999999999998));
#7971=CARTESIAN_POINT('',(-15.1230295585841,11.0945082724094,2.));
#7972=CARTESIAN_POINT('Origin',(-15.1230295585841,11.0945082724094,2.));
#7973=CARTESIAN_POINT('Origin',(-16.4600010799617,12.3515005957335,1.));
#7974=CARTESIAN_POINT('',(-16.8372180151194,13.5893924057484,1.));
#7975=CARTESIAN_POINT('',(-16.8372180151194,14.6183831512928,1.));
#7976=CARTESIAN_POINT('',(-16.8372180151194,13.5893924057484,1.));
#7977=CARTESIAN_POINT('',(-17.4889912294596,13.5893924057484,1.));
#7978=CARTESIAN_POINT('',(-17.4889912294596,13.5893924057484,1.));
#7979=CARTESIAN_POINT('',(-17.7360924171656,14.0239084780216,1.));
#7980=CARTESIAN_POINT('Ctrl Pts',(-17.7360924171656,14.0239084780216,1.));
#7981=CARTESIAN_POINT('Ctrl Pts',(-17.6203011559695,13.7374145805836,1.));
#7982=CARTESIAN_POINT('Ctrl Pts',(-17.4889912294596,13.5893924057484,1.));
#7983=CARTESIAN_POINT('',(-17.8518836783618,14.6112210571766,1.));
#7984=CARTESIAN_POINT('Ctrl Pts',(-17.8518836783618,14.6112210571766,1.));
#7985=CARTESIAN_POINT('Ctrl Pts',(-17.8518836783618,14.3104023754597,1.));
#7986=CARTESIAN_POINT('Ctrl Pts',(-17.7360924171656,14.0239084780216,1.));
#7987=CARTESIAN_POINT('',(-17.6990868734568,15.2653817355633,1.));
#7988=CARTESIAN_POINT('Ctrl Pts',(-17.6990868734568,15.2653817355633,1.));
#7989=CARTESIAN_POINT('Ctrl Pts',(-17.8518836783618,14.9574006617069,1.));
#7990=CARTESIAN_POINT('Ctrl Pts',(-17.8518836783618,14.6112210571766,1.));
#7991=CARTESIAN_POINT('',(-17.2311469005793,15.7345152914524,1.));
#7992=CARTESIAN_POINT('Ctrl Pts',(-17.2311469005793,15.7345152914524,1.));
#7993=CARTESIAN_POINT('Ctrl Pts',(-17.5462900685519,15.5733625113964,1.));
#7994=CARTESIAN_POINT('Ctrl Pts',(-17.6990868734568,15.2653817355633,1.));
#7995=CARTESIAN_POINT('',(-16.448063461706,15.8956680715084,1.));
#7996=CARTESIAN_POINT('Ctrl Pts',(-16.448063461706,15.8956680715084,1.));
#7997=CARTESIAN_POINT('Ctrl Pts',(-16.9160034345835,15.8956680715084,1.));
#7998=CARTESIAN_POINT('Ctrl Pts',(-17.2311469005793,15.7345152914524,1.));
#7999=CARTESIAN_POINT('',(-15.7437661873549,15.7619709789753,1.));
#8000=CARTESIAN_POINT('Ctrl Pts',(-15.7437661873549,15.7619709789753,1.));
#8001=CARTESIAN_POINT('Ctrl Pts',(-16.068459360525,15.8956680715084,1.));
#8002=CARTESIAN_POINT('Ctrl Pts',(-16.448063461706,15.8956680715084,1.));
#8003=CARTESIAN_POINT('',(-15.397586433813,15.5411321938038,1.));
#8004=CARTESIAN_POINT('Ctrl Pts',(-15.397586433813,15.5411321938038,1.));
#8005=CARTESIAN_POINT('Ctrl Pts',(-15.5551578687876,15.683185261488,1.));
#8006=CARTESIAN_POINT('Ctrl Pts',(-15.7437661873549,15.7619709789753,1.));
#8007=CARTESIAN_POINT('',(-15.1433231519908,15.1674963057041,1.));
#8008=CARTESIAN_POINT('Ctrl Pts',(-15.1433231519908,15.1674963057041,1.));
#8009=CARTESIAN_POINT('Ctrl Pts',(-15.2400147008151,15.3990788280964,1.));
#8010=CARTESIAN_POINT('Ctrl Pts',(-15.397586433813,15.5411321938038,1.));
#8011=CARTESIAN_POINT('',(-15.0466313051432,14.6183831512928,1.));
#8012=CARTESIAN_POINT('Ctrl Pts',(-15.0466313051432,14.6183831512928,1.));
#8013=CARTESIAN_POINT('Ctrl Pts',(-15.0466313051432,14.9359137833119,1.));
#8014=CARTESIAN_POINT('Ctrl Pts',(-15.1433231519908,15.1674963057041,1.));
#8015=CARTESIAN_POINT('',(-15.1385482238978,14.1361183941364,1.));
#8016=CARTESIAN_POINT('Ctrl Pts',(-15.1385482238978,14.1361183941364,1.));
#8017=CARTESIAN_POINT('Ctrl Pts',(-15.0466313051432,14.3533761322498,1.));
#8018=CARTESIAN_POINT('Ctrl Pts',(-15.0466313051432,14.6183831512928,1.));
#8019=CARTESIAN_POINT('',(-15.3832616495341,13.8018758118153,1.));
#8020=CARTESIAN_POINT('Ctrl Pts',(-15.3832616495341,13.8018758118153,1.));
#8021=CARTESIAN_POINT('Ctrl Pts',(-15.2304648446292,13.918860656023,1.));
#8022=CARTESIAN_POINT('Ctrl Pts',(-15.1385482238978,14.1361183941364,1.));
#8023=CARTESIAN_POINT('',(-15.8034524904937,13.6061049520969,1.));
#8024=CARTESIAN_POINT('Ctrl Pts',(-15.8034524904937,13.6061049520969,1.));
#8025=CARTESIAN_POINT('Ctrl Pts',(-15.536058454439,13.6848909676075,1.));
#8026=CARTESIAN_POINT('Ctrl Pts',(-15.3832616495341,13.8018758118153,1.));
#8027=CARTESIAN_POINT('',(-15.6888549613208,13.1883014261723,1.));
#8028=CARTESIAN_POINT('',(-15.6888549613208,13.1883014261723,1.));
#8029=CARTESIAN_POINT('',(-15.1158674644679,13.4533078491688,1.));
#8030=CARTESIAN_POINT('Ctrl Pts',(-15.1158674644679,13.4533078491688,1.));
#8031=CARTESIAN_POINT('Ctrl Pts',(-15.3355126666278,13.279024463892,1.));
#8032=CARTESIAN_POINT('Ctrl Pts',(-15.6888549613208,13.1883014261723,1.));
#8033=CARTESIAN_POINT('',(-14.7732686089724,13.9343793213368,1.));
#8034=CARTESIAN_POINT('Ctrl Pts',(-14.7732686089724,13.9343793213368,1.));
#8035=CARTESIAN_POINT('Ctrl Pts',(-14.8962219642848,13.627591830492,1.));
#8036=CARTESIAN_POINT('Ctrl Pts',(-15.1158674644679,13.4533078491688,1.));
#8037=CARTESIAN_POINT('',(-14.6503149556369,14.6207709133625,1.));
#8038=CARTESIAN_POINT('Ctrl Pts',(-14.6503149556369,14.6207709133625,1.));
#8039=CARTESIAN_POINT('Ctrl Pts',(-14.6503149556369,14.241166216135,1.));
#8040=CARTESIAN_POINT('Ctrl Pts',(-14.7732686089724,13.9343793213368,1.));
#8041=CARTESIAN_POINT('',(-14.8651852297038,15.5447132408619,1.));
#8042=CARTESIAN_POINT('Ctrl Pts',(-14.8651852297038,15.5447132408619,1.));
#8043=CARTESIAN_POINT('Ctrl Pts',(-14.6503149556369,15.1436219632626,1.));
#8044=CARTESIAN_POINT('Ctrl Pts',(-14.6503149556369,14.6207709133625,1.));
#8045=CARTESIAN_POINT('',(-15.5229272531718,16.1594812095165,1.));
#8046=CARTESIAN_POINT('Ctrl Pts',(-15.5229272531718,16.1594812095165,1.));
#8047=CARTESIAN_POINT('Ctrl Pts',(-15.0800555037707,15.9458045184612,1.));
#8048=CARTESIAN_POINT('Ctrl Pts',(-14.8651852297038,15.5447132408619,1.));
#8049=CARTESIAN_POINT('',(-16.4767130302638,16.3731579005718,1.));
#8050=CARTESIAN_POINT('Ctrl Pts',(-16.4767130302638,16.3731579005718,1.));
#8051=CARTESIAN_POINT('Ctrl Pts',(-15.9657990025729,16.3731579005718,1.));
#8052=CARTESIAN_POINT('Ctrl Pts',(-15.5229272531718,16.1594812095165,1.));
#8053=CARTESIAN_POINT('',(-17.4102055119723,16.1582876265049,1.));
#8054=CARTESIAN_POINT('Ctrl Pts',(-17.4102055119723,16.1582876265049,1.));
#8055=CARTESIAN_POINT('Ctrl Pts',(-16.9924019860476,16.3731579005718,1.));
#8056=CARTESIAN_POINT('Ctrl Pts',(-16.4767130302638,16.3731579005718,1.));
#8057=CARTESIAN_POINT('',(-18.0488481210917,15.522032481432,1.));
#8058=CARTESIAN_POINT('Ctrl Pts',(-18.0488481210917,15.522032481432,1.));
#8059=CARTESIAN_POINT('Ctrl Pts',(-17.828009037897,15.9434170544148,1.));
#8060=CARTESIAN_POINT('Ctrl Pts',(-17.4102055119723,16.1582876265049,1.));
#8061=CARTESIAN_POINT('',(-18.2696872042865,14.5849592506886,1.));
#8062=CARTESIAN_POINT('Ctrl Pts',(-18.2696872042865,14.5849592506886,1.));
#8063=CARTESIAN_POINT('Ctrl Pts',(-18.2696872042865,15.1006479084492,1.));
#8064=CARTESIAN_POINT('Ctrl Pts',(-18.0488481210917,15.522032481432,1.));
#8065=CARTESIAN_POINT('',(-18.132408766672,13.8400752365589,1.));
#8066=CARTESIAN_POINT('Ctrl Pts',(-18.132408766672,13.8400752365589,1.));
#8067=CARTESIAN_POINT('Ctrl Pts',(-18.2696872042865,14.2029673874378,1.));
#8068=CARTESIAN_POINT('Ctrl Pts',(-18.2696872042865,14.5849592506886,1.));
#8069=CARTESIAN_POINT('',(-17.7229615139216,13.1357772171497,1.));
#8070=CARTESIAN_POINT('Ctrl Pts',(-17.7229615139216,13.1357772171497,1.));
#8071=CARTESIAN_POINT('Ctrl Pts',(-17.9951306270808,13.47718308568,1.));
#8072=CARTESIAN_POINT('Ctrl Pts',(-18.132408766672,13.8400752365589,1.));
#8073=CARTESIAN_POINT('',(-16.4241891192645,13.1357772171497,1.));
#8074=CARTESIAN_POINT('',(-16.4241891192645,13.1357772171497,1.));
#8075=CARTESIAN_POINT('',(-16.426576583311,14.6183831512928,1.));
#8076=CARTESIAN_POINT('',(-16.426576583311,14.6183831512928,1.));
#8077=CARTESIAN_POINT('',(-16.8372180151194,14.6183831512928,1.));
#8078=CARTESIAN_POINT('Origin',(-16.8372180151194,13.5893924057484,2.));
#8079=CARTESIAN_POINT('',(-16.8372180151194,13.5893924057484,2.));
#8080=CARTESIAN_POINT('',(-16.8372180151194,14.6183831512928,2.));
#8081=CARTESIAN_POINT('Origin',(-16.8372180151194,14.6183831512928,2.));
#8082=CARTESIAN_POINT('',(-16.426576583311,14.6183831512928,2.));
#8083=CARTESIAN_POINT('Origin',(-16.426576583311,14.6183831512928,2.));
#8084=CARTESIAN_POINT('',(-16.4241891192645,13.1357772171497,2.));
#8085=CARTESIAN_POINT('Origin',(-16.4241891192645,13.1357772171497,2.));
#8086=CARTESIAN_POINT('',(-17.7229615139216,13.1357772171497,2.));
#8087=CARTESIAN_POINT('Ctrl Pts',(-17.7229615139216,13.1357772171497,2.));
#8088=CARTESIAN_POINT('Ctrl Pts',(-17.7229615139216,13.1357772171497,0.999999999999998));
#8089=CARTESIAN_POINT('Ctrl Pts',(-17.9951306270808,13.47718308568,2.));
#8090=CARTESIAN_POINT('Ctrl Pts',(-17.9951306270808,13.47718308568,0.999999999999998));
#8091=CARTESIAN_POINT('Ctrl Pts',(-18.132408766672,13.8400752365589,2.));
#8092=CARTESIAN_POINT('Ctrl Pts',(-18.132408766672,13.8400752365589,0.999999999999998));
#8093=CARTESIAN_POINT('',(-18.132408766672,13.8400752365589,2.));
#8094=CARTESIAN_POINT('Ctrl Pts',(-18.132408766672,13.8400752365589,2.));
#8095=CARTESIAN_POINT('Ctrl Pts',(-18.132408766672,13.8400752365589,0.999999999999998));
#8096=CARTESIAN_POINT('Ctrl Pts',(-18.2696872042865,14.2029673874378,2.));
#8097=CARTESIAN_POINT('Ctrl Pts',(-18.2696872042865,14.2029673874378,0.999999999999998));
#8098=CARTESIAN_POINT('Ctrl Pts',(-18.2696872042865,14.5849592506886,2.));
#8099=CARTESIAN_POINT('Ctrl Pts',(-18.2696872042865,14.5849592506886,0.999999999999998));
#8100=CARTESIAN_POINT('',(-18.2696872042865,14.5849592506886,2.));
#8101=CARTESIAN_POINT('Ctrl Pts',(-18.2696872042865,14.5849592506886,2.));
#8102=CARTESIAN_POINT('Ctrl Pts',(-18.2696872042865,14.5849592506886,0.999999999999998));
#8103=CARTESIAN_POINT('Ctrl Pts',(-18.2696872042865,15.1006479084492,2.));
#8104=CARTESIAN_POINT('Ctrl Pts',(-18.2696872042865,15.1006479084492,0.999999999999998));
#8105=CARTESIAN_POINT('Ctrl Pts',(-18.0488481210917,15.522032481432,2.));
#8106=CARTESIAN_POINT('Ctrl Pts',(-18.0488481210917,15.522032481432,0.999999999999998));
#8107=CARTESIAN_POINT('',(-18.0488481210917,15.522032481432,2.));
#8108=CARTESIAN_POINT('Ctrl Pts',(-18.0488481210917,15.522032481432,2.));
#8109=CARTESIAN_POINT('Ctrl Pts',(-18.0488481210917,15.522032481432,0.999999999999998));
#8110=CARTESIAN_POINT('Ctrl Pts',(-17.828009037897,15.9434170544148,2.));
#8111=CARTESIAN_POINT('Ctrl Pts',(-17.828009037897,15.9434170544148,0.999999999999998));
#8112=CARTESIAN_POINT('Ctrl Pts',(-17.4102055119723,16.1582876265049,2.));
#8113=CARTESIAN_POINT('Ctrl Pts',(-17.4102055119723,16.1582876265049,0.999999999999998));
#8114=CARTESIAN_POINT('',(-17.4102055119723,16.1582876265049,2.));
#8115=CARTESIAN_POINT('Ctrl Pts',(-17.4102055119723,16.1582876265049,2.));
#8116=CARTESIAN_POINT('Ctrl Pts',(-17.4102055119723,16.1582876265049,0.999999999999998));
#8117=CARTESIAN_POINT('Ctrl Pts',(-16.9924019860476,16.3731579005718,2.));
#8118=CARTESIAN_POINT('Ctrl Pts',(-16.9924019860476,16.3731579005718,0.999999999999998));
#8119=CARTESIAN_POINT('Ctrl Pts',(-16.4767130302638,16.3731579005718,2.));
#8120=CARTESIAN_POINT('Ctrl Pts',(-16.4767130302638,16.3731579005718,0.999999999999998));
#8121=CARTESIAN_POINT('',(-16.4767130302638,16.3731579005718,2.));
#8122=CARTESIAN_POINT('Ctrl Pts',(-16.4767130302638,16.3731579005718,2.));
#8123=CARTESIAN_POINT('Ctrl Pts',(-16.4767130302638,16.3731579005718,0.999999999999998));
#8124=CARTESIAN_POINT('Ctrl Pts',(-15.9657990025729,16.3731579005718,2.));
#8125=CARTESIAN_POINT('Ctrl Pts',(-15.9657990025729,16.3731579005718,0.999999999999998));
#8126=CARTESIAN_POINT('Ctrl Pts',(-15.5229272531718,16.1594812095165,2.));
#8127=CARTESIAN_POINT('Ctrl Pts',(-15.5229272531718,16.1594812095165,0.999999999999998));
#8128=CARTESIAN_POINT('',(-15.5229272531718,16.1594812095165,2.));
#8129=CARTESIAN_POINT('Ctrl Pts',(-15.5229272531718,16.1594812095165,2.));
#8130=CARTESIAN_POINT('Ctrl Pts',(-15.5229272531718,16.1594812095165,0.999999999999998));
#8131=CARTESIAN_POINT('Ctrl Pts',(-15.0800555037707,15.9458045184612,2.));
#8132=CARTESIAN_POINT('Ctrl Pts',(-15.0800555037707,15.9458045184612,0.999999999999998));
#8133=CARTESIAN_POINT('Ctrl Pts',(-14.8651852297038,15.5447132408619,2.));
#8134=CARTESIAN_POINT('Ctrl Pts',(-14.8651852297038,15.5447132408619,0.999999999999998));
#8135=CARTESIAN_POINT('',(-14.8651852297038,15.5447132408619,2.));
#8136=CARTESIAN_POINT('Ctrl Pts',(-14.8651852297038,15.5447132408619,2.));
#8137=CARTESIAN_POINT('Ctrl Pts',(-14.8651852297038,15.5447132408619,0.999999999999998));
#8138=CARTESIAN_POINT('Ctrl Pts',(-14.6503149556369,15.1436219632626,2.));
#8139=CARTESIAN_POINT('Ctrl Pts',(-14.6503149556369,15.1436219632626,0.999999999999998));
#8140=CARTESIAN_POINT('Ctrl Pts',(-14.6503149556369,14.6207709133625,2.));
#8141=CARTESIAN_POINT('Ctrl Pts',(-14.6503149556369,14.6207709133625,0.999999999999998));
#8142=CARTESIAN_POINT('',(-14.6503149556369,14.6207709133625,2.));
#8143=CARTESIAN_POINT('Ctrl Pts',(-14.6503149556369,14.6207709133625,2.));
#8144=CARTESIAN_POINT('Ctrl Pts',(-14.6503149556369,14.6207709133625,0.999999999999998));
#8145=CARTESIAN_POINT('Ctrl Pts',(-14.6503149556369,14.241166216135,2.));
#8146=CARTESIAN_POINT('Ctrl Pts',(-14.6503149556369,14.241166216135,0.999999999999998));
#8147=CARTESIAN_POINT('Ctrl Pts',(-14.7732686089724,13.9343793213368,2.));
#8148=CARTESIAN_POINT('Ctrl Pts',(-14.7732686089724,13.9343793213368,0.999999999999998));
#8149=CARTESIAN_POINT('',(-14.7732686089724,13.9343793213368,2.));
#8150=CARTESIAN_POINT('Ctrl Pts',(-14.7732686089724,13.9343793213368,2.));
#8151=CARTESIAN_POINT('Ctrl Pts',(-14.7732686089724,13.9343793213368,0.999999999999998));
#8152=CARTESIAN_POINT('Ctrl Pts',(-14.8962219642848,13.627591830492,2.));
#8153=CARTESIAN_POINT('Ctrl Pts',(-14.8962219642848,13.627591830492,0.999999999999998));
#8154=CARTESIAN_POINT('Ctrl Pts',(-15.1158674644679,13.4533078491688,2.));
#8155=CARTESIAN_POINT('Ctrl Pts',(-15.1158674644679,13.4533078491688,0.999999999999998));
#8156=CARTESIAN_POINT('',(-15.1158674644679,13.4533078491688,2.));
#8157=CARTESIAN_POINT('Ctrl Pts',(-15.1158674644679,13.4533078491688,2.));
#8158=CARTESIAN_POINT('Ctrl Pts',(-15.1158674644679,13.4533078491688,0.999999999999998));
#8159=CARTESIAN_POINT('Ctrl Pts',(-15.3355126666278,13.279024463892,2.));
#8160=CARTESIAN_POINT('Ctrl Pts',(-15.3355126666278,13.279024463892,0.999999999999998));
#8161=CARTESIAN_POINT('Ctrl Pts',(-15.6888549613208,13.1883014261723,2.));
#8162=CARTESIAN_POINT('Ctrl Pts',(-15.6888549613208,13.1883014261723,0.999999999999998));
#8163=CARTESIAN_POINT('',(-15.6888549613208,13.1883014261723,2.));
#8164=CARTESIAN_POINT('Origin',(-15.6888549613208,13.1883014261723,2.));
#8165=CARTESIAN_POINT('',(-15.8034524904937,13.6061049520969,2.));
#8166=CARTESIAN_POINT('Ctrl Pts',(-15.8034524904937,13.6061049520969,2.));
#8167=CARTESIAN_POINT('Ctrl Pts',(-15.8034524904937,13.6061049520969,0.999999999999998));
#8168=CARTESIAN_POINT('Ctrl Pts',(-15.536058454439,13.6848909676075,2.));
#8169=CARTESIAN_POINT('Ctrl Pts',(-15.536058454439,13.6848909676075,0.999999999999998));
#8170=CARTESIAN_POINT('Ctrl Pts',(-15.3832616495341,13.8018758118153,2.));
#8171=CARTESIAN_POINT('Ctrl Pts',(-15.3832616495341,13.8018758118153,0.999999999999998));
#8172=CARTESIAN_POINT('',(-15.3832616495341,13.8018758118153,2.));
#8173=CARTESIAN_POINT('Ctrl Pts',(-15.3832616495341,13.8018758118153,2.));
#8174=CARTESIAN_POINT('Ctrl Pts',(-15.3832616495341,13.8018758118153,0.999999999999998));
#8175=CARTESIAN_POINT('Ctrl Pts',(-15.2304648446292,13.918860656023,2.));
#8176=CARTESIAN_POINT('Ctrl Pts',(-15.2304648446292,13.918860656023,0.999999999999998));
#8177=CARTESIAN_POINT('Ctrl Pts',(-15.1385482238978,14.1361183941364,2.));
#8178=CARTESIAN_POINT('Ctrl Pts',(-15.1385482238978,14.1361183941364,0.999999999999998));
#8179=CARTESIAN_POINT('',(-15.1385482238978,14.1361183941364,2.));
#8180=CARTESIAN_POINT('Ctrl Pts',(-15.1385482238978,14.1361183941364,2.));
#8181=CARTESIAN_POINT('Ctrl Pts',(-15.1385482238978,14.1361183941364,0.999999999999998));
#8182=CARTESIAN_POINT('Ctrl Pts',(-15.0466313051432,14.3533761322498,2.));
#8183=CARTESIAN_POINT('Ctrl Pts',(-15.0466313051432,14.3533761322498,0.999999999999998));
#8184=CARTESIAN_POINT('Ctrl Pts',(-15.0466313051432,14.6183831512928,2.));
#8185=CARTESIAN_POINT('Ctrl Pts',(-15.0466313051432,14.6183831512928,0.999999999999998));
#8186=CARTESIAN_POINT('',(-15.0466313051432,14.6183831512928,2.));
#8187=CARTESIAN_POINT('Ctrl Pts',(-15.0466313051432,14.6183831512928,2.));
#8188=CARTESIAN_POINT('Ctrl Pts',(-15.0466313051432,14.6183831512928,0.999999999999998));
#8189=CARTESIAN_POINT('Ctrl Pts',(-15.0466313051432,14.9359137833119,2.));
#8190=CARTESIAN_POINT('Ctrl Pts',(-15.0466313051432,14.9359137833119,0.999999999999998));
#8191=CARTESIAN_POINT('Ctrl Pts',(-15.1433231519908,15.1674963057041,2.));
#8192=CARTESIAN_POINT('Ctrl Pts',(-15.1433231519908,15.1674963057041,0.999999999999998));
#8193=CARTESIAN_POINT('',(-15.1433231519908,15.1674963057041,2.));
#8194=CARTESIAN_POINT('Ctrl Pts',(-15.1433231519908,15.1674963057041,2.));
#8195=CARTESIAN_POINT('Ctrl Pts',(-15.1433231519908,15.1674963057041,0.999999999999998));
#8196=CARTESIAN_POINT('Ctrl Pts',(-15.2400147008151,15.3990788280964,2.));
#8197=CARTESIAN_POINT('Ctrl Pts',(-15.2400147008151,15.3990788280964,0.999999999999998));
#8198=CARTESIAN_POINT('Ctrl Pts',(-15.397586433813,15.5411321938038,2.));
#8199=CARTESIAN_POINT('Ctrl Pts',(-15.397586433813,15.5411321938038,0.999999999999998));
#8200=CARTESIAN_POINT('',(-15.397586433813,15.5411321938038,2.));
#8201=CARTESIAN_POINT('Ctrl Pts',(-15.397586433813,15.5411321938038,2.));
#8202=CARTESIAN_POINT('Ctrl Pts',(-15.397586433813,15.5411321938038,0.999999999999998));
#8203=CARTESIAN_POINT('Ctrl Pts',(-15.5551578687876,15.683185261488,2.));
#8204=CARTESIAN_POINT('Ctrl Pts',(-15.5551578687876,15.683185261488,0.999999999999998));
#8205=CARTESIAN_POINT('Ctrl Pts',(-15.7437661873549,15.7619709789753,2.));
#8206=CARTESIAN_POINT('Ctrl Pts',(-15.7437661873549,15.7619709789753,0.999999999999998));
#8207=CARTESIAN_POINT('',(-15.7437661873549,15.7619709789753,2.));
#8208=CARTESIAN_POINT('Ctrl Pts',(-15.7437661873549,15.7619709789753,2.));
#8209=CARTESIAN_POINT('Ctrl Pts',(-15.7437661873549,15.7619709789753,0.999999999999998));
#8210=CARTESIAN_POINT('Ctrl Pts',(-16.068459360525,15.8956680715084,2.));
#8211=CARTESIAN_POINT('Ctrl Pts',(-16.068459360525,15.8956680715084,0.999999999999998));
#8212=CARTESIAN_POINT('Ctrl Pts',(-16.448063461706,15.8956680715084,2.));
#8213=CARTESIAN_POINT('Ctrl Pts',(-16.448063461706,15.8956680715084,0.999999999999998));
#8214=CARTESIAN_POINT('',(-16.448063461706,15.8956680715084,2.));
#8215=CARTESIAN_POINT('Ctrl Pts',(-16.448063461706,15.8956680715084,2.));
#8216=CARTESIAN_POINT('Ctrl Pts',(-16.448063461706,15.8956680715084,0.999999999999998));
#8217=CARTESIAN_POINT('Ctrl Pts',(-16.9160034345835,15.8956680715084,2.));
#8218=CARTESIAN_POINT('Ctrl Pts',(-16.9160034345835,15.8956680715084,0.999999999999998));
#8219=CARTESIAN_POINT('Ctrl Pts',(-17.2311469005793,15.7345152914524,2.));
#8220=CARTESIAN_POINT('Ctrl Pts',(-17.2311469005793,15.7345152914524,0.999999999999998));
#8221=CARTESIAN_POINT('',(-17.2311469005793,15.7345152914524,2.));
#8222=CARTESIAN_POINT('Ctrl Pts',(-17.2311469005793,15.7345152914524,2.));
#8223=CARTESIAN_POINT('Ctrl Pts',(-17.2311469005793,15.7345152914524,0.999999999999998));
#8224=CARTESIAN_POINT('Ctrl Pts',(-17.5462900685519,15.5733625113964,2.));
#8225=CARTESIAN_POINT('Ctrl Pts',(-17.5462900685519,15.5733625113964,0.999999999999998));
#8226=CARTESIAN_POINT('Ctrl Pts',(-17.6990868734568,15.2653817355633,2.));
#8227=CARTESIAN_POINT('Ctrl Pts',(-17.6990868734568,15.2653817355633,0.999999999999998));
#8228=CARTESIAN_POINT('',(-17.6990868734568,15.2653817355633,2.));
#8229=CARTESIAN_POINT('Ctrl Pts',(-17.6990868734568,15.2653817355633,2.));
#8230=CARTESIAN_POINT('Ctrl Pts',(-17.6990868734568,15.2653817355633,0.999999999999998));
#8231=CARTESIAN_POINT('Ctrl Pts',(-17.8518836783618,14.9574006617069,2.));
#8232=CARTESIAN_POINT('Ctrl Pts',(-17.8518836783618,14.9574006617069,0.999999999999998));
#8233=CARTESIAN_POINT('Ctrl Pts',(-17.8518836783618,14.6112210571766,2.));
#8234=CARTESIAN_POINT('Ctrl Pts',(-17.8518836783618,14.6112210571766,0.999999999999998));
#8235=CARTESIAN_POINT('',(-17.8518836783618,14.6112210571766,2.));
#8236=CARTESIAN_POINT('Ctrl Pts',(-17.8518836783618,14.6112210571766,2.));
#8237=CARTESIAN_POINT('Ctrl Pts',(-17.8518836783618,14.6112210571766,0.999999999999998));
#8238=CARTESIAN_POINT('Ctrl Pts',(-17.8518836783618,14.3104023754597,2.));
#8239=CARTESIAN_POINT('Ctrl Pts',(-17.8518836783618,14.3104023754597,0.999999999999998));
#8240=CARTESIAN_POINT('Ctrl Pts',(-17.7360924171656,14.0239084780216,2.));
#8241=CARTESIAN_POINT('Ctrl Pts',(-17.7360924171656,14.0239084780216,0.999999999999998));
#8242=CARTESIAN_POINT('',(-17.7360924171656,14.0239084780216,2.));
#8243=CARTESIAN_POINT('Ctrl Pts',(-17.7360924171656,14.0239084780216,2.));
#8244=CARTESIAN_POINT('Ctrl Pts',(-17.7360924171656,14.0239084780216,0.999999999999998));
#8245=CARTESIAN_POINT('Ctrl Pts',(-17.6203011559695,13.7374145805836,2.));
#8246=CARTESIAN_POINT('Ctrl Pts',(-17.6203011559695,13.7374145805836,0.999999999999998));
#8247=CARTESIAN_POINT('Ctrl Pts',(-17.4889912294596,13.5893924057484,2.));
#8248=CARTESIAN_POINT('Ctrl Pts',(-17.4889912294596,13.5893924057484,0.999999999999998));
#8249=CARTESIAN_POINT('',(-17.4889912294596,13.5893924057484,2.));
#8250=CARTESIAN_POINT('Origin',(-17.4889912294596,13.5893924057484,2.));
#8251=CARTESIAN_POINT('Origin',(8.14999964162708,26.0000003874302,29.1999993473291));
#8252=CARTESIAN_POINT('',(11.1499996416271,26.0000003874302,29.1999993473291));
#8253=CARTESIAN_POINT('',(11.1499996416271,24.1000006526709,29.1999993473291));
#8254=CARTESIAN_POINT('',(11.1499996416271,26.0000003874302,29.1999993473291));
#8255=CARTESIAN_POINT('',(-0.150000358372926,26.0000003874302,29.1999993473291));
#8256=CARTESIAN_POINT('',(8.00000011920929,26.0000003874302,29.1999993473291));
#8257=CARTESIAN_POINT('',(-0.14999985098839,24.1000003874302,29.1999993473291));
#8258=CARTESIAN_POINT('',(-0.150000358372919,24.9000005200505,29.1999993473291));
#8259=CARTESIAN_POINT('',(4.07499989531934,24.1000006526709,29.1999993473291));
#8260=CARTESIAN_POINT('Origin',(1.49011614158923E-7,23.9500006526709,26.235));
#8261=CARTESIAN_POINT('',(11.1499996416271,24.1000006526709,26.235));
#8262=CARTESIAN_POINT('',(11.1499996416271,26.0000003874302,26.235));
#8263=CARTESIAN_POINT('',(11.1499996416271,24.9750005200505,26.235));
#8264=CARTESIAN_POINT('',(-0.149999850988386,24.1000006526709,26.235));
#8265=CARTESIAN_POINT('',(1.49011611357275E-7,24.1000006526709,26.235));
#8266=CARTESIAN_POINT('',(-0.150000358372926,26.0000003874302,26.2350012460956));
#8267=CARTESIAN_POINT('',(-0.15000035837292,23.8750006526709,26.235));
#8268=CARTESIAN_POINT('',(1.1299999050051,26.0000003874302,26.2350012460956));
#8269=CARTESIAN_POINT('Origin',(-0.150000358372917,23.8000006526709,33.399998447299));
#8270=CARTESIAN_POINT('',(-0.150000358372925,26.0000003874302,31.474998447299));
#8271=CARTESIAN_POINT('',(-0.150000358372931,26.0000003874302,-2.77555756156289E-16));
#8272=CARTESIAN_POINT('',(-0.150000358372926,24.1000006526709,31.474998447299));
#8273=CARTESIAN_POINT('',(-0.150000358372925,17.9000004157424,31.474998447299));
#8274=CARTESIAN_POINT('',(-0.150000358372917,24.1000006526709,33.399998447299));
#8275=CARTESIAN_POINT('Origin',(-0.150000358372917,23.8000006526709,33.399998447299));
#8276=CARTESIAN_POINT('',(-0.150000358372926,24.1000006526709,23.4499993473291));
#8277=CARTESIAN_POINT('',(-0.150000358372917,24.1000006526709,33.399998447299));
#8278=CARTESIAN_POINT('',(-0.150000358372926,26.0000003874302,23.4499993473291));
#8279=CARTESIAN_POINT('',(-0.150000358372921,24.9000005200505,23.4499993473291));
#8280=CARTESIAN_POINT('',(-0.150000358372931,26.0000003874302,-2.77555756156289E-16));
#8281=CARTESIAN_POINT('Origin',(11.1499996416271,26.0000003874302,33.399998447299));
#8282=CARTESIAN_POINT('',(11.1499996416271,26.0000003874302,23.4499993473291));
#8283=CARTESIAN_POINT('',(11.1499996416271,26.0000003874302,32.399998447299));
#8284=CARTESIAN_POINT('',(11.1499996416271,24.1000003874302,23.4499993473291));
#8285=CARTESIAN_POINT('',(11.1499996416271,26.0000003874302,23.4499993473291));
#8286=CARTESIAN_POINT('',(11.1499996416271,24.1000006526709,33.399998447299));
#8287=CARTESIAN_POINT('Origin',(-0.150000358372925,26.0000003874302,23.4499993473291));
#8288=CARTESIAN_POINT('',(-0.150000358372923,24.1000006526709,20.485));
#8289=CARTESIAN_POINT('',(-0.150000358372917,24.1000006526709,33.399998447299));
#8290=CARTESIAN_POINT('',(-0.149999850988386,23.9500006526709,20.485));
#8291=CARTESIAN_POINT('',(-0.150000358372926,26.0000003874302,20.4850012460956));
#8292=CARTESIAN_POINT('',(-0.150000358372926,23.9500003874302,23.4499993473291));
#8293=CARTESIAN_POINT('',(-0.14999985098839,23.9500006526709,36.0674992236495));
#8294=CARTESIAN_POINT('',(-0.150000358372926,26.0000003874302,23.4499993473291));
#8295=CARTESIAN_POINT('Origin',(8.14999964162708,26.0000003874302,23.4499993473291));
#8296=CARTESIAN_POINT('',(8.00000011920929,26.0000003874302,23.4499993473291));
#8297=CARTESIAN_POINT('',(1.49011609718031E-7,23.9500003874302,23.4499993473291));
#8298=CARTESIAN_POINT('',(4.07499989531935,23.9500006526709,23.4499993473291));
#8299=CARTESIAN_POINT('',(1.49011609718031E-7,24.1000003874302,23.4499993473291));
#8300=CARTESIAN_POINT('',(0.,25.000000372529,23.4499993473291));
#8301=CARTESIAN_POINT('',(6.07499964162708,24.1000003874302,23.4499993473291));
#8302=CARTESIAN_POINT('Origin',(1.4901160857117E-7,23.9500006526709,23.485));
#8303=CARTESIAN_POINT('',(1.49011614158923E-7,23.9500006526709,20.485));
#8304=CARTESIAN_POINT('',(1.49011611365047E-7,23.9500006526709,20.485));
#8305=CARTESIAN_POINT('',(1.49011615232509E-7,23.9500006526709,36.0674992236495));
#8306=CARTESIAN_POINT('Origin',(1.49011620820261E-7,26.0000003874302,48.649998447299));
#8307=CARTESIAN_POINT('',(1.49011614158923E-7,24.1000006526709,20.485));
#8308=CARTESIAN_POINT('',(0.,23.9750005051494,20.485));
#8309=CARTESIAN_POINT('',(1.49011614158923E-7,24.1000006526709,36.0674992236495));
#8310=CARTESIAN_POINT('Origin',(1.49011614158923E-7,23.9500006526709,20.485));
#8311=CARTESIAN_POINT('',(11.1499996416271,24.1000003874302,20.485));
#8312=CARTESIAN_POINT('',(11.1499996416271,26.0000003874302,20.485));
#8313=CARTESIAN_POINT('',(11.1499996416271,24.9750005200505,20.485));
#8314=CARTESIAN_POINT('',(1.99999989531935,24.1000003874302,20.485));
#8315=CARTESIAN_POINT('',(-0.150000358372926,26.0000003874302,20.4850012460956));
#8316=CARTESIAN_POINT('',(-0.150000358372923,23.8750006526709,20.485));
#8317=CARTESIAN_POINT('',(-2.0000000949949,26.0000003874302,20.4850012460956));
#8318=CARTESIAN_POINT('Origin',(-0.150000358372917,23.8000006526709,33.399998447299));
#8319=CARTESIAN_POINT('',(-0.150000358372926,24.1000006526709,17.6999993473291));
#8320=CARTESIAN_POINT('',(-0.150000358372917,24.1000006526709,33.399998447299));
#8321=CARTESIAN_POINT('',(-0.150000358372926,26.0000003874302,17.6999993473291));
#8322=CARTESIAN_POINT('',(-0.150000358372924,24.9000005200505,17.6999993473291));
#8323=CARTESIAN_POINT('',(-0.150000358372931,26.0000003874302,-2.77555756156289E-16));
#8324=CARTESIAN_POINT('Origin',(11.1499996416271,26.0000003874302,33.399998447299));
#8325=CARTESIAN_POINT('',(11.1499996416271,26.0000003874302,17.6999993473291));
#8326=CARTESIAN_POINT('',(11.1499996416271,26.0000003874302,32.399998447299));
#8327=CARTESIAN_POINT('',(11.1499996416271,24.1000006526709,17.6999993473291));
#8328=CARTESIAN_POINT('',(11.1499996416271,26.0000003874302,17.6999993473291));
#8329=CARTESIAN_POINT('',(11.1499996416271,24.1000006526709,33.399998447299));
#8330=CARTESIAN_POINT('Origin',(-0.150000358372924,-2.00000002980232,33.399998447299));
#8331=CARTESIAN_POINT('',(-0.150000358372926,-0.14999961256981,26.2350012460956));
#8332=CARTESIAN_POINT('',(-0.149999850988386,-0.149998815357679,23.485));
#8333=CARTESIAN_POINT('',(-0.150000358372932,-0.149998815357678,0.));
#8334=CARTESIAN_POINT('',(-0.150000358372926,-2.00000000574413,26.2350012460956));
#8335=CARTESIAN_POINT('',(-0.150000358372927,-2.02499968856573,26.235));
#8336=CARTESIAN_POINT('',(-0.150000358372926,-2.00000000574413,23.4499993473291));
#8337=CARTESIAN_POINT('',(-0.150000358372925,-2.00000002980232,32.399998447299));
#8338=CARTESIAN_POINT('',(-0.150000358372926,-0.14999961256981,23.4499993473291));
#8339=CARTESIAN_POINT('',(-0.150000358372929,-0.999999821186066,23.4499993473291));
#8340=CARTESIAN_POINT('',(-0.150000358372926,-0.14999961256981,20.4850012460956));
#8341=CARTESIAN_POINT('',(-0.150000358372924,-0.149998815357678,28.4249988973141));
#8342=CARTESIAN_POINT('',(-0.150000358372926,11.9750005200505,20.485));
#8343=CARTESIAN_POINT('',(-0.14999985098839,23.9500006526709,36.0674992236495));
#8344=CARTESIAN_POINT('',(-0.149999850988386,23.9500006526709,23.485));
#8345=CARTESIAN_POINT('',(-0.14999985098839,23.9500006526709,36.0674992236495));
#8346=CARTESIAN_POINT('',(-0.14999985098839,12.9250007860363,23.485));
#8347=CARTESIAN_POINT('Origin',(-0.150000358372925,26.0000003874302,17.6999993473291));
#8348=CARTESIAN_POINT('',(-0.150000358372925,24.1000006526709,14.735));
#8349=CARTESIAN_POINT('',(-0.150000358372917,24.1000006526709,33.399998447299));
#8350=CARTESIAN_POINT('',(-0.150000358372926,23.9500003874302,14.7350012460956));
#8351=CARTESIAN_POINT('',(-0.150000358372926,26.0000003874302,14.7350012460956));
#8352=CARTESIAN_POINT('',(-0.150000358372926,23.9500003874302,17.6999993473291));
#8353=CARTESIAN_POINT('',(-0.150000358372925,23.9500006526709,17.7174996736646));
#8354=CARTESIAN_POINT('',(-0.150000358372926,26.0000003874302,17.6999993473291));
#8355=CARTESIAN_POINT('Origin',(3.13000014901161,23.9500006526709,14.735));
#8356=CARTESIAN_POINT('',(11.1499996416271,24.1000006526709,14.735));
#8357=CARTESIAN_POINT('',(11.1499996416271,26.0000003874302,14.7350012460956));
#8358=CARTESIAN_POINT('',(11.1499996416271,24.9750005200505,14.735));
#8359=CARTESIAN_POINT('',(1.49011614158923E-7,24.1000006526709,14.735));
#8360=CARTESIAN_POINT('',(5.56499989531935,24.1000006526709,14.735));
#8361=CARTESIAN_POINT('',(1.49011611938477E-7,23.9500006526709,14.735));
#8362=CARTESIAN_POINT('',(0.,23.9750005051494,14.735));
#8363=CARTESIAN_POINT('',(1.56500014901161,23.9500006526709,14.735));
#8364=CARTESIAN_POINT('',(-0.150000358372926,26.0000003874302,14.7350012460956));
#8365=CARTESIAN_POINT('',(-0.150000358372925,23.8750006526709,14.735));
#8366=CARTESIAN_POINT('',(1.1299999050051,26.0000003874302,14.7350012460956));
#8367=CARTESIAN_POINT('Origin',(11.2799996416271,26.0000003874302,17.6999993473291));
#8368=CARTESIAN_POINT('',(8.00000011920929,26.0000003874302,17.6999993473291));
#8369=CARTESIAN_POINT('',(1.49011609718031E-7,23.9500003874302,17.6999993473291));
#8370=CARTESIAN_POINT('',(4.07499989531935,23.9500006526709,17.6999993473291));
#8371=CARTESIAN_POINT('',(1.49011609718031E-7,24.1000003874302,17.6999993473291));
#8372=CARTESIAN_POINT('',(0.,25.000000372529,17.6999993473291));
#8373=CARTESIAN_POINT('',(9.63999964162708,24.1000006526709,17.6999993473291));
#8374=CARTESIAN_POINT('Origin',(1.49011606350724E-7,23.9500006526709,17.735));
#8375=CARTESIAN_POINT('',(1.49011615232509E-7,23.9500006526709,30.3174992236495));
#8376=CARTESIAN_POINT('Origin',(1.49011620820261E-7,26.0000003874302,42.899998447299));
#8377=CARTESIAN_POINT('',(1.49011614158923E-7,24.1000006526709,30.3174992236495));
#8378=CARTESIAN_POINT('Origin',(3.13000014901161,23.9500006526709,14.735));
#8379=CARTESIAN_POINT('',(-0.150000358372926,-0.14999961256981,14.7350012460956));
#8380=CARTESIAN_POINT('',(-0.150000358372926,11.9750005200505,14.735));
#8381=CARTESIAN_POINT('',(-1.84999985098839,-0.149998815357679,14.735));
#8382=CARTESIAN_POINT('',(6.56500014901161,-0.149998815357677,14.735));
#8383=CARTESIAN_POINT('',(-1.84999985098839,23.9500006526709,14.735));
#8384=CARTESIAN_POINT('',(-1.84999985098839,-0.149998815357679,14.735));
#8385=CARTESIAN_POINT('',(-1.00000010468065,23.9500006526709,14.735));
#8386=CARTESIAN_POINT('Origin',(1.49011614158923E-7,23.9500006526709,17.735));
#8387=CARTESIAN_POINT('',(-0.149999850988388,23.9500006526709,17.735));
#8388=CARTESIAN_POINT('',(-0.149999850988392,23.9500006526709,30.3174992236495));
#8389=CARTESIAN_POINT('',(-0.150000358372925,23.9500006526709,17.7174996736646));
#8390=CARTESIAN_POINT('',(-1.84999985098839,23.9500006526709,17.735));
#8391=CARTESIAN_POINT('',(-1.85000035837292,23.9500006526709,31.3174992236495));
#8392=CARTESIAN_POINT('',(-1.00000010468065,23.9500006526709,17.735));
#8393=CARTESIAN_POINT('Origin',(1.49011614158923E-7,-0.149998815357679,
17.735));
#8394=CARTESIAN_POINT('',(-0.149999850988388,-0.149998815357679,17.735));
#8395=CARTESIAN_POINT('',(-0.149999850988392,12.9250007860363,17.735));
#8396=CARTESIAN_POINT('',(-1.84999985098839,-0.149998815357679,17.735));
#8397=CARTESIAN_POINT('',(-1.84999985098839,23.9500006526709,17.735));
#8398=CARTESIAN_POINT('',(5.00000014901162,-0.149998815357678,17.735));
#8399=CARTESIAN_POINT('Origin',(-1.85000035837292,26.0000003874302,44.899998447299));
#8400=CARTESIAN_POINT('',(-1.85000035837292,-0.149998815357677,39.149998447299));
#8401=CARTESIAN_POINT('Origin',(10.0000001490116,-0.149998815357678,33.399998447299));
#8402=CARTESIAN_POINT('',(-0.150000358372926,-0.14999961256981,17.6999993473291));
#8403=CARTESIAN_POINT('',(-0.150000358372923,-0.149998815357678,25.5499988973141));
#8404=CARTESIAN_POINT('',(11.1299996416271,-0.14999961256981,17.6999993473291));
#8405=CARTESIAN_POINT('',(6.07499964162708,-0.14999961256981,17.6999993473291));
#8406=CARTESIAN_POINT('',(11.1299996416271,-0.14999961256981,20.4850012460956));
#8407=CARTESIAN_POINT('',(11.1299996416271,-0.149998815357677,33.399998447299));
#8408=CARTESIAN_POINT('',(1.99999989531935,-0.14999961256981,20.485));
#8409=CARTESIAN_POINT('',(11.1299996416271,-0.14999961256981,23.4499993473291));
#8410=CARTESIAN_POINT('',(6.07499964162708,-0.14999961256981,23.4499993473291));
#8411=CARTESIAN_POINT('',(11.1299996416271,-0.14999961256981,26.2350012460956));
#8412=CARTESIAN_POINT('',(11.1299996416271,-0.149998815357677,33.399998447299));
#8413=CARTESIAN_POINT('',(1.99999989531935,-0.14999961256981,26.235));
#8414=CARTESIAN_POINT('',(-0.150000358372926,-0.14999961256981,29.1999993473291));
#8415=CARTESIAN_POINT('',(-0.150000358372925,-0.149998815357678,31.2999988973141));
#8416=CARTESIAN_POINT('',(11.1299996416271,-0.14999961256981,29.1999993473291));
#8417=CARTESIAN_POINT('',(6.07499964162708,-0.14999961256981,29.1999993473291));
#8418=CARTESIAN_POINT('',(11.1300001192093,-0.149998815357679,31.474998447299));
#8419=CARTESIAN_POINT('',(11.1299996416271,-0.149998815357677,33.399998447299));
#8420=CARTESIAN_POINT('',(13.1300001490116,-0.149998815357679,31.474998447299));
#8421=CARTESIAN_POINT('',(9.20499985061587,-0.149998815357677,31.474998447299));
#8422=CARTESIAN_POINT('',(13.1300001490116,-0.149998815357679,29.235));
#8423=CARTESIAN_POINT('',(13.1300001490116,-0.149998815357677,18.8174992236495));
#8424=CARTESIAN_POINT('',(11.2800001490116,-0.149998815357679,29.235));
#8425=CARTESIAN_POINT('',(11.5650001490116,-0.149998815357678,29.235));
#8426=CARTESIAN_POINT('',(11.2800001490116,-0.149998815357679,26.235));
#8427=CARTESIAN_POINT('',(11.2799996416271,-0.149998815357677,44.899998447299));
#8428=CARTESIAN_POINT('',(13.1300001490116,-0.149998815357679,26.235));
#8429=CARTESIAN_POINT('',(11.5650001490116,-0.149998815357677,26.235));
#8430=CARTESIAN_POINT('',(13.1300001490116,-0.149998815357679,23.485));
#8431=CARTESIAN_POINT('',(13.1300001490116,-0.149998815357677,18.8174992236495));
#8432=CARTESIAN_POINT('',(11.2800001490116,-0.149998815357679,23.485));
#8433=CARTESIAN_POINT('',(11.5650001490116,-0.149998815357678,23.485));
#8434=CARTESIAN_POINT('',(11.2800001490116,-0.149998815357679,20.485));
#8435=CARTESIAN_POINT('',(11.2799996416271,-0.149998815357677,42.024998447299));
#8436=CARTESIAN_POINT('',(13.1300001490116,-0.149998815357679,20.485));
#8437=CARTESIAN_POINT('',(11.5650001490116,-0.149998815357677,20.485));
#8438=CARTESIAN_POINT('',(13.1300001490116,-0.149998815357679,17.735));
#8439=CARTESIAN_POINT('',(13.1300001490116,-0.149998815357677,18.8174992236495));
#8440=CARTESIAN_POINT('',(11.2800001490116,-0.149998815357679,17.735));
#8441=CARTESIAN_POINT('',(11.5650001490116,-0.149998815357678,17.735));
#8442=CARTESIAN_POINT('',(11.2800001490116,-0.149998815357679,14.735));
#8443=CARTESIAN_POINT('',(11.2799996416271,-0.149998815357677,39.149998447299));
#8444=CARTESIAN_POINT('',(13.1300001490116,-0.149998815357679,14.735));
#8445=CARTESIAN_POINT('',(11.5650001490116,-0.149998815357677,14.735));
#8446=CARTESIAN_POINT('',(13.1300001490116,-0.149998815357679,11.985));
#8447=CARTESIAN_POINT('',(13.1300001490116,-0.149998815357677,18.8174992236495));
#8448=CARTESIAN_POINT('',(11.2800001490116,-0.149998815357679,11.985));
#8449=CARTESIAN_POINT('',(11.5650001490116,-0.149998815357678,11.985));
#8450=CARTESIAN_POINT('',(11.2800001490116,-0.149998815357679,8.985));
#8451=CARTESIAN_POINT('',(11.2799996416271,-0.149998815357677,36.274998447299));
#8452=CARTESIAN_POINT('',(13.1300001490116,-0.149998815357679,8.985));
#8453=CARTESIAN_POINT('',(11.5650001490116,-0.149998815357677,8.985));
#8454=CARTESIAN_POINT('',(13.1300001490116,-0.149998815357679,6.235));
#8455=CARTESIAN_POINT('',(13.1300001490116,-0.149998815357677,18.8174992236495));
#8456=CARTESIAN_POINT('',(11.2800001490116,-0.149998815357679,6.235));
#8457=CARTESIAN_POINT('',(11.5650001490116,-0.149998815357678,6.235));
#8458=CARTESIAN_POINT('',(11.2800001490116,-0.149998815357679,3.235));
#8459=CARTESIAN_POINT('',(11.2799996416271,-0.149998815357677,33.399998447299));
#8460=CARTESIAN_POINT('',(13.1300001490116,-0.149998815357679,3.235));
#8461=CARTESIAN_POINT('',(11.5650001490116,-0.149998815357677,3.23500000000001));
#8462=CARTESIAN_POINT('',(13.1300001490116,-0.149998815357679,-0.0750000000000003));
#8463=CARTESIAN_POINT('',(13.1300001490116,-0.149998815357677,18.8174992236495));
#8464=CARTESIAN_POINT('',(11.1299996416271,-0.149998815357679,-0.0749999999999984));
#8465=CARTESIAN_POINT('',(10.1300001043081,-0.14999881535768,-0.0750000000000001));
#8466=CARTESIAN_POINT('',(11.1299996416271,-0.14999961256981,3.23500124609563));
#8467=CARTESIAN_POINT('',(11.1299996416271,-0.149998815357677,33.399998447299));
#8468=CARTESIAN_POINT('',(-0.150000358372926,-0.14999961256981,3.23500124609563));
#8469=CARTESIAN_POINT('',(1.99999989531935,-0.14999961256981,3.23500000000001));
#8470=CARTESIAN_POINT('',(-0.150000358372926,-0.14999961256981,6.19999934732914));
#8471=CARTESIAN_POINT('',(-0.150000358372922,-0.149998815357678,19.7999988973141));
#8472=CARTESIAN_POINT('',(11.1299996416271,-0.14999961256981,6.19999934732914));
#8473=CARTESIAN_POINT('',(6.07499964162708,-0.14999961256981,6.19999934732914));
#8474=CARTESIAN_POINT('',(11.1299996416271,-0.14999961256981,8.98500124609563));
#8475=CARTESIAN_POINT('',(11.1299996416271,-0.149998815357677,33.399998447299));
#8476=CARTESIAN_POINT('',(-0.150000358372926,-0.14999961256981,8.98500124609563));
#8477=CARTESIAN_POINT('',(1.99999989531935,-0.14999961256981,8.98500000000001));
#8478=CARTESIAN_POINT('',(-0.150000358372926,-0.14999961256981,11.9499993473291));
#8479=CARTESIAN_POINT('',(-0.150000358372923,-0.149998815357678,22.6749988973141));
#8480=CARTESIAN_POINT('',(11.1299996416271,-0.14999961256981,11.9499993473291));
#8481=CARTESIAN_POINT('',(6.07499964162708,-0.14999961256981,11.9499993473291));
#8482=CARTESIAN_POINT('',(11.1299996416271,-0.14999961256981,14.7350012460956));
#8483=CARTESIAN_POINT('',(11.1299996416271,-0.149998815357677,33.399998447299));
#8484=CARTESIAN_POINT('',(1.99999989531935,-0.14999961256981,14.735));
#8485=CARTESIAN_POINT('Origin',(10.0000001490116,-0.149998815357678,33.399998447299));
#8486=CARTESIAN_POINT('',(-0.149999850988388,-0.149998815357679,11.985));
#8487=CARTESIAN_POINT('',(-0.150000358372932,-0.149998815357678,0.));
#8488=CARTESIAN_POINT('',(-1.84999985098839,-0.149998815357679,11.985));
#8489=CARTESIAN_POINT('',(5.00000014901161,-0.149998815357678,11.985));
#8490=CARTESIAN_POINT('',(-1.84999985098839,-0.149998815357679,8.98500000000001));
#8491=CARTESIAN_POINT('',(-1.85000035837292,-0.149998815357677,36.274998447299));
#8492=CARTESIAN_POINT('',(5.00000014901161,-0.149998815357677,8.98500000000001));
#8493=CARTESIAN_POINT('',(-0.14999985098839,-0.149998815357679,6.23500000000001));
#8494=CARTESIAN_POINT('',(-0.150000358372932,-0.149998815357678,0.));
#8495=CARTESIAN_POINT('',(-1.84999985098839,-0.149998815357679,6.23500000000001));
#8496=CARTESIAN_POINT('',(5.00000014901161,-0.149998815357678,6.23500000000001));
#8497=CARTESIAN_POINT('',(-1.84999985098839,-0.149998815357679,3.23500000000001));
#8498=CARTESIAN_POINT('',(-1.85000035837292,-0.149998815357677,33.399998447299));
#8499=CARTESIAN_POINT('',(5.00000014901161,-0.149998815357677,3.23500000000001));
#8500=CARTESIAN_POINT('',(-0.150000358372932,-0.149998815357679,-0.075));
#8501=CARTESIAN_POINT('',(-0.150000358372932,-0.149998815357678,0.));
#8502=CARTESIAN_POINT('',(-2.00000002980232,-0.150000000000001,-0.075));
#8503=CARTESIAN_POINT('',(7.00000010430813,-0.14999881535768,-0.0750000000000001));
#8504=CARTESIAN_POINT('',(-2.00000002980232,-0.150000000000001,31.474998447299));
#8505=CARTESIAN_POINT('',(-2.00000002980232,-0.149998815357677,18.8174992236495));
#8506=CARTESIAN_POINT('',(-0.150000358372925,-0.149998815357679,31.474998447299));
#8507=CARTESIAN_POINT('',(7.00000010430813,-0.149998815357678,31.474998447299));
#8508=CARTESIAN_POINT('',(-0.149999850988386,-0.149998815357679,29.235));
#8509=CARTESIAN_POINT('',(-0.150000358372932,-0.149998815357678,0.));
#8510=CARTESIAN_POINT('',(-1.84999985098839,-0.149998815357679,29.235));
#8511=CARTESIAN_POINT('',(5.00000014901162,-0.149998815357678,29.235));
#8512=CARTESIAN_POINT('',(-1.84999985098839,-0.149998815357679,26.235));
#8513=CARTESIAN_POINT('',(-1.85000035837292,-0.149998815357677,44.899998447299));
#8514=CARTESIAN_POINT('',(5.00000014901162,-0.149998815357677,26.235));
#8515=CARTESIAN_POINT('',(-1.84999985098839,-0.149998815357679,23.485));
#8516=CARTESIAN_POINT('',(5.00000014901162,-0.149998815357678,23.485));
#8517=CARTESIAN_POINT('',(-1.84999985098839,-0.149998815357679,20.485));
#8518=CARTESIAN_POINT('',(-1.85000035837292,-0.149998815357677,42.024998447299));
#8519=CARTESIAN_POINT('',(5.00000014901162,-0.149998815357677,20.485));
#8520=CARTESIAN_POINT('',(-0.150000358372932,-0.149998815357678,0.));
#8521=CARTESIAN_POINT('Origin',(-0.150000358372917,23.8000006526709,33.399998447299));
#8522=CARTESIAN_POINT('',(-0.150000358372926,24.1000006526709,11.9499993473291));
#8523=CARTESIAN_POINT('',(-0.150000358372917,24.1000006526709,33.399998447299));
#8524=CARTESIAN_POINT('',(-0.150000358372926,26.0000003874302,11.9499993473291));
#8525=CARTESIAN_POINT('',(-0.150000358372927,24.9000005200505,11.9499993473291));
#8526=CARTESIAN_POINT('',(-0.150000358372931,26.0000003874302,-2.77555756156289E-16));
#8527=CARTESIAN_POINT('Origin',(1.12999997019768,26.0000003874302,31.399998447299));
#8528=CARTESIAN_POINT('',(-2.00000002980231,26.0000003874302,33.399998447299));
#8529=CARTESIAN_POINT('',(13.1300001490116,26.0000003874302,33.399998447299));
#8530=CARTESIAN_POINT('',(1.12999997019769,26.0000003874302,33.399998447299));
#8531=CARTESIAN_POINT('',(13.1300001490116,26.0000003874302,-4.));
#8532=CARTESIAN_POINT('',(13.1300001490116,26.0000003874302,-2.));
#8533=CARTESIAN_POINT('',(-2.00000002980232,26.0000003874302,-4.));
#8534=CARTESIAN_POINT('',(-2.00000002980232,26.0000003874302,-4.));
#8535=CARTESIAN_POINT('',(-2.00000002980231,26.0000003874302,33.399998447299));
#8536=CARTESIAN_POINT('',(11.1500001192093,26.0000003874302,31.474998447299));
#8537=CARTESIAN_POINT('',(11.1499996416271,26.0000003874302,32.399998447299));
#8538=CARTESIAN_POINT('',(8.00000011920929,26.0000003874302,31.474998447299));
#8539=CARTESIAN_POINT('',(11.1499996416271,26.0000003874302,11.9499993473291));
#8540=CARTESIAN_POINT('',(8.00000011920929,26.0000003874302,11.9499993473291));
#8541=CARTESIAN_POINT('',(11.1499996416271,26.0000003874302,32.399998447299));
#8542=CARTESIAN_POINT('',(-0.150000358372926,26.0000003874302,3.23500124609563));
#8543=CARTESIAN_POINT('',(11.1499996416271,26.0000003874302,3.23500124609563));
#8544=CARTESIAN_POINT('',(-2.0000000949949,26.0000003874302,3.23500124609563));
#8545=CARTESIAN_POINT('',(-0.150000358372932,26.0000003874302,-0.075));
#8546=CARTESIAN_POINT('',(-0.150000358372931,26.0000003874302,-2.77555756156289E-16));
#8547=CARTESIAN_POINT('',(11.1499996416271,26.0000003874302,-0.0750000000000002));
#8548=CARTESIAN_POINT('',(4.63999980591237,26.0000003874302,-0.0749999999999962));
#8549=CARTESIAN_POINT('',(11.1499996416271,26.0000003874302,32.399998447299));
#8550=CARTESIAN_POINT('',(-0.150000358372926,26.0000003874302,8.98500124609563));
#8551=CARTESIAN_POINT('',(-0.150000358372926,26.0000003874302,6.19999934732914));
#8552=CARTESIAN_POINT('',(-0.150000358372931,26.0000003874302,-2.77555756156289E-16));
#8553=CARTESIAN_POINT('',(11.1499996416271,26.0000003874302,6.19999934732914));
#8554=CARTESIAN_POINT('',(8.00000011920929,26.0000003874302,6.19999934732914));
#8555=CARTESIAN_POINT('',(11.1499996416271,26.0000003874302,8.98500000000001));
#8556=CARTESIAN_POINT('',(11.1499996416271,26.0000003874302,32.399998447299));
#8557=CARTESIAN_POINT('',(1.1299999050051,26.0000003874302,8.98500124609563));
#8558=CARTESIAN_POINT('Origin',(11.1499996416271,26.0000003874302,33.399998447299));
#8559=CARTESIAN_POINT('',(11.1500001192093,24.1000003576279,31.474998447299));
#8560=CARTESIAN_POINT('',(11.1499996416271,24.1000006526709,33.399998447299));
#8561=CARTESIAN_POINT('',(11.1499996416271,25.000000372529,31.474998447299));
#8562=CARTESIAN_POINT('Origin',(-0.150000358372925,26.0000003874302,11.9499993473291));
#8563=CARTESIAN_POINT('',(-0.150000358372928,24.1000006526709,8.98500000000001));
#8564=CARTESIAN_POINT('',(-0.150000358372917,24.1000006526709,33.399998447299));
#8565=CARTESIAN_POINT('',(-0.149999850988388,23.9500006526709,8.98500000000001));
#8566=CARTESIAN_POINT('',(-0.150000358372926,26.0000003874302,8.98500124609563));
#8567=CARTESIAN_POINT('',(-0.150000358372926,23.9500003874302,11.9499993473291));
#8568=CARTESIAN_POINT('',(-0.149999850988392,23.9500006526709,24.5674992236495));
#8569=CARTESIAN_POINT('',(-0.150000358372926,26.0000003874302,11.9499993473291));
#8570=CARTESIAN_POINT('Origin',(11.2799996416271,26.0000003874302,11.9499993473291));
#8571=CARTESIAN_POINT('',(11.1499996416271,24.1000006526709,11.9499993473291));
#8572=CARTESIAN_POINT('',(11.1499996416271,26.0000003874302,11.9499993473291));
#8573=CARTESIAN_POINT('',(1.49011609718031E-7,23.9500003874302,11.9499993473291));
#8574=CARTESIAN_POINT('',(4.07499989531935,23.9500006526709,11.9499993473291));
#8575=CARTESIAN_POINT('',(1.49011609718031E-7,24.1000003874302,11.9499993473291));
#8576=CARTESIAN_POINT('',(0.,25.000000372529,11.9499993473291));
#8577=CARTESIAN_POINT('',(9.63999964162708,24.1000006526709,11.9499993473291));
#8578=CARTESIAN_POINT('Origin',(1.49011606350724E-7,23.9500006526709,11.985));
#8579=CARTESIAN_POINT('',(1.49011611938477E-7,23.9500006526709,8.98500000000001));
#8580=CARTESIAN_POINT('',(1.56500014901161,23.9500006526709,8.98500000000001));
#8581=CARTESIAN_POINT('',(1.49011615232509E-7,23.9500006526709,24.5674992236495));
#8582=CARTESIAN_POINT('Origin',(1.49011620820261E-7,26.0000003874302,37.149998447299));
#8583=CARTESIAN_POINT('',(1.49011614158923E-7,24.1000006526709,8.98500000000001));
#8584=CARTESIAN_POINT('',(0.,23.9750005051494,8.98500000000001));
#8585=CARTESIAN_POINT('',(1.49011614158923E-7,24.1000006526709,24.5674992236495));
#8586=CARTESIAN_POINT('Origin',(3.13000014901161,23.9500006526709,8.98500000000001));
#8587=CARTESIAN_POINT('',(11.1499996416271,24.1000006526709,8.98500000000001));
#8588=CARTESIAN_POINT('',(11.1499996416271,24.9750005200505,8.98500000000001));
#8589=CARTESIAN_POINT('',(5.56499989531935,24.1000006526709,8.98500000000001));
#8590=CARTESIAN_POINT('',(-0.150000358372928,23.8750006526709,8.98500000000001));
#8591=CARTESIAN_POINT('Origin',(-0.150000358372917,23.8000006526709,33.399998447299));
#8592=CARTESIAN_POINT('',(-0.150000358372926,24.1000006526709,6.19999934732914));
#8593=CARTESIAN_POINT('',(-0.150000358372917,24.1000006526709,33.399998447299));
#8594=CARTESIAN_POINT('',(-0.150000358372929,24.9000005200505,6.19999934732914));
#8595=CARTESIAN_POINT('Origin',(-0.150000358372924,-2.00000002980232,33.399998447299));
#8596=CARTESIAN_POINT('',(-0.150000358372926,-2.00000000574413,14.735));
#8597=CARTESIAN_POINT('',(-0.150000358372932,-2.02499968856573,14.735));
#8598=CARTESIAN_POINT('',(-0.150000358372926,-2.00000000574413,11.9499993473291));
#8599=CARTESIAN_POINT('',(-0.150000358372925,-2.00000002980232,32.399998447299));
#8600=CARTESIAN_POINT('',(-0.150000358372934,-0.999999821186066,11.9499993473291));
#8601=CARTESIAN_POINT('',(-0.150000358372926,11.9750005200505,8.98500000000001));
#8602=CARTESIAN_POINT('',(-0.149999850988392,23.9500006526709,24.5674992236495));
#8603=CARTESIAN_POINT('',(-0.149999850988388,23.9500006526709,11.985));
#8604=CARTESIAN_POINT('',(-0.149999850988392,23.9500006526709,24.5674992236495));
#8605=CARTESIAN_POINT('',(-0.149999850988392,12.9250007860363,11.985));
#8606=CARTESIAN_POINT('Origin',(11.1499996416271,26.0000003874302,33.399998447299));
#8607=CARTESIAN_POINT('',(11.1499996416271,24.1000006526709,33.399998447299));
#8608=CARTESIAN_POINT('Origin',(11.1499996416271,26.0000003874302,33.399998447299));
#8609=CARTESIAN_POINT('',(11.1500001192093,24.1040003874302,6.19999934732914));
#8610=CARTESIAN_POINT('',(11.1499996416271,26.0000003874302,6.19999934732914));
#8611=CARTESIAN_POINT('',(11.1500001192093,24.1040003874302,3.23500124609563));
#8612=CARTESIAN_POINT('',(11.1499996416271,24.1040003874302,19.0587493720057));
#8613=CARTESIAN_POINT('',(11.1499996416271,24.9750005200505,3.23500000000001));
#8614=CARTESIAN_POINT('',(11.1499996416271,24.1000006526709,-0.0749999999999997));
#8615=CARTESIAN_POINT('',(11.1499996416271,19.0000002831221,-0.0750000000000002));
#8616=CARTESIAN_POINT('',(11.1499996416271,24.1000006526709,33.399998447299));
#8617=CARTESIAN_POINT('Origin',(3.13000014901161,23.9500006526709,3.23500000000001));
#8618=CARTESIAN_POINT('',(1.49011614158923E-7,24.1040006526709,3.23500000000001));
#8619=CARTESIAN_POINT('',(8.00000011920929,24.1040003874302,3.23500124609563));
#8620=CARTESIAN_POINT('',(1.49011609718031E-7,23.9500006526709,3.23500000000001));
#8621=CARTESIAN_POINT('',(0.,23.9750005051494,3.23500000000001));
#8622=CARTESIAN_POINT('',(-0.14999985098839,23.9500006526709,3.23500000000001));
#8623=CARTESIAN_POINT('',(1.56500014901161,23.9500006526709,3.23500000000001));
#8624=CARTESIAN_POINT('',(-0.150000358372926,24.1000006526709,3.23500124609563));
#8625=CARTESIAN_POINT('',(-0.150000358372926,26.0000003874302,3.23500124609563));
#8626=CARTESIAN_POINT('',(-0.15000035837293,23.8750006526709,3.23500000000001));
#8627=CARTESIAN_POINT('Origin',(11.2799996416271,26.0000003874302,6.19999934732914));
#8628=CARTESIAN_POINT('',(-0.150000358372926,23.9500003874302,6.19999934732914));
#8629=CARTESIAN_POINT('',(-0.150000358372926,26.0000003874302,6.19999934732914));
#8630=CARTESIAN_POINT('',(1.49011609718031E-7,23.9500003874302,6.19999934732914));
#8631=CARTESIAN_POINT('',(4.07499989531935,23.9500006526709,6.19999934732914));
#8632=CARTESIAN_POINT('',(1.49011609718031E-7,24.1040003874302,6.19999934732914));
#8633=CARTESIAN_POINT('',(0.,25.000000372529,6.19999934732914));
#8634=CARTESIAN_POINT('',(8.00000011920929,24.1040003874302,6.19999934732914));
#8635=CARTESIAN_POINT('Origin',(1.49011604130278E-7,23.9500006526709,6.23500000000001));
#8636=CARTESIAN_POINT('',(-0.149999850988395,23.9500006526709,18.8174992236495));
#8637=CARTESIAN_POINT('',(1.49011615232509E-7,23.9500006526709,18.8174992236495));
#8638=CARTESIAN_POINT('Origin',(1.49011620820261E-7,26.0000003874302,31.399998447299));
#8639=CARTESIAN_POINT('',(1.49011614158923E-7,24.1040006526709,18.8174992236495));
#8640=CARTESIAN_POINT('Origin',(3.99999964162708,24.1040003874302,4.71750029671238));
#8641=CARTESIAN_POINT('Origin',(-0.150000358372925,26.0000003874302,6.19999934732914));
#8642=CARTESIAN_POINT('',(-0.150000358372917,24.1000006526709,33.399998447299));
#8643=CARTESIAN_POINT('Origin',(-0.150000358372924,-2.00000002980232,33.399998447299));
#8644=CARTESIAN_POINT('',(-0.150000358372926,-2.00000000574413,8.98500000000001));
#8645=CARTESIAN_POINT('',(-0.150000358372935,-2.02499968856573,8.98500000000001));
#8646=CARTESIAN_POINT('',(-0.150000358372926,-2.00000000574413,6.19999934732914));
#8647=CARTESIAN_POINT('',(-0.150000358372925,-2.00000002980232,32.399998447299));
#8648=CARTESIAN_POINT('',(-0.150000358372936,-0.999999821186066,6.19999934732914));
#8649=CARTESIAN_POINT('',(-0.150000358372926,11.9750005200505,3.23500000000001));
#8650=CARTESIAN_POINT('',(-0.149999850988395,23.9500006526709,18.8174992236495));
#8651=CARTESIAN_POINT('',(-0.14999985098839,23.9500006526709,6.23500000000001));
#8652=CARTESIAN_POINT('',(-0.149999850988395,23.9500006526709,18.8174992236495));
#8653=CARTESIAN_POINT('',(-0.149999850988395,12.9250007860363,6.23500000000001));
#8654=CARTESIAN_POINT('Origin',(-0.150000358372917,23.8000006526709,33.399998447299));
#8655=CARTESIAN_POINT('',(-0.150000358372933,24.1000006526709,-0.0749999999999984));
#8656=CARTESIAN_POINT('',(-0.150000358372917,24.1000006526709,33.399998447299));
#8657=CARTESIAN_POINT('',(-0.150000358372931,17.9000004157424,-0.0750000000000003));
#8658=CARTESIAN_POINT('Origin',(13.1300001490116,-0.149998815357679,17.735));
#8659=CARTESIAN_POINT('',(13.1300001490116,23.9500006526709,17.735));
#8660=CARTESIAN_POINT('',(13.1300001490116,23.9500006526709,17.735));
#8661=CARTESIAN_POINT('',(11.2800001490116,23.9500006526709,17.735));
#8662=CARTESIAN_POINT('',(12.1299998953193,23.9500006526709,17.735));
#8663=CARTESIAN_POINT('',(11.2800001490116,23.9500006526709,17.735));
#8664=CARTESIAN_POINT('Origin',(13.1300001490116,23.9500006526709,14.735));
#8665=CARTESIAN_POINT('',(13.1300001490116,23.9500006526709,14.735));
#8666=CARTESIAN_POINT('',(13.1300001490116,-0.149998815357679,14.735));
#8667=CARTESIAN_POINT('',(11.2799996416271,23.9500003874302,14.7350012460956));
#8668=CARTESIAN_POINT('',(11.2800001490116,-0.149998815357679,14.735));
#8669=CARTESIAN_POINT('',(12.1299998953193,23.9500006526709,14.735));
#8670=CARTESIAN_POINT('Origin',(13.1300001490116,23.9500006526709,17.735));
#8671=CARTESIAN_POINT('',(11.2799996416271,23.9500003874302,-11.575));
#8672=CARTESIAN_POINT('',(13.1300001490116,23.9500006526709,30.3174992236495));
#8673=CARTESIAN_POINT('Origin',(11.2799996416271,26.0000003874302,44.899998447299));
#8674=CARTESIAN_POINT('Origin',(13.1300001490116,-0.149998815357679,29.235));
#8675=CARTESIAN_POINT('',(13.1300001490116,23.9500006526709,29.235));
#8676=CARTESIAN_POINT('',(13.1300001490116,23.9500006526709,29.235));
#8677=CARTESIAN_POINT('',(11.2800001490116,23.9500006526709,29.235));
#8678=CARTESIAN_POINT('',(12.1299998953194,23.9500006526709,29.235));
#8679=CARTESIAN_POINT('',(11.2800001490116,23.9500006526709,29.235));
#8680=CARTESIAN_POINT('Origin',(13.1300001490116,23.9500006526709,26.235));
#8681=CARTESIAN_POINT('',(13.1300001490116,23.9500006526709,26.235));
#8682=CARTESIAN_POINT('',(13.1300001490116,-0.149998815357679,26.235));
#8683=CARTESIAN_POINT('',(11.2799996416271,23.9500003874302,26.2350012460956));
#8684=CARTESIAN_POINT('',(11.2800001490116,-0.149998815357679,26.235));
#8685=CARTESIAN_POINT('',(12.1299998953194,23.9500006526709,26.235));
#8686=CARTESIAN_POINT('Origin',(13.1300001490116,23.9500006526709,29.235));
#8687=CARTESIAN_POINT('',(11.2799996416271,23.9500003874302,-0.0750000000000003));
#8688=CARTESIAN_POINT('',(13.1300001490116,23.9500006526709,41.8174992236495));
#8689=CARTESIAN_POINT('Origin',(11.2799996416271,26.0000003874302,56.399998447299));
#8690=CARTESIAN_POINT('Origin',(11.2799996416271,26.0000003874302,50.649998447299));
#8691=CARTESIAN_POINT('',(11.2800001490116,23.9500006526709,23.485));
#8692=CARTESIAN_POINT('',(11.2800001490116,23.9500006526709,23.485));
#8693=CARTESIAN_POINT('',(11.2799996416271,23.9500003874302,20.4850012460956));
#8694=CARTESIAN_POINT('',(11.2799996416271,23.9500003874302,-5.825));
#8695=CARTESIAN_POINT('',(11.2800001490116,-0.149998815357679,20.485));
#8696=CARTESIAN_POINT('Origin',(13.1300001490116,23.9500006526709,23.485));
#8697=CARTESIAN_POINT('',(13.1300001490116,23.9500006526709,20.485));
#8698=CARTESIAN_POINT('',(12.1299998953193,23.9500006526709,20.485));
#8699=CARTESIAN_POINT('',(13.1300001490116,23.9500006526709,23.485));
#8700=CARTESIAN_POINT('',(12.1299998953193,23.9500006526709,23.485));
#8701=CARTESIAN_POINT('',(13.1300001490116,23.9500006526709,36.0674992236495));
#8702=CARTESIAN_POINT('Origin',(13.1300001490116,23.9500006526709,20.485));
#8703=CARTESIAN_POINT('',(13.1300001490116,-0.149998815357679,20.485));
#8704=CARTESIAN_POINT('Origin',(13.1300001490116,-0.149998815357679,23.485));
#8705=CARTESIAN_POINT('',(13.1300001490116,23.9500006526709,23.485));
#8706=CARTESIAN_POINT('Origin',(13.1300001490116,-0.149998815357679,11.985));
#8707=CARTESIAN_POINT('',(13.1300001490116,23.9500006526709,11.985));
#8708=CARTESIAN_POINT('',(13.1300001490116,23.9500006526709,11.985));
#8709=CARTESIAN_POINT('',(11.2800001490116,23.9500006526709,11.985));
#8710=CARTESIAN_POINT('',(12.1299998953193,23.9500006526709,11.985));
#8711=CARTESIAN_POINT('',(11.2800001490116,23.9500006526709,11.985));
#8712=CARTESIAN_POINT('Origin',(13.1300001490116,23.9500006526709,8.985));
#8713=CARTESIAN_POINT('',(13.1300001490116,23.9500006526709,8.985));
#8714=CARTESIAN_POINT('',(13.1300001490116,-0.149998815357679,8.985));
#8715=CARTESIAN_POINT('',(11.2799996416271,23.9500003874302,8.98500124609563));
#8716=CARTESIAN_POINT('',(11.2800001490116,-0.149998815357679,8.985));
#8717=CARTESIAN_POINT('',(12.1299998953193,23.9500006526709,8.98500000000001));
#8718=CARTESIAN_POINT('Origin',(13.1300001490116,23.9500006526709,11.985));
#8719=CARTESIAN_POINT('',(11.2799996416271,23.9500003874302,-17.325));
#8720=CARTESIAN_POINT('',(13.1300001490116,23.9500006526709,24.5674992236495));
#8721=CARTESIAN_POINT('Origin',(11.2799996416271,26.0000003874302,39.149998447299));
#8722=CARTESIAN_POINT('Origin',(13.1300001490116,-0.149998815357679,6.235));
#8723=CARTESIAN_POINT('',(13.1300001490116,23.9500006526709,6.235));
#8724=CARTESIAN_POINT('',(13.1300001490116,23.9500006526709,6.235));
#8725=CARTESIAN_POINT('',(11.2800001490116,23.9500006526709,6.235));
#8726=CARTESIAN_POINT('',(12.1299998953193,23.9500006526709,6.235));
#8727=CARTESIAN_POINT('',(11.2800001490116,23.9500006526709,6.235));
#8728=CARTESIAN_POINT('Origin',(13.1300001490116,23.9500006526709,3.235));
#8729=CARTESIAN_POINT('',(13.1300001490116,23.9500006526709,3.235));
#8730=CARTESIAN_POINT('',(13.1300001490116,-0.149998815357679,3.235));
#8731=CARTESIAN_POINT('',(11.2800001490116,23.9500006526709,3.235));
#8732=CARTESIAN_POINT('',(11.2800001490116,-0.149998815357679,3.235));
#8733=CARTESIAN_POINT('',(12.1299998953193,23.9500006526709,3.23500000000001));
#8734=CARTESIAN_POINT('Origin',(13.1300001490116,23.9500006526709,6.23500000000001));
#8735=CARTESIAN_POINT('',(11.2799996416271,23.9500006526709,19.8174992236495));
#8736=CARTESIAN_POINT('',(13.1300001490116,23.9500006526709,18.8174992236495));
#8737=CARTESIAN_POINT('Origin',(11.2799996416271,26.0000003874302,33.399998447299));
#8738=CARTESIAN_POINT('Origin',(1.49011609718031E-7,23.9500006526709,3.23500000000001));
#8739=CARTESIAN_POINT('',(-1.84999985098839,23.9500006526709,3.23500000000001));
#8740=CARTESIAN_POINT('',(-1.84999985098839,-0.149998815357679,3.23500000000001));
#8741=CARTESIAN_POINT('',(-1.00000010468066,23.9500006526709,3.23500000000001));
#8742=CARTESIAN_POINT('Origin',(1.49011609718031E-7,-0.149998815357679,
6.23500000000001));
#8743=CARTESIAN_POINT('',(-1.84999985098839,23.9500006526709,6.23500000000001));
#8744=CARTESIAN_POINT('',(-1.00000010468066,23.9500006526709,6.23500000000001));
#8745=CARTESIAN_POINT('',(-1.84999985098839,23.9500006526709,6.23500000000001));
#8746=CARTESIAN_POINT('Origin',(1.49011609718031E-7,23.9500006526709,6.23500000000001));
#8747=CARTESIAN_POINT('',(-1.85000035837293,23.9500006526709,19.8174992236495));
#8748=CARTESIAN_POINT('Origin',(-1.85000035837292,26.0000003874302,33.399998447299));
#8749=CARTESIAN_POINT('Origin',(1.49011611938477E-7,23.9500006526709,8.98500000000001));
#8750=CARTESIAN_POINT('',(-1.84999985098839,23.9500006526709,8.98500000000001));
#8751=CARTESIAN_POINT('',(-1.84999985098839,-0.149998815357679,8.98500000000001));
#8752=CARTESIAN_POINT('',(-1.00000010468066,23.9500006526709,8.98500000000001));
#8753=CARTESIAN_POINT('Origin',(1.49011611938477E-7,-0.149998815357679,
11.985));
#8754=CARTESIAN_POINT('',(-1.84999985098839,23.9500006526709,11.985));
#8755=CARTESIAN_POINT('',(-1.00000010468066,23.9500006526709,11.985));
#8756=CARTESIAN_POINT('',(-1.84999985098839,23.9500006526709,11.985));
#8757=CARTESIAN_POINT('Origin',(1.49011611938477E-7,23.9500006526709,11.985));
#8758=CARTESIAN_POINT('',(-1.85000035837293,23.9500006526709,25.5674992236495));
#8759=CARTESIAN_POINT('Origin',(-1.85000035837292,26.0000003874302,39.149998447299));
#8760=CARTESIAN_POINT('Origin',(1.49011614158923E-7,23.9500006526709,20.485));
#8761=CARTESIAN_POINT('',(-1.84999985098839,23.9500006526709,20.485));
#8762=CARTESIAN_POINT('',(-1.84999985098839,-0.149998815357679,20.485));
#8763=CARTESIAN_POINT('',(-1.00000010468065,23.9500006526709,20.485));
#8764=CARTESIAN_POINT('Origin',(1.49011614158923E-7,-0.149998815357679,
23.485));
#8765=CARTESIAN_POINT('',(-1.84999985098839,23.9500006526709,23.485));
#8766=CARTESIAN_POINT('',(-1.00000010468065,23.9500006526709,23.485));
#8767=CARTESIAN_POINT('',(-1.84999985098839,23.9500006526709,23.485));
#8768=CARTESIAN_POINT('Origin',(1.49011614158923E-7,23.9500006526709,23.485));
#8769=CARTESIAN_POINT('',(-1.85000035837292,23.9500006526709,37.0674992236495));
#8770=CARTESIAN_POINT('Origin',(-1.85000035837292,26.0000003874302,50.649998447299));
#8771=CARTESIAN_POINT('Origin',(1.49011614158923E-7,23.9500006526709,26.235));
#8772=CARTESIAN_POINT('',(-0.150000358372926,23.9500003874302,26.2350012460956));
#8773=CARTESIAN_POINT('',(-0.150000358372926,11.9750005200505,26.235));
#8774=CARTESIAN_POINT('',(-1.84999985098839,23.9500006526709,26.235));
#8775=CARTESIAN_POINT('',(-1.84999985098839,-0.149998815357679,26.235));
#8776=CARTESIAN_POINT('',(-1.00000010468065,23.9500006526709,26.235));
#8777=CARTESIAN_POINT('Origin',(1.49011614158923E-7,23.9500006526709,29.235));
#8778=CARTESIAN_POINT('',(-0.149999850988386,23.9500006526709,29.235));
#8779=CARTESIAN_POINT('',(-0.150000358372925,23.9500006526709,29.2174996736646));
#8780=CARTESIAN_POINT('',(-1.84999985098839,23.9500006526709,29.235));
#8781=CARTESIAN_POINT('',(-1.85000035837292,23.9500006526709,42.8174992236495));
#8782=CARTESIAN_POINT('',(-1.00000010468065,23.9500006526709,29.235));
#8783=CARTESIAN_POINT('Origin',(1.49011614158923E-7,-0.149998815357679,
29.235));
#8784=CARTESIAN_POINT('',(-0.14999985098839,12.9250007860363,29.235));
#8785=CARTESIAN_POINT('',(-1.84999985098839,23.9500006526709,29.235));
#8786=CARTESIAN_POINT('Origin',(-1.85000035837292,26.0000003874302,56.399998447299));
#8787=CARTESIAN_POINT('Origin',(1.49011614158923E-7,-2.04999934732913,26.235));
#8788=CARTESIAN_POINT('',(11.1299996416271,-2.00000120207451,26.2350012460956));
#8789=CARTESIAN_POINT('',(11.1300001192093,4.9750004157424,26.235));
#8790=CARTESIAN_POINT('',(8.14999964162708,-2.00000120207451,26.2350012460956));
#8791=CARTESIAN_POINT('',(8.14999964162708,-2.00000120207451,26.2350012460956));
#8792=CARTESIAN_POINT('',(1.57500069707676,-2.00000025437921,26.235));
#8793=CARTESIAN_POINT('Origin',(8.14999964162708,3.87430190151861E-7,29.1999993473291));
#8794=CARTESIAN_POINT('',(-0.150000358372926,-2.00000000574413,29.1999993473291));
#8795=CARTESIAN_POINT('',(-0.150000358372926,-0.999999821186066,29.1999993473291));
#8796=CARTESIAN_POINT('',(8.14999964162708,-2.00000120207451,29.1999993473291));
#8797=CARTESIAN_POINT('',(5.65000029564484,-2.00000084173413,29.1999993473291));
#8798=CARTESIAN_POINT('',(11.1299996416271,-2.00000120207451,29.1999993473291));
#8799=CARTESIAN_POINT('',(8.14999964162708,-2.00000120207451,29.1999993473291));
#8800=CARTESIAN_POINT('',(11.1300001192093,6.00000028312206,29.1999993473291));
#8801=CARTESIAN_POINT('Origin',(3.1500012379352,-2.00000048139378,27.735));
#8802=CARTESIAN_POINT('',(-0.150000358372925,-2.00000002980232,32.399998447299));
#8803=CARTESIAN_POINT('',(8.14999964162708,-2.00000120207451,26.9850006230478));
#8804=CARTESIAN_POINT('Origin',(-0.150000358372924,-2.00000002980232,33.399998447299));
#8805=CARTESIAN_POINT('',(-0.149999999999993,-2.00000002980232,31.474998447299));
#8806=CARTESIAN_POINT('',(-0.149999999999993,5.00000007450581,31.474998447299));
#8807=CARTESIAN_POINT('',(-0.150000358372925,-2.00000002980232,32.399998447299));
#8808=CARTESIAN_POINT('Origin',(11.1300001192093,12.0000001788139,14.6999992236495));
#8809=CARTESIAN_POINT('',(11.1299996416271,-2.00000120207451,23.4499993473291));
#8810=CARTESIAN_POINT('',(11.1300001192093,6.00000028312206,23.4499993473291));
#8811=CARTESIAN_POINT('',(11.1300001192093,-2.00000002980232,23.0499988354742));
#8812=CARTESIAN_POINT('Origin',(8.14999964162708,3.87430190151861E-7,23.4499993473291));
#8813=CARTESIAN_POINT('',(8.14999964162708,-2.00000120207451,23.4499993473291));
#8814=CARTESIAN_POINT('',(3.99999949749077,-2.0000006039093,23.4499993473291));
#8815=CARTESIAN_POINT('',(8.14999964162708,-2.00000120207451,23.4499993473291));
#8816=CARTESIAN_POINT('Origin',(-0.150000358372927,-2.00000000574413,29.1999993473291));
#8817=CARTESIAN_POINT('',(-0.150000358372926,-2.00000000574413,20.485));
#8818=CARTESIAN_POINT('',(-0.150000358372925,-2.00000002980232,32.399998447299));
#8819=CARTESIAN_POINT('',(8.14999964162708,-2.00000120207451,20.485));
#8820=CARTESIAN_POINT('',(-0.0750001010773007,-2.00000001655438,20.485));
#8821=CARTESIAN_POINT('',(8.14999964162708,-2.00000120207451,24.8425002967124));
#8822=CARTESIAN_POINT('Origin',(1.49011614158923E-7,-2.04999934732913,20.485));
#8823=CARTESIAN_POINT('',(11.1299996416271,-2.00000120207451,20.485));
#8824=CARTESIAN_POINT('',(11.1300001192093,4.9750004157424,20.485));
#8825=CARTESIAN_POINT('',(8.14999964162708,-2.00000120207451,20.485));
#8826=CARTESIAN_POINT('',(-0.15000035837293,-2.02499968856573,20.485));
#8827=CARTESIAN_POINT('Origin',(11.1300001192093,12.0000001788139,14.6999992236495));
#8828=CARTESIAN_POINT('',(11.1300001192093,-2.00000002980232,31.474998447299));
#8829=CARTESIAN_POINT('',(11.1300001192093,-2.00000002980232,23.0499988354742));
#8830=CARTESIAN_POINT('',(11.1300001192093,5.00000007450581,31.474998447299));
#8831=CARTESIAN_POINT('Origin',(8.14999964162708,3.87430190151861E-7,17.6999993473291));
#8832=CARTESIAN_POINT('',(-0.150000358372926,-2.00000000574413,17.6999993473291));
#8833=CARTESIAN_POINT('',(-0.150000358372931,-0.999999821186066,17.6999993473291));
#8834=CARTESIAN_POINT('',(8.14999964162708,-2.00000120207451,17.6999993473291));
#8835=CARTESIAN_POINT('',(3.99999949749077,-2.0000006039093,17.6999993473291));
#8836=CARTESIAN_POINT('',(11.1299996416271,-2.00000120207451,17.6999993473291));
#8837=CARTESIAN_POINT('',(8.14999964162708,-2.00000120207451,17.6999993473291));
#8838=CARTESIAN_POINT('',(11.1300001192093,6.00000028312206,17.6999993473291));
#8839=CARTESIAN_POINT('Origin',(-0.150000358372927,-2.00000000574413,29.1999993473291));
#8840=CARTESIAN_POINT('',(-0.150000358372925,-2.00000002980232,32.399998447299));
#8841=CARTESIAN_POINT('',(8.14999964162708,-2.00000120207451,14.735));
#8842=CARTESIAN_POINT('',(-0.0750001010773007,-2.00000001655438,14.735));
#8843=CARTESIAN_POINT('',(8.14999964162708,-2.00000120207451,21.9675002967124));
#8844=CARTESIAN_POINT('Origin',(1.49011614158923E-7,-2.04999934732913,14.735));
#8845=CARTESIAN_POINT('',(11.1299996416271,-2.00000120207451,14.735));
#8846=CARTESIAN_POINT('',(11.1300001192093,4.9750004157424,14.735));
#8847=CARTESIAN_POINT('',(8.14999964162708,-2.00000120207451,14.735));
#8848=CARTESIAN_POINT('Origin',(-0.150000358372924,-2.00000002980232,33.399998447299));
#8849=CARTESIAN_POINT('',(-0.150000358372925,-2.00000002980232,32.399998447299));
#8850=CARTESIAN_POINT('Origin',(11.1300001192093,12.0000001788139,14.6999992236495));
#8851=CARTESIAN_POINT('',(11.1300001192093,-2.00000002980232,23.0499988354742));
#8852=CARTESIAN_POINT('Origin',(8.14999964162708,3.87430190151861E-7,11.9499993473291));
#8853=CARTESIAN_POINT('',(8.14999964162708,-2.00000120207451,11.9499993473291));
#8854=CARTESIAN_POINT('',(3.99999949749077,-2.0000006039093,11.9499993473291));
#8855=CARTESIAN_POINT('',(11.1299996416271,-2.00000120207451,11.9499993473291));
#8856=CARTESIAN_POINT('',(8.14999964162708,-2.00000120207451,11.9499993473291));
#8857=CARTESIAN_POINT('',(11.1300001192093,6.00000028312206,11.9499993473291));
#8858=CARTESIAN_POINT('Origin',(-0.150000358372927,-2.00000000574413,29.1999993473291));
#8859=CARTESIAN_POINT('',(-0.150000358372925,-2.00000002980232,32.399998447299));
#8860=CARTESIAN_POINT('',(8.14999964162708,-2.00000120207451,8.98500000000001));
#8861=CARTESIAN_POINT('',(-0.0750001010773007,-2.00000001655438,8.98500000000001));
#8862=CARTESIAN_POINT('',(8.14999964162708,-2.00000120207451,19.0925002967124));
#8863=CARTESIAN_POINT('Origin',(1.49011614158923E-7,-2.04999934732913,8.98500000000001));
#8864=CARTESIAN_POINT('',(11.1299996416271,-2.00000120207451,8.98500000000001));
#8865=CARTESIAN_POINT('',(11.1300001192093,4.9750004157424,8.98500000000001));
#8866=CARTESIAN_POINT('',(8.14999964162708,-2.00000120207451,8.98500000000001));
#8867=CARTESIAN_POINT('Origin',(11.1300001192093,12.0000001788139,14.6999992236495));
#8868=CARTESIAN_POINT('',(11.1300001192093,-2.00000002980232,23.0499988354742));
#8869=CARTESIAN_POINT('Origin',(8.14999964162708,3.87430190151861E-7,6.19999934732914));
#8870=CARTESIAN_POINT('',(8.14999964162708,-2.00000120207451,6.19999934732914));
#8871=CARTESIAN_POINT('',(3.99999949749077,-2.0000006039093,6.19999934732913));
#8872=CARTESIAN_POINT('',(11.1299996416271,-2.00000120207451,6.19999934732914));
#8873=CARTESIAN_POINT('',(8.14999964162708,-2.00000120207451,6.19999934732914));
#8874=CARTESIAN_POINT('',(11.1300001192093,6.00000028312206,6.19999934732914));
#8875=CARTESIAN_POINT('Origin',(-0.150000358372927,-2.00000000574413,29.1999993473291));
#8876=CARTESIAN_POINT('',(-0.150000358372926,-2.00000000574413,3.23500000000001));
#8877=CARTESIAN_POINT('',(-0.150000358372925,-2.00000002980232,32.399998447299));
#8878=CARTESIAN_POINT('',(8.14999964162708,-2.00000120207451,3.23500000000001));
#8879=CARTESIAN_POINT('',(-0.0750001010773007,-2.00000001655438,3.23500000000001));
#8880=CARTESIAN_POINT('',(8.14999964162708,-2.00000120207451,16.2175002967124));
#8881=CARTESIAN_POINT('Origin',(1.49011614158923E-7,-2.04999934732913,3.23500000000001));
#8882=CARTESIAN_POINT('',(11.1299996416271,-2.00000120207451,3.23500000000001));
#8883=CARTESIAN_POINT('',(11.1300001192093,4.9750004157424,3.23500000000001));
#8884=CARTESIAN_POINT('',(8.14999964162708,-2.00000120207451,3.23500000000001));
#8885=CARTESIAN_POINT('',(-0.150000358372937,-2.02499968856573,3.23500000000001));
#8886=CARTESIAN_POINT('Origin',(11.1300001192093,12.0000001788139,14.6999992236495));
#8887=CARTESIAN_POINT('',(11.1300001192093,-2.00000002980232,23.0499988354742));
#8888=CARTESIAN_POINT('Origin',(-0.150000358372931,1.18464232201632E-6,
2.));
#8889=CARTESIAN_POINT('',(-0.150000358372931,24.1000006526709,-2.));
#8890=CARTESIAN_POINT('',(-0.150000358372931,-0.149998815357679,-2.));
#8891=CARTESIAN_POINT('',(-0.150000358372932,1.18464232201632E-6,-2.));
#8892=CARTESIAN_POINT('',(-0.150000358372932,24.1000006526709,-2.));
#8893=CARTESIAN_POINT('',(-0.150000358372931,6.00000068172813,-0.0750000000000002));
#8894=CARTESIAN_POINT('',(-0.150000358372932,-0.149998815357678,-2.));
#8895=CARTESIAN_POINT('Origin',(7.13000005960465,12.0000001788139,-0.0750000000000003));
#8896=CARTESIAN_POINT('',(-2.00000002980232,24.1000006526709,-0.0749999999999984));
#8897=CARTESIAN_POINT('',(5.99999985061586,24.1000006526709,-0.0749999999999984));
#8898=CARTESIAN_POINT('',(-2.00000002980233,10.9750003114343,-0.0749999999999984));
#8899=CARTESIAN_POINT('Origin',(7.13000005960465,12.0000001788139,-0.0750000000000003));
#8900=CARTESIAN_POINT('',(11.1299996416271,24.1000006526709,-0.0749999999999984));
#8901=CARTESIAN_POINT('',(3.56499985061586,24.1000006526709,-0.0750000000000003));
#8902=CARTESIAN_POINT('',(11.1300001192093,12.0000001788139,-0.0750000000000006));
#8903=CARTESIAN_POINT('',(13.1300001490116,24.1000006526709,-0.0749999999999984));
#8904=CARTESIAN_POINT('',(13.1300001490116,24.9750005200505,-0.0750000000000028));
#8905=CARTESIAN_POINT('',(11.2799996416271,24.1000006526709,-0.0750000000000003));
#8906=CARTESIAN_POINT('Origin',(7.13000005960465,12.0000001788139,-0.0750000000000003));
#8907=CARTESIAN_POINT('',(3.56499985061586,-0.149998815357677,-0.0750000000000002));
#8908=CARTESIAN_POINT('',(-0.15,-2.00000002980232,-0.0750000000000003));
#8909=CARTESIAN_POINT('',(-0.15,5.00000007450581,-0.0750000000000003));
#8910=CARTESIAN_POINT('',(11.1299996416271,-2.00000002980232,-0.0749999999999984));
#8911=CARTESIAN_POINT('',(7.00000010430813,-2.00000002980232,-0.0750000000000003));
#8912=CARTESIAN_POINT('',(11.1299996416271,6.00000068172813,-0.0750000000000003));
#8913=CARTESIAN_POINT('Origin',(-0.15,24.0000003576279,39.399998447299));
#8914=CARTESIAN_POINT('',(-0.15,18.0000002682209,31.474998447299));
#8915=CARTESIAN_POINT('',(-0.15,24.1000006526709,33.399998447299));
#8916=CARTESIAN_POINT('',(-0.15,24.1000006526709,33.399998447299));
#8917=CARTESIAN_POINT('',(-0.150000358372925,-0.149998815357679,33.399998447299));
#8918=CARTESIAN_POINT('',(-0.15,18.0000002682209,33.399998447299));
#8919=CARTESIAN_POINT('',(-0.150000358372926,-0.149998815357678,29.399998447299));
#8920=CARTESIAN_POINT('Origin',(4.00000005960465,12.0000001788139,31.474998447299));
#8921=CARTESIAN_POINT('',(11.1300001192093,24.1000006526709,31.474998447299));
#8922=CARTESIAN_POINT('',(2.00000002980233,24.1000006526709,31.474998447299));
#8923=CARTESIAN_POINT('',(13.1300001490116,24.1000006526709,31.474998447299));
#8924=CARTESIAN_POINT('',(9.12999985061587,24.1000006526709,31.474998447299));
#8925=CARTESIAN_POINT('',(13.1300001490116,24.9750005200505,31.474998447299));
#8926=CARTESIAN_POINT('',(11.1300001192093,12.0000001788139,31.474998447299));
#8927=CARTESIAN_POINT('Origin',(4.00000005960465,12.0000001788139,31.474998447299));
#8928=CARTESIAN_POINT('',(1.99999985061586,-0.149998815357677,31.474998447299));
#8929=CARTESIAN_POINT('',(8.00000011920929,-2.00000002980232,31.474998447299));
#8930=CARTESIAN_POINT('Origin',(4.00000005960465,12.0000001788139,33.399998447299));
#8931=CARTESIAN_POINT('',(-2.00000002980231,-2.00000002980232,33.399998447299));
#8932=CARTESIAN_POINT('',(-2.00000002980231,-2.00000002980232,33.399998447299));
#8933=CARTESIAN_POINT('',(13.1300001490116,-2.00000002980232,33.399998447299));
#8934=CARTESIAN_POINT('',(10.0000001490116,-2.00000002980232,33.399998447299));
#8935=CARTESIAN_POINT('',(13.1300001490116,26.0000003874302,33.399998447299));
#8936=CARTESIAN_POINT('',(11.1300001192093,-0.149998815357675,33.399998447299));
#8937=CARTESIAN_POINT('',(1.99999985061586,-0.149998815357677,33.399998447299));
#8938=CARTESIAN_POINT('',(11.1300001192093,24.1000006526709,33.399998447299));
#8939=CARTESIAN_POINT('',(5.99999985061587,24.1000006526709,33.399998447299));
#8940=CARTESIAN_POINT('',(11.1300001192093,12.0000001788139,33.399998447299));
#8941=CARTESIAN_POINT('Origin',(7.99999964162708,-0.149998815357679,29.399998447299));
#8942=CARTESIAN_POINT('',(11.1300001192093,-0.149998815357676,23.0874988354742));
#8943=CARTESIAN_POINT('Origin',(7.99999964162707,-0.149998815357678,2.));
#8944=CARTESIAN_POINT('',(11.1299996416271,-0.149998815357678,-2.));
#8945=CARTESIAN_POINT('',(7.99999964162707,-0.149998815357678,-2.));
#8946=CARTESIAN_POINT('',(11.1300001192093,-0.149998815357678,5.34999961182475));
#8947=CARTESIAN_POINT('Origin',(11.1300001192093,12.0000001788139,14.6999992236495));
#8948=CARTESIAN_POINT('',(11.1300001192093,24.1000006526709,23.0874988354742));
#8949=CARTESIAN_POINT('Origin',(7.99999964162708,24.1000006526709,33.399998447299));
#8950=CARTESIAN_POINT('Origin',(11.1300001192093,12.0000001788139,14.6999992236495));
#8951=CARTESIAN_POINT('',(11.1300001192093,-2.00000002980232,23.0499988354742));
#8952=CARTESIAN_POINT('Origin',(7.99999964162708,24.1000006526709,33.399998447299));
#8953=CARTESIAN_POINT('',(11.1299996416271,24.1000006526709,-2.));
#8954=CARTESIAN_POINT('',(-3.58372931330564E-7,24.1000006526709,-2.));
#8955=CARTESIAN_POINT('',(11.1300001192093,24.1000006526709,7.31249961182475));
#8956=CARTESIAN_POINT('Origin',(7.99999964162708,24.1000006526709,33.399998447299));
#8957=CARTESIAN_POINT('',(-2.00000002980232,24.1000006526709,31.474998447299));
#8958=CARTESIAN_POINT('',(3.99999982081354,24.1000006526709,31.474998447299));
#8959=CARTESIAN_POINT('',(-2.00000002980232,24.1000006526709,32.399998447299));
#8960=CARTESIAN_POINT('',(13.1300001490116,24.1000006526709,32.399998447299));
#8961=CARTESIAN_POINT('Origin',(13.1300001490116,26.0000003874302,31.399998447299));
#8962=CARTESIAN_POINT('',(13.1300001490116,-2.00000002980232,-4.));
#8963=CARTESIAN_POINT('',(13.1300001490116,-2.00000002980232,-2.));
#8964=CARTESIAN_POINT('',(13.1300001490116,26.0000003874302,-4.));
#8965=CARTESIAN_POINT('Origin',(4.00000005960465,12.0000001788139,31.474998447299));
#8966=CARTESIAN_POINT('',(-2.00000002980232,23.9500006526709,31.474998447299));
#8967=CARTESIAN_POINT('Origin',(-0.150000358372924,-2.00000002980232,33.399998447299));
#8968=CARTESIAN_POINT('',(-0.150000358372925,-2.00000002980232,32.399998447299));
#8969=CARTESIAN_POINT('Origin',(-2.00000002980232,-2.00000002980232,31.399998447299));
#8970=CARTESIAN_POINT('',(-2.00000002980232,-2.00000002980232,-4.));
#8971=CARTESIAN_POINT('',(-2.00000002980232,-2.00000002980232,-4.));
#8972=CARTESIAN_POINT('',(-2.00000002980232,-2.00000002980232,31.399998447299));
#8973=CARTESIAN_POINT('Origin',(4.00000005960464,12.0000001788139,-2.));
#8974=CARTESIAN_POINT('',(11.1300001192093,17.9000004157424,-2.));
#8975=CARTESIAN_POINT('Origin',(11.1300001192093,12.0000001788139,14.6999992236495));
#8976=CARTESIAN_POINT('Origin',(13.1300001490116,-2.00000002980232,31.399998447299));
#8977=CARTESIAN_POINT('',(10.0000001490116,-2.00000002980232,-4.));
#8978=CARTESIAN_POINT('Origin',(7.13000005960465,12.0000001788139,-4.));
#8979=CARTESIAN_POINT('Origin',(26.4899998804182,12.0000001788139,-1.19999844729901));
#8980=CARTESIAN_POINT('',(32.0299999400228,24.0000003576279,-1.19999844729901));
#8981=CARTESIAN_POINT('',(20.9499998208135,24.0000003576279,-1.19999844729901));
#8982=CARTESIAN_POINT('',(28.4899999102205,24.0000003576279,-1.19999844729901));
#8983=CARTESIAN_POINT('',(20.9499998208135,0.0499999999999945,-1.19999844729901));
#8984=CARTESIAN_POINT('',(20.9499998208135,4.44089209850063E-15,-1.19999844729901));
#8985=CARTESIAN_POINT('',(32.0299999400228,0.0499999999999945,-1.19999844729902));
#8986=CARTESIAN_POINT('',(24.4899998506159,0.0499999999999945,-1.19999844729902));
#8987=CARTESIAN_POINT('',(32.0299999400228,24.0000003576279,-1.19999844729901));
#8988=CARTESIAN_POINT('Origin',(30.4899999400228,24.0000003576279,-2.99999844729901));
#8989=CARTESIAN_POINT('',(20.9499998208135,24.0000003576279,-2.99999844729901));
#8990=CARTESIAN_POINT('',(32.0299999400228,24.0000003576279,-2.99999844729901));
#8991=CARTESIAN_POINT('',(28.4899999102205,24.0000003576279,-3.00000000000001));
#8992=CARTESIAN_POINT('',(20.9499998208135,24.0000003576279,-2.99999844729901));
#8993=CARTESIAN_POINT('',(32.0299999400228,24.0000003576279,-2.99999844729901));
#8994=CARTESIAN_POINT('Origin',(32.0299999400228,4.44089209850063E-15,-2.99999844729901));
#8995=CARTESIAN_POINT('',(32.0299999400228,0.0499999999999945,-2.99999844729901));
#8996=CARTESIAN_POINT('',(32.0299999400228,0.0499999999999945,-2.99999844729901));
#8997=CARTESIAN_POINT('',(32.0299999400228,18.0000002682209,-3.00000000000001));
#8998=CARTESIAN_POINT('Origin',(22.4899998208135,0.0499999999999945,-2.99999844729901));
#8999=CARTESIAN_POINT('',(20.9499998208135,0.0499999999999945,-2.99999844729901));
#9000=CARTESIAN_POINT('',(24.4899998506159,0.0499999999999945,-3.));
#9001=CARTESIAN_POINT('',(20.9499998208135,0.0499999999999945,-2.99999844729901));
#9002=CARTESIAN_POINT('Origin',(20.9499998208135,24.0000003576279,-2.99999844729901));
#9003=CARTESIAN_POINT('',(20.9499998208135,18.0000002682209,-3.));
#9004=CARTESIAN_POINT('Origin',(34.0549999698251,26.0000003874302,-3.00000000000001));
#9005=CARTESIAN_POINT('',(34.0549999698251,26.0000003874302,-3.00000000000001));
#9006=CARTESIAN_POINT('',(34.0549999698251,-2.00000002980232,-3.00000000000001));
#9007=CARTESIAN_POINT('',(34.0549999698251,26.0000003874302,-3.00000000000001));
#9008=CARTESIAN_POINT('',(34.0549999698251,-2.00000002980232,-4.00000000000002));
#9009=CARTESIAN_POINT('',(34.0549999698251,-2.00000002980232,-3.00000000000001));
#9010=CARTESIAN_POINT('',(34.0549999698251,26.0000003874302,-4.00000000000001));
#9011=CARTESIAN_POINT('',(34.0549999698251,26.0000003874302,-4.00000000000001));
#9012=CARTESIAN_POINT('',(34.0549999698251,26.0000003874302,-3.00000000000001));
#9013=CARTESIAN_POINT('Origin',(18.9249997910112,-2.00000002980232,-3.));
#9014=CARTESIAN_POINT('',(18.9249997910112,-2.00000002980232,-3.));
#9015=CARTESIAN_POINT('',(18.9249997910112,26.0000003874302,-3.00000000000001));
#9016=CARTESIAN_POINT('',(18.9249997910112,-2.00000002980232,-3.));
#9017=CARTESIAN_POINT('',(18.9249997910112,26.0000003874302,-4.00000000000001));
#9018=CARTESIAN_POINT('',(18.9249997910112,26.0000003874302,-3.00000000000001));
#9019=CARTESIAN_POINT('',(18.9249997910112,-2.00000002980232,-4.));
#9020=CARTESIAN_POINT('',(18.9249997910112,-2.00000002980232,-4.));
#9021=CARTESIAN_POINT('',(18.9249997910112,-2.00000002980232,-3.));
#9022=CARTESIAN_POINT('Origin',(26.4899998804182,12.0000001788139,-3.00000000000001));
#9023=CARTESIAN_POINT('',(20.4899997910112,26.0000003874302,-3.00000000000001));
#9024=CARTESIAN_POINT('',(32.4899999698251,-2.00000002980232,-3.00000000000001));
#9025=CARTESIAN_POINT('Origin',(32.4899999698251,-2.00000002980232,-3.00000000000001));
#9026=CARTESIAN_POINT('',(32.4899999698251,-2.00000002980232,-4.00000000000002));
#9027=CARTESIAN_POINT('Origin',(20.4899997910112,26.0000003874302,-3.00000000000001));
#9028=CARTESIAN_POINT('',(20.4899997910112,26.0000003874302,-4.00000000000001));
#9029=CARTESIAN_POINT('Origin',(26.4899998804182,12.0000001788139,-4.00000000000001));
#9030=CARTESIAN_POINT('',(0.,0.,0.));
#9031=UNCERTAINTY_MEASURE_WITH_UNIT(LENGTH_MEASURE(0.01),#9037,
'DISTANCE_ACCURACY_VALUE',
'Maximum model space distance between geometric entities at asserted c
onnectivities');
#9032=UNCERTAINTY_MEASURE_WITH_UNIT(LENGTH_MEASURE(0.01),#9037,
'DISTANCE_ACCURACY_VALUE',
'Maximum model space distance between geometric entities at asserted c
onnectivities');
#9033=UNCERTAINTY_MEASURE_WITH_UNIT(LENGTH_MEASURE(0.01),#9037,
'DISTANCE_ACCURACY_VALUE',
'Maximum model space distance between geometric entities at asserted c
onnectivities');
#9034=(
GEOMETRIC_REPRESENTATION_CONTEXT(3)
GLOBAL_UNCERTAINTY_ASSIGNED_CONTEXT((#9031))
GLOBAL_UNIT_ASSIGNED_CONTEXT((#9037,#9039,#9040))
REPRESENTATION_CONTEXT('','3D')
);
#9035=(
GEOMETRIC_REPRESENTATION_CONTEXT(3)
GLOBAL_UNCERTAINTY_ASSIGNED_CONTEXT((#9032))
GLOBAL_UNIT_ASSIGNED_CONTEXT((#9037,#9039,#9040))
REPRESENTATION_CONTEXT('','3D')
);
#9036=(
GEOMETRIC_REPRESENTATION_CONTEXT(3)
GLOBAL_UNCERTAINTY_ASSIGNED_CONTEXT((#9033))
GLOBAL_UNIT_ASSIGNED_CONTEXT((#9037,#9039,#9040))
REPRESENTATION_CONTEXT('','3D')
);
#9037=(
LENGTH_UNIT()
NAMED_UNIT(*)
SI_UNIT(.MILLI.,.METRE.)
);
#9038=(
LENGTH_UNIT()
NAMED_UNIT(*)
SI_UNIT($,.METRE.)
);
#9039=(
NAMED_UNIT(*)
PLANE_ANGLE_UNIT()
SI_UNIT($,.RADIAN.)
);
#9040=(
NAMED_UNIT(*)
SI_UNIT($,.STERADIAN.)
SOLID_ANGLE_UNIT()
);
#9041=SHAPE_DEFINITION_REPRESENTATION(#9043,#9046);
#9042=SHAPE_DEFINITION_REPRESENTATION(#9044,#9047);
#9043=PRODUCT_DEFINITION_SHAPE('',$,#9049);
#9044=PRODUCT_DEFINITION_SHAPE('',$,#9050);
#9045=PRODUCT_DEFINITION_SHAPE($,$,#14);
#9046=SHAPE_REPRESENTATION('',(#5508,#5718),#9034);
#9047=SHAPE_REPRESENTATION('',(#5509),#9035);
#9048=PRODUCT_DEFINITION_CONTEXT('part definition',#9056,'design');
#9049=PRODUCT_DEFINITION('2026-09-29-20-09-36-859',
'Sensor_Enclosure_SGP41',#9051,#9048);
#9050=PRODUCT_DEFINITION('2026-09-29-20-10-34-822','SGP41_Module',#9052,
#9048);
#9051=PRODUCT_DEFINITION_FORMATION('',$,#9058);
#9052=PRODUCT_DEFINITION_FORMATION('',$,#9059);
#9053=PRODUCT_RELATED_PRODUCT_CATEGORY('Sensor_Enclosure_SGP41',
'Sensor_Enclosure_SGP41',(#9058));
#9054=PRODUCT_RELATED_PRODUCT_CATEGORY('SGP41_Module','SGP41_Module',(#9059));
#9055=APPLICATION_PROTOCOL_DEFINITION('international standard',
'automotive_design',2009,#9056);
#9056=APPLICATION_CONTEXT(
'Core Data for Automotive Mechanical Design Process');
#9057=PRODUCT_CONTEXT('part definition',#9056,'mechanical');
#9058=PRODUCT('2026-09-29-20-09-36-859','Sensor_Enclosure_SGP41',$,(#9057));
#9059=PRODUCT('2026-09-29-20-10-34-822','SGP41_Module',$,(#9057));
#9060=PRESENTATION_STYLE_ASSIGNMENT((#9061));
#9061=SURFACE_STYLE_USAGE(.BOTH.,#9062);
#9062=SURFACE_SIDE_STYLE('',(#9063));
#9063=SURFACE_STYLE_FILL_AREA(#9064);
#9064=FILL_AREA_STYLE('Steel - Satin',(#9065));
#9065=FILL_AREA_STYLE_COLOUR('Steel - Satin',#9066);
#9066=COLOUR_RGB('Steel - Satin',0.627450980392157,0.627450980392157,0.627450980392157);
ENDSEC;
END-ISO-10303-21;
