ISO-10303-21;
HEADER;
/* Generated by software containing ST-Developer
 * from STEP Tools, Inc. (www.steptools.com) 
 */

FILE_DESCRIPTION(
/* description */ (''),
/* implementation_level */ '2;1');

FILE_NAME(
/* name */ 'Sensor_Enclosure_SGP41.step',
/* time_stamp */ '2026-10-08T21:34:48-04:00',
/* author */ (''),
/* organization */ (''),
/* preprocessor_version */ 'ST-DEVELOPER v20.2',
/* originating_system */ 'Autodesk Translation Framework v15.15.0.0',
/* authorisation */ '');

FILE_SCHEMA (('AUTOMOTIVE_DESIGN { 1 0 10303 214 3 1 1 }'));
ENDSEC;

DATA;
#10=MECHANICAL_DESIGN_GEOMETRIC_PRESENTATION_REPRESENTATION('',(#19,#20,
#21,#22),#9772);
#11=ITEM_DEFINED_TRANSFORMATION($,$,#5982,#6211);
#12=(
REPRESENTATION_RELATIONSHIP($,$,#9783,#9782)
REPRESENTATION_RELATIONSHIP_WITH_TRANSFORMATION(#11)
SHAPE_REPRESENTATION_RELATIONSHIP()
);
#13=CONTEXT_DEPENDENT_SHAPE_REPRESENTATION(#12,#9781);
#14=NEXT_ASSEMBLY_USAGE_OCCURRENCE('SGP41_Module:1','SGP41_Module:1',
'SGP41_Module:1',#9785,#9786,'SGP41_Module:1');
#15=SHAPE_REPRESENTATION_RELATIONSHIP('SRR','None',#9783,#17);
#16=SHAPE_REPRESENTATION_RELATIONSHIP('SRR','None',#9782,#18);
#17=ADVANCED_BREP_SHAPE_REPRESENTATION('',(#23,#24),#9771);
#18=ADVANCED_BREP_SHAPE_REPRESENTATION('',(#25,#26),#9770);
#19=STYLED_ITEM('',(#9796),#23);
#20=STYLED_ITEM('',(#9796),#24);
#21=STYLED_ITEM('',(#9796),#25);
#22=STYLED_ITEM('',(#9796),#26);
#23=MANIFOLD_SOLID_BREP('Body8 (4)',#5965);
#24=MANIFOLD_SOLID_BREP('Body8 (3) (1) (7)',#5966);
#25=MANIFOLD_SOLID_BREP('Body8 (3) (1) (1) (4) (3)',#5967);
#26=MANIFOLD_SOLID_BREP('Body38',#5968);
#27=B_SPLINE_SURFACE_WITH_KNOTS('',2,1,((#8064,#8065),(#8066,#8067),(#8068,
#8069)),.UNSPECIFIED.,.F.,.F.,.F.,(3,3),(2,2),(0.,1.),(0.,0.1),
 .UNSPECIFIED.);
#28=B_SPLINE_SURFACE_WITH_KNOTS('',2,1,((#8074,#8075),(#8076,#8077),(#8078,
#8079)),.UNSPECIFIED.,.F.,.F.,.F.,(3,3),(2,2),(0.,1.),(0.,0.1),
 .UNSPECIFIED.);
#29=B_SPLINE_SURFACE_WITH_KNOTS('',2,1,((#8081,#8082),(#8083,#8084),(#8085,
#8086)),.UNSPECIFIED.,.F.,.F.,.F.,(3,3),(2,2),(0.,1.),(0.,0.1),
 .UNSPECIFIED.);
#30=B_SPLINE_SURFACE_WITH_KNOTS('',2,1,((#8088,#8089),(#8090,#8091),(#8092,
#8093)),.UNSPECIFIED.,.F.,.F.,.F.,(3,3),(2,2),(0.,1.),(0.,0.1),
 .UNSPECIFIED.);
#31=B_SPLINE_SURFACE_WITH_KNOTS('',2,1,((#8095,#8096),(#8097,#8098),(#8099,
#8100)),.UNSPECIFIED.,.F.,.F.,.F.,(3,3),(2,2),(0.,1.),(0.,0.1),
 .UNSPECIFIED.);
#32=B_SPLINE_SURFACE_WITH_KNOTS('',2,1,((#8102,#8103),(#8104,#8105),(#8106,
#8107)),.UNSPECIFIED.,.F.,.F.,.F.,(3,3),(2,2),(0.,1.),(0.,0.1),
 .UNSPECIFIED.);
#33=B_SPLINE_SURFACE_WITH_KNOTS('',2,1,((#8109,#8110),(#8111,#8112),(#8113,
#8114)),.UNSPECIFIED.,.F.,.F.,.F.,(3,3),(2,2),(0.,1.),(0.,0.1),
 .UNSPECIFIED.);
#34=B_SPLINE_SURFACE_WITH_KNOTS('',2,1,((#8116,#8117),(#8118,#8119),(#8120,
#8121)),.UNSPECIFIED.,.F.,.F.,.F.,(3,3),(2,2),(0.,1.),(0.,0.1),
 .UNSPECIFIED.);
#35=B_SPLINE_SURFACE_WITH_KNOTS('',2,1,((#8123,#8124),(#8125,#8126),(#8127,
#8128)),.UNSPECIFIED.,.F.,.F.,.F.,(3,3),(2,2),(0.,1.),(0.,0.1),
 .UNSPECIFIED.);
#36=B_SPLINE_SURFACE_WITH_KNOTS('',2,1,((#8130,#8131),(#8132,#8133),(#8134,
#8135)),.UNSPECIFIED.,.F.,.F.,.F.,(3,3),(2,2),(0.,1.),(0.,0.1),
 .UNSPECIFIED.);
#37=B_SPLINE_SURFACE_WITH_KNOTS('',2,1,((#8137,#8138),(#8139,#8140),(#8141,
#8142)),.UNSPECIFIED.,.F.,.F.,.F.,(3,3),(2,2),(0.,1.),(0.,0.1),
 .UNSPECIFIED.);
#38=B_SPLINE_SURFACE_WITH_KNOTS('',2,1,((#8144,#8145),(#8146,#8147),(#8148,
#8149)),.UNSPECIFIED.,.F.,.F.,.F.,(3,3),(2,2),(0.,1.),(0.,0.1),
 .UNSPECIFIED.);
#39=B_SPLINE_SURFACE_WITH_KNOTS('',2,1,((#8151,#8152),(#8153,#8154),(#8155,
#8156)),.UNSPECIFIED.,.F.,.F.,.F.,(3,3),(2,2),(0.,1.),(0.,0.1),
 .UNSPECIFIED.);
#40=B_SPLINE_SURFACE_WITH_KNOTS('',2,1,((#8158,#8159),(#8160,#8161),(#8162,
#8163)),.UNSPECIFIED.,.F.,.F.,.F.,(3,3),(2,2),(0.,1.),(0.,0.1),
 .UNSPECIFIED.);
#41=B_SPLINE_SURFACE_WITH_KNOTS('',2,1,((#8165,#8166),(#8167,#8168),(#8169,
#8170)),.UNSPECIFIED.,.F.,.F.,.F.,(3,3),(2,2),(0.,1.),(0.,0.1),
 .UNSPECIFIED.);
#42=B_SPLINE_SURFACE_WITH_KNOTS('',2,1,((#8172,#8173),(#8174,#8175),(#8176,
#8177)),.UNSPECIFIED.,.F.,.F.,.F.,(3,3),(2,2),(0.,1.),(0.,0.1),
 .UNSPECIFIED.);
#43=B_SPLINE_SURFACE_WITH_KNOTS('',2,1,((#8179,#8180),(#8181,#8182),(#8183,
#8184)),.UNSPECIFIED.,.F.,.F.,.F.,(3,3),(2,2),(0.,1.),(0.,0.1),
 .UNSPECIFIED.);
#44=B_SPLINE_SURFACE_WITH_KNOTS('',2,1,((#8186,#8187),(#8188,#8189),(#8190,
#8191)),.UNSPECIFIED.,.F.,.F.,.F.,(3,3),(2,2),(0.,1.),(0.,0.1),
 .UNSPECIFIED.);
#45=B_SPLINE_SURFACE_WITH_KNOTS('',2,1,((#8193,#8194),(#8195,#8196),(#8197,
#8198)),.UNSPECIFIED.,.F.,.F.,.F.,(3,3),(2,2),(0.,1.),(0.,0.1),
 .UNSPECIFIED.);
#46=B_SPLINE_SURFACE_WITH_KNOTS('',2,1,((#8202,#8203),(#8204,#8205),(#8206,
#8207)),.UNSPECIFIED.,.F.,.F.,.F.,(3,3),(2,2),(0.,1.),(0.,0.1),
 .UNSPECIFIED.);
#47=B_SPLINE_SURFACE_WITH_KNOTS('',2,1,((#8209,#8210),(#8211,#8212),(#8213,
#8214)),.UNSPECIFIED.,.F.,.F.,.F.,(3,3),(2,2),(0.,1.),(0.,0.1),
 .UNSPECIFIED.);
#48=B_SPLINE_SURFACE_WITH_KNOTS('',2,1,((#8216,#8217),(#8218,#8219),(#8220,
#8221)),.UNSPECIFIED.,.F.,.F.,.F.,(3,3),(2,2),(0.,1.),(0.,0.1),
 .UNSPECIFIED.);
#49=B_SPLINE_SURFACE_WITH_KNOTS('',2,1,((#8223,#8224),(#8225,#8226),(#8227,
#8228)),.UNSPECIFIED.,.F.,.F.,.F.,(3,3),(2,2),(0.,1.),(0.,0.1),
 .UNSPECIFIED.);
#50=B_SPLINE_SURFACE_WITH_KNOTS('',2,1,((#8230,#8231),(#8232,#8233),(#8234,
#8235)),.UNSPECIFIED.,.F.,.F.,.F.,(3,3),(2,2),(0.,1.),(0.,0.1),
 .UNSPECIFIED.);
#51=B_SPLINE_SURFACE_WITH_KNOTS('',2,1,((#8237,#8238),(#8239,#8240),(#8241,
#8242)),.UNSPECIFIED.,.F.,.F.,.F.,(3,3),(2,2),(0.,1.),(0.,0.1),
 .UNSPECIFIED.);
#52=B_SPLINE_SURFACE_WITH_KNOTS('',2,1,((#8244,#8245),(#8246,#8247),(#8248,
#8249)),.UNSPECIFIED.,.F.,.F.,.F.,(3,3),(2,2),(0.,1.),(0.,0.1),
 .UNSPECIFIED.);
#53=B_SPLINE_SURFACE_WITH_KNOTS('',2,1,((#8251,#8252),(#8253,#8254),(#8255,
#8256)),.UNSPECIFIED.,.F.,.F.,.F.,(3,3),(2,2),(0.,1.),(0.,0.1),
 .UNSPECIFIED.);
#54=B_SPLINE_SURFACE_WITH_KNOTS('',2,1,((#8258,#8259),(#8260,#8261),(#8262,
#8263)),.UNSPECIFIED.,.F.,.F.,.F.,(3,3),(2,2),(0.,1.),(0.,0.1),
 .UNSPECIFIED.);
#55=B_SPLINE_SURFACE_WITH_KNOTS('',2,1,((#8265,#8266),(#8267,#8268),(#8269,
#8270)),.UNSPECIFIED.,.F.,.F.,.F.,(3,3),(2,2),(0.,1.),(0.,0.1),
 .UNSPECIFIED.);
#56=B_SPLINE_SURFACE_WITH_KNOTS('',2,1,((#8272,#8273),(#8274,#8275),(#8276,
#8277)),.UNSPECIFIED.,.F.,.F.,.F.,(3,3),(2,2),(0.,1.),(0.,0.1),
 .UNSPECIFIED.);
#57=B_SPLINE_SURFACE_WITH_KNOTS('',2,1,((#8279,#8280),(#8281,#8282),(#8283,
#8284)),.UNSPECIFIED.,.F.,.F.,.F.,(3,3),(2,2),(0.,1.),(0.,0.1),
 .UNSPECIFIED.);
#58=B_SPLINE_SURFACE_WITH_KNOTS('',2,1,((#8286,#8287),(#8288,#8289),(#8290,
#8291)),.UNSPECIFIED.,.F.,.F.,.F.,(3,3),(2,2),(0.,1.),(0.,0.1),
 .UNSPECIFIED.);
#59=B_SPLINE_SURFACE_WITH_KNOTS('',2,1,((#8293,#8294),(#8295,#8296),(#8297,
#8298)),.UNSPECIFIED.,.F.,.F.,.F.,(3,3),(2,2),(0.,1.),(0.,0.1),
 .UNSPECIFIED.);
#60=B_SPLINE_SURFACE_WITH_KNOTS('',2,1,((#8333,#8334),(#8335,#8336),(#8337,
#8338)),.UNSPECIFIED.,.F.,.F.,.F.,(3,3),(2,2),(0.,1.),(0.,0.1),
 .UNSPECIFIED.);
#61=B_SPLINE_SURFACE_WITH_KNOTS('',2,1,((#8340,#8341),(#8342,#8343),(#8344,
#8345)),.UNSPECIFIED.,.F.,.F.,.F.,(3,3),(2,2),(0.,1.),(0.,0.1),
 .UNSPECIFIED.);
#62=B_SPLINE_SURFACE_WITH_KNOTS('',2,1,((#8349,#8350),(#8351,#8352),(#8353,
#8354)),.UNSPECIFIED.,.F.,.F.,.F.,(3,3),(2,2),(0.,1.),(0.,0.1),
 .UNSPECIFIED.);
#63=B_SPLINE_SURFACE_WITH_KNOTS('',2,1,((#8356,#8357),(#8358,#8359),(#8360,
#8361)),.UNSPECIFIED.,.F.,.F.,.F.,(3,3),(2,2),(0.,1.),(0.,0.1),
 .UNSPECIFIED.);
#64=B_SPLINE_SURFACE_WITH_KNOTS('',2,1,((#8489,#8490),(#8491,#8492),(#8493,
#8494)),.UNSPECIFIED.,.F.,.F.,.F.,(3,3),(2,2),(0.,1.),(0.,0.1),
 .UNSPECIFIED.);
#65=B_SPLINE_SURFACE_WITH_KNOTS('',2,1,((#8496,#8497),(#8498,#8499),(#8500,
#8501)),.UNSPECIFIED.,.F.,.F.,.F.,(3,3),(2,2),(0.,1.),(0.,0.1),
 .UNSPECIFIED.);
#66=B_SPLINE_SURFACE_WITH_KNOTS('',2,1,((#8503,#8504),(#8505,#8506),(#8507,
#8508)),.UNSPECIFIED.,.F.,.F.,.F.,(3,3),(2,2),(0.,1.),(0.,0.1),
 .UNSPECIFIED.);
#67=B_SPLINE_SURFACE_WITH_KNOTS('',2,1,((#8510,#8511),(#8512,#8513),(#8514,
#8515)),.UNSPECIFIED.,.F.,.F.,.F.,(3,3),(2,2),(0.,1.),(0.,0.1),
 .UNSPECIFIED.);
#68=B_SPLINE_SURFACE_WITH_KNOTS('',2,1,((#8517,#8518),(#8519,#8520),(#8521,
#8522)),.UNSPECIFIED.,.F.,.F.,.F.,(3,3),(2,2),(0.,1.),(0.,0.1),
 .UNSPECIFIED.);
#69=B_SPLINE_SURFACE_WITH_KNOTS('',2,1,((#8524,#8525),(#8526,#8527),(#8528,
#8529)),.UNSPECIFIED.,.F.,.F.,.F.,(3,3),(2,2),(0.,1.),(0.,0.1),
 .UNSPECIFIED.);
#70=B_SPLINE_SURFACE_WITH_KNOTS('',2,1,((#8539,#8540),(#8541,#8542),(#8543,
#8544)),.UNSPECIFIED.,.F.,.F.,.F.,(3,3),(2,2),(0.,1.),(0.,0.1),
 .UNSPECIFIED.);
#71=B_SPLINE_SURFACE_WITH_KNOTS('',2,1,((#8546,#8547),(#8548,#8549),(#8550,
#8551)),.UNSPECIFIED.,.F.,.F.,.F.,(3,3),(2,2),(0.,1.),(0.,0.1),
 .UNSPECIFIED.);
#72=B_SPLINE_SURFACE_WITH_KNOTS('',2,1,((#8553,#8554),(#8555,#8556),(#8557,
#8558)),.UNSPECIFIED.,.F.,.F.,.F.,(3,3),(2,2),(0.,1.),(0.,0.1),
 .UNSPECIFIED.);
#73=B_SPLINE_SURFACE_WITH_KNOTS('',2,1,((#8560,#8561),(#8562,#8563),(#8564,
#8565)),.UNSPECIFIED.,.F.,.F.,.F.,(3,3),(2,2),(0.,1.),(0.,0.1),
 .UNSPECIFIED.);
#74=B_SPLINE_SURFACE_WITH_KNOTS('',2,1,((#8567,#8568),(#8569,#8570),(#8571,
#8572)),.UNSPECIFIED.,.F.,.F.,.F.,(3,3),(2,2),(0.,1.),(0.,0.1),
 .UNSPECIFIED.);
#75=B_SPLINE_SURFACE_WITH_KNOTS('',2,1,((#8689,#8690),(#8691,#8692),(#8693,
#8694)),.UNSPECIFIED.,.F.,.F.,.F.,(3,3),(2,2),(0.,1.),(0.,0.1),
 .UNSPECIFIED.);
#76=B_SPLINE_SURFACE_WITH_KNOTS('',2,1,((#8696,#8697),(#8698,#8699),(#8700,
#8701)),.UNSPECIFIED.,.F.,.F.,.F.,(3,3),(2,2),(0.,1.),(0.,0.1),
 .UNSPECIFIED.);
#77=B_SPLINE_SURFACE_WITH_KNOTS('',2,1,((#8703,#8704),(#8705,#8706),(#8707,
#8708)),.UNSPECIFIED.,.F.,.F.,.F.,(3,3),(2,2),(0.,1.),(0.,0.1),
 .UNSPECIFIED.);
#78=B_SPLINE_SURFACE_WITH_KNOTS('',2,1,((#8710,#8711),(#8712,#8713),(#8714,
#8715)),.UNSPECIFIED.,.F.,.F.,.F.,(3,3),(2,2),(0.,1.),(0.,0.1),
 .UNSPECIFIED.);
#79=B_SPLINE_SURFACE_WITH_KNOTS('',2,1,((#8717,#8718),(#8719,#8720),(#8721,
#8722)),.UNSPECIFIED.,.F.,.F.,.F.,(3,3),(2,2),(0.,1.),(0.,0.1),
 .UNSPECIFIED.);
#80=B_SPLINE_SURFACE_WITH_KNOTS('',2,1,((#8724,#8725),(#8726,#8727),(#8728,
#8729)),.UNSPECIFIED.,.F.,.F.,.F.,(3,3),(2,2),(0.,1.),(0.,0.1),
 .UNSPECIFIED.);
#81=B_SPLINE_SURFACE_WITH_KNOTS('',2,1,((#8731,#8732),(#8733,#8734),(#8735,
#8736)),.UNSPECIFIED.,.F.,.F.,.F.,(3,3),(2,2),(0.,1.),(0.,0.1),
 .UNSPECIFIED.);
#82=B_SPLINE_SURFACE_WITH_KNOTS('',2,1,((#8738,#8739),(#8740,#8741),(#8742,
#8743)),.UNSPECIFIED.,.F.,.F.,.F.,(3,3),(2,2),(0.,1.),(0.,0.1),
 .UNSPECIFIED.);
#83=B_SPLINE_SURFACE_WITH_KNOTS('',2,1,((#8745,#8746),(#8747,#8748),(#8749,
#8750)),.UNSPECIFIED.,.F.,.F.,.F.,(3,3),(2,2),(0.,1.),(0.,0.1),
 .UNSPECIFIED.);
#84=B_SPLINE_SURFACE_WITH_KNOTS('',2,1,((#8752,#8753),(#8754,#8755),(#8756,
#8757)),.UNSPECIFIED.,.F.,.F.,.F.,(3,3),(2,2),(0.,1.),(0.,0.1),
 .UNSPECIFIED.);
#85=B_SPLINE_SURFACE_WITH_KNOTS('',2,1,((#8759,#8760),(#8761,#8762),(#8763,
#8764)),.UNSPECIFIED.,.F.,.F.,.F.,(3,3),(2,2),(0.,1.),(0.,0.1),
 .UNSPECIFIED.);
#86=B_SPLINE_SURFACE_WITH_KNOTS('',2,1,((#8768,#8769),(#8770,#8771),(#8772,
#8773)),.UNSPECIFIED.,.F.,.F.,.F.,(3,3),(2,2),(0.,1.),(0.,0.1),
 .UNSPECIFIED.);
#87=B_SPLINE_SURFACE_WITH_KNOTS('',2,1,((#8775,#8776),(#8777,#8778),(#8779,
#8780)),.UNSPECIFIED.,.F.,.F.,.F.,(3,3),(2,2),(0.,1.),(0.,0.1),
 .UNSPECIFIED.);
#88=B_SPLINE_SURFACE_WITH_KNOTS('',2,1,((#8782,#8783),(#8784,#8785),(#8786,
#8787)),.UNSPECIFIED.,.F.,.F.,.F.,(3,3),(2,2),(0.,1.),(0.,0.1),
 .UNSPECIFIED.);
#89=B_SPLINE_SURFACE_WITH_KNOTS('',2,1,((#8789,#8790),(#8791,#8792),(#8793,
#8794)),.UNSPECIFIED.,.F.,.F.,.F.,(3,3),(2,2),(0.,1.),(0.,0.1),
 .UNSPECIFIED.);
#90=B_SPLINE_SURFACE_WITH_KNOTS('',2,1,((#8796,#8797),(#8798,#8799),(#8800,
#8801)),.UNSPECIFIED.,.F.,.F.,.F.,(3,3),(2,2),(0.,1.),(0.,0.1),
 .UNSPECIFIED.);
#91=B_SPLINE_SURFACE_WITH_KNOTS('',2,1,((#8803,#8804),(#8805,#8806),(#8807,
#8808)),.UNSPECIFIED.,.F.,.F.,.F.,(3,3),(2,2),(0.,1.),(0.,0.1),
 .UNSPECIFIED.);
#92=B_SPLINE_SURFACE_WITH_KNOTS('',2,1,((#8810,#8811),(#8812,#8813),(#8814,
#8815)),.UNSPECIFIED.,.F.,.F.,.F.,(3,3),(2,2),(0.,1.),(0.,0.1),
 .UNSPECIFIED.);
#93=B_SPLINE_SURFACE_WITH_KNOTS('',2,1,((#8817,#8818),(#8819,#8820),(#8821,
#8822)),.UNSPECIFIED.,.F.,.F.,.F.,(3,3),(2,2),(0.,1.),(0.,0.1),
 .UNSPECIFIED.);
#94=B_SPLINE_SURFACE_WITH_KNOTS('',2,1,((#8824,#8825),(#8826,#8827),(#8828,
#8829)),.UNSPECIFIED.,.F.,.F.,.F.,(3,3),(2,2),(0.,1.),(0.,0.1),
 .UNSPECIFIED.);
#95=B_SPLINE_SURFACE_WITH_KNOTS('',2,1,((#8831,#8832),(#8833,#8834),(#8835,
#8836)),.UNSPECIFIED.,.F.,.F.,.F.,(3,3),(2,2),(0.,1.),(0.,0.1),
 .UNSPECIFIED.);
#96=B_SPLINE_SURFACE_WITH_KNOTS('',2,1,((#8838,#8839),(#8840,#8841),(#8842,
#8843)),.UNSPECIFIED.,.F.,.F.,.F.,(3,3),(2,2),(0.,1.),(0.,0.1),
 .UNSPECIFIED.);
#97=B_SPLINE_SURFACE_WITH_KNOTS('',2,1,((#8845,#8846),(#8847,#8848),(#8849,
#8850)),.UNSPECIFIED.,.F.,.F.,.F.,(3,3),(2,2),(0.,1.),(0.,0.1),
 .UNSPECIFIED.);
#98=(
BOUNDED_SURFACE()
B_SPLINE_SURFACE(1,2,((#7861,#7862,#7863,#7864,#7865),(#7866,#7867,#7868,
#7869,#7870)),.UNSPECIFIED.,.F.,.F.,.F.)
B_SPLINE_SURFACE_WITH_KNOTS((2,2),(3,2,3),(0.5,1.),(-3.14159265358979,-1.57079632679489,
3.62940884890635E-15),.UNSPECIFIED.)
GEOMETRIC_REPRESENTATION_ITEM()
RATIONAL_B_SPLINE_SURFACE(((1.,0.707106781186547,1.,0.707106781186547,1.),
(1.,0.707106781186547,1.,0.707106781186547,1.)))
REPRESENTATION_ITEM('')
SURFACE()
);
#99=(
BOUNDED_SURFACE()
B_SPLINE_SURFACE(1,2,((#7871,#7872,#7873,#7874,#7875),(#7876,#7877,#7878,
#7879,#7880)),.UNSPECIFIED.,.F.,.F.,.F.)
B_SPLINE_SURFACE_WITH_KNOTS((2,2),(3,2,3),(0.499999999999999,1.),(-3.14159284432465,
-1.5707963267949,1.90734858428556E-7),.UNSPECIFIED.)
GEOMETRIC_REPRESENTATION_ITEM()
RATIONAL_B_SPLINE_SURFACE(((1.,0.707106713751588,1.,0.707106713751588,1.),
(1.,0.707106713751588,1.,0.707106713751588,1.)))
REPRESENTATION_ITEM('')
SURFACE()
);
#100=(
BOUNDED_SURFACE()
B_SPLINE_SURFACE(1,2,((#7883,#7884,#7885,#7886,#7887),(#7888,#7889,#7890,
#7891,#7892)),.UNSPECIFIED.,.F.,.F.,.F.)
B_SPLINE_SURFACE_WITH_KNOTS((2,2),(3,2,3),(0.624999985098839,1.1249999851),
(3.62940884890635E-15,1.5707963267949,3.14159265358979),.UNSPECIFIED.)
GEOMETRIC_REPRESENTATION_ITEM()
RATIONAL_B_SPLINE_SURFACE(((1.,0.707106781186548,1.,0.707106781186548,1.),
(1.,0.707106781186548,1.,0.707106781186548,1.)))
REPRESENTATION_ITEM('')
SURFACE()
);
#101=B_SPLINE_CURVE_WITH_KNOTS('',2,(#7470,#7471,#7472),.UNSPECIFIED.,.F.,
 .F.,(3,3),(0.,1.),.UNSPECIFIED.);
#102=B_SPLINE_CURVE_WITH_KNOTS('',2,(#7474,#7475,#7476),.UNSPECIFIED.,.F.,
 .F.,(3,3),(0.,1.),.UNSPECIFIED.);
#103=B_SPLINE_CURVE_WITH_KNOTS('',2,(#7480,#7481,#7482),.UNSPECIFIED.,.F.,
 .F.,(3,3),(0.,1.),.UNSPECIFIED.);
#104=B_SPLINE_CURVE_WITH_KNOTS('',2,(#7484,#7485,#7486),.UNSPECIFIED.,.F.,
 .F.,(3,3),(0.,1.),.UNSPECIFIED.);
#105=B_SPLINE_CURVE_WITH_KNOTS('',2,(#7488,#7489,#7490),.UNSPECIFIED.,.F.,
 .F.,(3,3),(0.,1.),.UNSPECIFIED.);
#106=B_SPLINE_CURVE_WITH_KNOTS('',2,(#7492,#7493,#7494),.UNSPECIFIED.,.F.,
 .F.,(3,3),(0.,1.),.UNSPECIFIED.);
#107=B_SPLINE_CURVE_WITH_KNOTS('',2,(#7496,#7497,#7498),.UNSPECIFIED.,.F.,
 .F.,(3,3),(0.,1.),.UNSPECIFIED.);
#108=B_SPLINE_CURVE_WITH_KNOTS('',2,(#7500,#7501,#7502),.UNSPECIFIED.,.F.,
 .F.,(3,3),(0.,1.),.UNSPECIFIED.);
#109=B_SPLINE_CURVE_WITH_KNOTS('',2,(#7504,#7505,#7506),.UNSPECIFIED.,.F.,
 .F.,(3,3),(0.,1.),.UNSPECIFIED.);
#110=B_SPLINE_CURVE_WITH_KNOTS('',2,(#7508,#7509,#7510),.UNSPECIFIED.,.F.,
 .F.,(3,3),(0.,1.),.UNSPECIFIED.);
#111=B_SPLINE_CURVE_WITH_KNOTS('',2,(#7512,#7513,#7514),.UNSPECIFIED.,.F.,
 .F.,(3,3),(0.,1.),.UNSPECIFIED.);
#112=B_SPLINE_CURVE_WITH_KNOTS('',2,(#7516,#7517,#7518),.UNSPECIFIED.,.F.,
 .F.,(3,3),(0.,1.),.UNSPECIFIED.);
#113=B_SPLINE_CURVE_WITH_KNOTS('',2,(#7520,#7521,#7522),.UNSPECIFIED.,.F.,
 .F.,(3,3),(0.,1.),.UNSPECIFIED.);
#114=B_SPLINE_CURVE_WITH_KNOTS('',2,(#7524,#7525,#7526),.UNSPECIFIED.,.F.,
 .F.,(3,3),(0.,1.),.UNSPECIFIED.);
#115=B_SPLINE_CURVE_WITH_KNOTS('',2,(#7528,#7529,#7530),.UNSPECIFIED.,.F.,
 .F.,(3,3),(0.,1.),.UNSPECIFIED.);
#116=B_SPLINE_CURVE_WITH_KNOTS('',2,(#7532,#7533,#7534),.UNSPECIFIED.,.F.,
 .F.,(3,3),(0.,1.),.UNSPECIFIED.);
#117=B_SPLINE_CURVE_WITH_KNOTS('',2,(#7536,#7537,#7538),.UNSPECIFIED.,.F.,
 .F.,(3,3),(0.,1.),.UNSPECIFIED.);
#118=B_SPLINE_CURVE_WITH_KNOTS('',2,(#7540,#7541,#7542),.UNSPECIFIED.,.F.,
 .F.,(3,3),(0.,1.),.UNSPECIFIED.);
#119=B_SPLINE_CURVE_WITH_KNOTS('',2,(#7544,#7545,#7546),.UNSPECIFIED.,.F.,
 .F.,(3,3),(0.,1.),.UNSPECIFIED.);
#120=B_SPLINE_CURVE_WITH_KNOTS('',2,(#7548,#7549,#7550),.UNSPECIFIED.,.F.,
 .F.,(3,3),(0.,1.),.UNSPECIFIED.);
#121=B_SPLINE_CURVE_WITH_KNOTS('',2,(#7554,#7555,#7556),.UNSPECIFIED.,.F.,
 .F.,(3,3),(0.,1.),.UNSPECIFIED.);
#122=B_SPLINE_CURVE_WITH_KNOTS('',2,(#7558,#7559,#7560),.UNSPECIFIED.,.F.,
 .F.,(3,3),(0.,1.),.UNSPECIFIED.);
#123=B_SPLINE_CURVE_WITH_KNOTS('',2,(#7562,#7563,#7564),.UNSPECIFIED.,.F.,
 .F.,(3,3),(0.,1.),.UNSPECIFIED.);
#124=B_SPLINE_CURVE_WITH_KNOTS('',2,(#7566,#7567,#7568),.UNSPECIFIED.,.F.,
 .F.,(3,3),(0.,1.),.UNSPECIFIED.);
#125=B_SPLINE_CURVE_WITH_KNOTS('',2,(#7570,#7571,#7572),.UNSPECIFIED.,.F.,
 .F.,(3,3),(0.,1.),.UNSPECIFIED.);
#126=B_SPLINE_CURVE_WITH_KNOTS('',2,(#7574,#7575,#7576),.UNSPECIFIED.,.F.,
 .F.,(3,3),(0.,1.),.UNSPECIFIED.);
#127=B_SPLINE_CURVE_WITH_KNOTS('',2,(#7578,#7579,#7580),.UNSPECIFIED.,.F.,
 .F.,(3,3),(0.,1.),.UNSPECIFIED.);
#128=B_SPLINE_CURVE_WITH_KNOTS('',2,(#7582,#7583,#7584),.UNSPECIFIED.,.F.,
 .F.,(3,3),(0.,1.),.UNSPECIFIED.);
#129=B_SPLINE_CURVE_WITH_KNOTS('',2,(#7586,#7587,#7588),.UNSPECIFIED.,.F.,
 .F.,(3,3),(0.,1.),.UNSPECIFIED.);
#130=B_SPLINE_CURVE_WITH_KNOTS('',2,(#7590,#7591,#7592),.UNSPECIFIED.,.F.,
 .F.,(3,3),(0.,1.),.UNSPECIFIED.);
#131=B_SPLINE_CURVE_WITH_KNOTS('',2,(#7594,#7595,#7596),.UNSPECIFIED.,.F.,
 .F.,(3,3),(0.,1.),.UNSPECIFIED.);
#132=B_SPLINE_CURVE_WITH_KNOTS('',2,(#7598,#7599,#7600),.UNSPECIFIED.,.F.,
 .F.,(3,3),(0.,1.),.UNSPECIFIED.);
#133=B_SPLINE_CURVE_WITH_KNOTS('',2,(#7601,#7602,#7603),.UNSPECIFIED.,.F.,
 .F.,(3,3),(0.,1.),.UNSPECIFIED.);
#134=B_SPLINE_CURVE_WITH_KNOTS('',2,(#7614,#7615,#7616),.UNSPECIFIED.,.F.,
 .F.,(3,3),(0.,1.),.UNSPECIFIED.);
#135=B_SPLINE_CURVE_WITH_KNOTS('',2,(#7618,#7619,#7620),.UNSPECIFIED.,.F.,
 .F.,(3,3),(0.,1.),.UNSPECIFIED.);
#136=B_SPLINE_CURVE_WITH_KNOTS('',2,(#7624,#7625,#7626),.UNSPECIFIED.,.F.,
 .F.,(3,3),(0.,1.),.UNSPECIFIED.);
#137=B_SPLINE_CURVE_WITH_KNOTS('',2,(#7627,#7628,#7629),.UNSPECIFIED.,.F.,
 .F.,(3,3),(0.,1.),.UNSPECIFIED.);
#138=B_SPLINE_CURVE_WITH_KNOTS('',2,(#7662,#7663,#7664),.UNSPECIFIED.,.F.,
 .F.,(3,3),(0.,1.),.UNSPECIFIED.);
#139=B_SPLINE_CURVE_WITH_KNOTS('',2,(#7666,#7667,#7668),.UNSPECIFIED.,.F.,
 .F.,(3,3),(0.,1.),.UNSPECIFIED.);
#140=B_SPLINE_CURVE_WITH_KNOTS('',2,(#7670,#7671,#7672),.UNSPECIFIED.,.F.,
 .F.,(3,3),(0.,1.),.UNSPECIFIED.);
#141=B_SPLINE_CURVE_WITH_KNOTS('',2,(#7674,#7675,#7676),.UNSPECIFIED.,.F.,
 .F.,(3,3),(0.,1.),.UNSPECIFIED.);
#142=B_SPLINE_CURVE_WITH_KNOTS('',2,(#7678,#7679,#7680),.UNSPECIFIED.,.F.,
 .F.,(3,3),(0.,1.),.UNSPECIFIED.);
#143=B_SPLINE_CURVE_WITH_KNOTS('',2,(#7682,#7683,#7684),.UNSPECIFIED.,.F.,
 .F.,(3,3),(0.,1.),.UNSPECIFIED.);
#144=B_SPLINE_CURVE_WITH_KNOTS('',2,(#7698,#7699,#7700),.UNSPECIFIED.,.F.,
 .F.,(3,3),(0.,1.),.UNSPECIFIED.);
#145=B_SPLINE_CURVE_WITH_KNOTS('',2,(#7702,#7703,#7704),.UNSPECIFIED.,.F.,
 .F.,(3,3),(0.,1.),.UNSPECIFIED.);
#146=B_SPLINE_CURVE_WITH_KNOTS('',2,(#7706,#7707,#7708),.UNSPECIFIED.,.F.,
 .F.,(3,3),(0.,1.),.UNSPECIFIED.);
#147=B_SPLINE_CURVE_WITH_KNOTS('',2,(#7710,#7711,#7712),.UNSPECIFIED.,.F.,
 .F.,(3,3),(0.,1.),.UNSPECIFIED.);
#148=B_SPLINE_CURVE_WITH_KNOTS('',2,(#7714,#7715,#7716),.UNSPECIFIED.,.F.,
 .F.,(3,3),(0.,1.),.UNSPECIFIED.);
#149=B_SPLINE_CURVE_WITH_KNOTS('',2,(#7718,#7719,#7720),.UNSPECIFIED.,.F.,
 .F.,(3,3),(0.,1.),.UNSPECIFIED.);
#150=B_SPLINE_CURVE_WITH_KNOTS('',2,(#7722,#7723,#7724),.UNSPECIFIED.,.F.,
 .F.,(3,3),(0.,1.),.UNSPECIFIED.);
#151=B_SPLINE_CURVE_WITH_KNOTS('',2,(#7726,#7727,#7728),.UNSPECIFIED.,.F.,
 .F.,(3,3),(0.,1.),.UNSPECIFIED.);
#152=B_SPLINE_CURVE_WITH_KNOTS('',2,(#7730,#7731,#7732),.UNSPECIFIED.,.F.,
 .F.,(3,3),(0.,1.),.UNSPECIFIED.);
#153=B_SPLINE_CURVE_WITH_KNOTS('',2,(#7734,#7735,#7736),.UNSPECIFIED.,.F.,
 .F.,(3,3),(0.,1.),.UNSPECIFIED.);
#154=B_SPLINE_CURVE_WITH_KNOTS('',2,(#7738,#7739,#7740),.UNSPECIFIED.,.F.,
 .F.,(3,3),(0.,1.),.UNSPECIFIED.);
#155=B_SPLINE_CURVE_WITH_KNOTS('',2,(#7744,#7745,#7746),.UNSPECIFIED.,.F.,
 .F.,(3,3),(0.,1.),.UNSPECIFIED.);
#156=B_SPLINE_CURVE_WITH_KNOTS('',2,(#7748,#7749,#7750),.UNSPECIFIED.,.F.,
 .F.,(3,3),(0.,1.),.UNSPECIFIED.);
#157=B_SPLINE_CURVE_WITH_KNOTS('',2,(#7752,#7753,#7754),.UNSPECIFIED.,.F.,
 .F.,(3,3),(0.,1.),.UNSPECIFIED.);
#158=B_SPLINE_CURVE_WITH_KNOTS('',2,(#7756,#7757,#7758),.UNSPECIFIED.,.F.,
 .F.,(3,3),(0.,1.),.UNSPECIFIED.);
#159=B_SPLINE_CURVE_WITH_KNOTS('',2,(#7760,#7761,#7762),.UNSPECIFIED.,.F.,
 .F.,(3,3),(0.,1.),.UNSPECIFIED.);
#160=B_SPLINE_CURVE_WITH_KNOTS('',2,(#7764,#7765,#7766),.UNSPECIFIED.,.F.,
 .F.,(3,3),(0.,1.),.UNSPECIFIED.);
#161=B_SPLINE_CURVE_WITH_KNOTS('',2,(#7768,#7769,#7770),.UNSPECIFIED.,.F.,
 .F.,(3,3),(0.,1.),.UNSPECIFIED.);
#162=B_SPLINE_CURVE_WITH_KNOTS('',2,(#7772,#7773,#7774),.UNSPECIFIED.,.F.,
 .F.,(3,3),(0.,1.),.UNSPECIFIED.);
#163=B_SPLINE_CURVE_WITH_KNOTS('',2,(#7776,#7777,#7778),.UNSPECIFIED.,.F.,
 .F.,(3,3),(0.,1.),.UNSPECIFIED.);
#164=B_SPLINE_CURVE_WITH_KNOTS('',2,(#7780,#7781,#7782),.UNSPECIFIED.,.F.,
 .F.,(3,3),(0.,1.),.UNSPECIFIED.);
#165=B_SPLINE_CURVE_WITH_KNOTS('',2,(#7784,#7785,#7786),.UNSPECIFIED.,.F.,
 .F.,(3,3),(0.,1.),.UNSPECIFIED.);
#166=B_SPLINE_CURVE_WITH_KNOTS('',2,(#7787,#7788,#7789),.UNSPECIFIED.,.F.,
 .F.,(3,3),(0.,1.),.UNSPECIFIED.);
#167=B_SPLINE_CURVE_WITH_KNOTS('',2,(#7902,#7903,#7904),.UNSPECIFIED.,.F.,
 .F.,(3,3),(0.,1.),.UNSPECIFIED.);
#168=B_SPLINE_CURVE_WITH_KNOTS('',2,(#7906,#7907,#7908),.UNSPECIFIED.,.F.,
 .F.,(3,3),(0.,1.),.UNSPECIFIED.);
#169=B_SPLINE_CURVE_WITH_KNOTS('',2,(#7910,#7911,#7912),.UNSPECIFIED.,.F.,
 .F.,(3,3),(0.,1.),.UNSPECIFIED.);
#170=B_SPLINE_CURVE_WITH_KNOTS('',2,(#7914,#7915,#7916),.UNSPECIFIED.,.F.,
 .F.,(3,3),(0.,1.),.UNSPECIFIED.);
#171=B_SPLINE_CURVE_WITH_KNOTS('',2,(#7917,#7918,#7919),.UNSPECIFIED.,.F.,
 .F.,(3,3),(0.,1.),.UNSPECIFIED.);
#172=B_SPLINE_CURVE_WITH_KNOTS('',2,(#7930,#7931,#7932),.UNSPECIFIED.,.F.,
 .F.,(3,3),(0.,1.),.UNSPECIFIED.);
#173=B_SPLINE_CURVE_WITH_KNOTS('',2,(#7934,#7935,#7936),.UNSPECIFIED.,.F.,
 .F.,(3,3),(0.,1.),.UNSPECIFIED.);
#174=B_SPLINE_CURVE_WITH_KNOTS('',2,(#7938,#7939,#7940),.UNSPECIFIED.,.F.,
 .F.,(3,3),(0.,1.),.UNSPECIFIED.);
#175=B_SPLINE_CURVE_WITH_KNOTS('',2,(#7942,#7943,#7944),.UNSPECIFIED.,.F.,
 .F.,(3,3),(0.,1.),.UNSPECIFIED.);
#176=B_SPLINE_CURVE_WITH_KNOTS('',2,(#7946,#7947,#7948),.UNSPECIFIED.,.F.,
 .F.,(3,3),(0.,1.),.UNSPECIFIED.);
#177=B_SPLINE_CURVE_WITH_KNOTS('',2,(#7950,#7951,#7952),.UNSPECIFIED.,.F.,
 .F.,(3,3),(0.,1.),.UNSPECIFIED.);
#178=B_SPLINE_CURVE_WITH_KNOTS('',2,(#7954,#7955,#7956),.UNSPECIFIED.,.F.,
 .F.,(3,3),(0.,1.),.UNSPECIFIED.);
#179=B_SPLINE_CURVE_WITH_KNOTS('',2,(#7958,#7959,#7960),.UNSPECIFIED.,.F.,
 .F.,(3,3),(0.,1.),.UNSPECIFIED.);
#180=B_SPLINE_CURVE_WITH_KNOTS('',2,(#7962,#7963,#7964),.UNSPECIFIED.,.F.,
 .F.,(3,3),(0.,1.),.UNSPECIFIED.);
#181=B_SPLINE_CURVE_WITH_KNOTS('',2,(#7966,#7967,#7968),.UNSPECIFIED.,.F.,
 .F.,(3,3),(0.,1.),.UNSPECIFIED.);
#182=B_SPLINE_CURVE_WITH_KNOTS('',2,(#7970,#7971,#7972),.UNSPECIFIED.,.F.,
 .F.,(3,3),(0.,1.),.UNSPECIFIED.);
#183=B_SPLINE_CURVE_WITH_KNOTS('',2,(#7974,#7975,#7976),.UNSPECIFIED.,.F.,
 .F.,(3,3),(0.,1.),.UNSPECIFIED.);
#184=B_SPLINE_CURVE_WITH_KNOTS('',2,(#7978,#7979,#7980),.UNSPECIFIED.,.F.,
 .F.,(3,3),(0.,1.),.UNSPECIFIED.);
#185=B_SPLINE_CURVE_WITH_KNOTS('',2,(#7982,#7983,#7984),.UNSPECIFIED.,.F.,
 .F.,(3,3),(0.,1.),.UNSPECIFIED.);
#186=B_SPLINE_CURVE_WITH_KNOTS('',2,(#7986,#7987,#7988),.UNSPECIFIED.,.F.,
 .F.,(3,3),(0.,1.),.UNSPECIFIED.);
#187=B_SPLINE_CURVE_WITH_KNOTS('',2,(#7992,#7993,#7994),.UNSPECIFIED.,.F.,
 .F.,(3,3),(0.,1.),.UNSPECIFIED.);
#188=B_SPLINE_CURVE_WITH_KNOTS('',2,(#7996,#7997,#7998),.UNSPECIFIED.,.F.,
 .F.,(3,3),(0.,1.),.UNSPECIFIED.);
#189=B_SPLINE_CURVE_WITH_KNOTS('',2,(#8000,#8001,#8002),.UNSPECIFIED.,.F.,
 .F.,(3,3),(0.,1.),.UNSPECIFIED.);
#190=B_SPLINE_CURVE_WITH_KNOTS('',2,(#8004,#8005,#8006),.UNSPECIFIED.,.F.,
 .F.,(3,3),(0.,1.),.UNSPECIFIED.);
#191=B_SPLINE_CURVE_WITH_KNOTS('',2,(#8008,#8009,#8010),.UNSPECIFIED.,.F.,
 .F.,(3,3),(0.,1.),.UNSPECIFIED.);
#192=B_SPLINE_CURVE_WITH_KNOTS('',2,(#8012,#8013,#8014),.UNSPECIFIED.,.F.,
 .F.,(3,3),(0.,1.),.UNSPECIFIED.);
#193=B_SPLINE_CURVE_WITH_KNOTS('',2,(#8016,#8017,#8018),.UNSPECIFIED.,.F.,
 .F.,(3,3),(0.,1.),.UNSPECIFIED.);
#194=B_SPLINE_CURVE_WITH_KNOTS('',2,(#8020,#8021,#8022),.UNSPECIFIED.,.F.,
 .F.,(3,3),(0.,1.),.UNSPECIFIED.);
#195=B_SPLINE_CURVE_WITH_KNOTS('',2,(#8024,#8025,#8026),.UNSPECIFIED.,.F.,
 .F.,(3,3),(0.,1.),.UNSPECIFIED.);
#196=B_SPLINE_CURVE_WITH_KNOTS('',2,(#8028,#8029,#8030),.UNSPECIFIED.,.F.,
 .F.,(3,3),(0.,1.),.UNSPECIFIED.);
#197=B_SPLINE_CURVE_WITH_KNOTS('',2,(#8032,#8033,#8034),.UNSPECIFIED.,.F.,
 .F.,(3,3),(0.,1.),.UNSPECIFIED.);
#198=B_SPLINE_CURVE_WITH_KNOTS('',2,(#8036,#8037,#8038),.UNSPECIFIED.,.F.,
 .F.,(3,3),(0.,1.),.UNSPECIFIED.);
#199=B_SPLINE_CURVE_WITH_KNOTS('',2,(#8040,#8041,#8042),.UNSPECIFIED.,.F.,
 .F.,(3,3),(0.,1.),.UNSPECIFIED.);
#200=B_SPLINE_CURVE_WITH_KNOTS('',2,(#8044,#8045,#8046),.UNSPECIFIED.,.F.,
 .F.,(3,3),(0.,1.),.UNSPECIFIED.);
#201=B_SPLINE_CURVE_WITH_KNOTS('',2,(#8048,#8049,#8050),.UNSPECIFIED.,.F.,
 .F.,(3,3),(0.,1.),.UNSPECIFIED.);
#202=B_SPLINE_CURVE_WITH_KNOTS('',2,(#8052,#8053,#8054),.UNSPECIFIED.,.F.,
 .F.,(3,3),(0.,1.),.UNSPECIFIED.);
#203=B_SPLINE_CURVE_WITH_KNOTS('',2,(#8056,#8057,#8058),.UNSPECIFIED.,.F.,
 .F.,(3,3),(0.,1.),.UNSPECIFIED.);
#204=B_SPLINE_CURVE_WITH_KNOTS('',2,(#8060,#8061,#8062),.UNSPECIFIED.,.F.,
 .F.,(3,3),(0.,1.),.UNSPECIFIED.);
#205=B_SPLINE_CURVE_WITH_KNOTS('',2,(#8306,#8307,#8308),.UNSPECIFIED.,.F.,
 .F.,(3,3),(0.,1.),.UNSPECIFIED.);
#206=B_SPLINE_CURVE_WITH_KNOTS('',2,(#8310,#8311,#8312),.UNSPECIFIED.,.F.,
 .F.,(3,3),(0.,1.),.UNSPECIFIED.);
#207=B_SPLINE_CURVE_WITH_KNOTS('',2,(#8316,#8317,#8318),.UNSPECIFIED.,.F.,
 .F.,(3,3),(0.,1.),.UNSPECIFIED.);
#208=B_SPLINE_CURVE_WITH_KNOTS('',2,(#8320,#8321,#8322),.UNSPECIFIED.,.F.,
 .F.,(3,3),(0.,1.),.UNSPECIFIED.);
#209=B_SPLINE_CURVE_WITH_KNOTS('',2,(#8430,#8431,#8432),.UNSPECIFIED.,.F.,
 .F.,(3,3),(0.,1.),.UNSPECIFIED.);
#210=B_SPLINE_CURVE_WITH_KNOTS('',2,(#8434,#8435,#8436),.UNSPECIFIED.,.F.,
 .F.,(3,3),(0.,1.),.UNSPECIFIED.);
#211=B_SPLINE_CURVE_WITH_KNOTS('',2,(#8438,#8439,#8440),.UNSPECIFIED.,.F.,
 .F.,(3,3),(0.,1.),.UNSPECIFIED.);
#212=B_SPLINE_CURVE_WITH_KNOTS('',2,(#8442,#8443,#8444),.UNSPECIFIED.,.F.,
 .F.,(3,3),(0.,1.),.UNSPECIFIED.);
#213=B_SPLINE_CURVE_WITH_KNOTS('',2,(#8446,#8447,#8448),.UNSPECIFIED.,.F.,
 .F.,(3,3),(0.,1.),.UNSPECIFIED.);
#214=B_SPLINE_CURVE_WITH_KNOTS('',2,(#8450,#8451,#8452),.UNSPECIFIED.,.F.,
 .F.,(3,3),(0.,1.),.UNSPECIFIED.);
#215=B_SPLINE_CURVE_WITH_KNOTS('',2,(#8462,#8463,#8464),.UNSPECIFIED.,.F.,
 .F.,(3,3),(0.,1.),.UNSPECIFIED.);
#216=B_SPLINE_CURVE_WITH_KNOTS('',2,(#8466,#8467,#8468),.UNSPECIFIED.,.F.,
 .F.,(3,3),(0.,1.),.UNSPECIFIED.);
#217=B_SPLINE_CURVE_WITH_KNOTS('',2,(#8470,#8471,#8472),.UNSPECIFIED.,.F.,
 .F.,(3,3),(0.,1.),.UNSPECIFIED.);
#218=B_SPLINE_CURVE_WITH_KNOTS('',2,(#8474,#8475,#8476),.UNSPECIFIED.,.F.,
 .F.,(3,3),(0.,1.),.UNSPECIFIED.);
#219=B_SPLINE_CURVE_WITH_KNOTS('',2,(#8478,#8479,#8480),.UNSPECIFIED.,.F.,
 .F.,(3,3),(0.,1.),.UNSPECIFIED.);
#220=B_SPLINE_CURVE_WITH_KNOTS('',2,(#8582,#8583,#8584),.UNSPECIFIED.,.F.,
 .F.,(3,3),(0.,1.),.UNSPECIFIED.);
#221=B_SPLINE_CURVE_WITH_KNOTS('',2,(#8586,#8587,#8588),.UNSPECIFIED.,.F.,
 .F.,(3,3),(0.,1.),.UNSPECIFIED.);
#222=B_SPLINE_CURVE_WITH_KNOTS('',2,(#8590,#8591,#8592),.UNSPECIFIED.,.F.,
 .F.,(3,3),(0.,1.),.UNSPECIFIED.);
#223=B_SPLINE_CURVE_WITH_KNOTS('',2,(#8594,#8595,#8596),.UNSPECIFIED.,.F.,
 .F.,(3,3),(0.,1.),.UNSPECIFIED.);
#224=B_SPLINE_CURVE_WITH_KNOTS('',2,(#8598,#8599,#8600),.UNSPECIFIED.,.F.,
 .F.,(3,3),(0.,1.),.UNSPECIFIED.);
#225=B_SPLINE_CURVE_WITH_KNOTS('',2,(#8602,#8603,#8604),.UNSPECIFIED.,.F.,
 .F.,(3,3),(0.,1.),.UNSPECIFIED.);
#226=B_SPLINE_CURVE_WITH_KNOTS('',2,(#8606,#8607,#8608),.UNSPECIFIED.,.F.,
 .F.,(3,3),(0.,1.),.UNSPECIFIED.);
#227=B_SPLINE_CURVE_WITH_KNOTS('',2,(#8610,#8611,#8612),.UNSPECIFIED.,.F.,
 .F.,(3,3),(0.,1.),.UNSPECIFIED.);
#228=B_SPLINE_CURVE_WITH_KNOTS('',2,(#8614,#8615,#8616),.UNSPECIFIED.,.F.,
 .F.,(3,3),(0.,1.),.UNSPECIFIED.);
#229=B_SPLINE_CURVE_WITH_KNOTS('',2,(#8618,#8619,#8620),.UNSPECIFIED.,.F.,
 .F.,(3,3),(0.,1.),.UNSPECIFIED.);
#230=B_SPLINE_CURVE_WITH_KNOTS('',2,(#8622,#8623,#8624),.UNSPECIFIED.,.F.,
 .F.,(3,3),(0.,1.),.UNSPECIFIED.);
#231=B_SPLINE_CURVE_WITH_KNOTS('',2,(#8626,#8627,#8628),.UNSPECIFIED.,.F.,
 .F.,(3,3),(0.,1.),.UNSPECIFIED.);
#232=B_SPLINE_CURVE_WITH_KNOTS('',2,(#8632,#8633,#8634),.UNSPECIFIED.,.F.,
 .F.,(3,3),(0.,1.),.UNSPECIFIED.);
#233=B_SPLINE_CURVE_WITH_KNOTS('',2,(#8636,#8637,#8638),.UNSPECIFIED.,.F.,
 .F.,(3,3),(0.,1.),.UNSPECIFIED.);
#234=B_SPLINE_CURVE_WITH_KNOTS('',2,(#8640,#8641,#8642),.UNSPECIFIED.,.F.,
 .F.,(3,3),(0.,1.),.UNSPECIFIED.);
#235=B_SPLINE_CURVE_WITH_KNOTS('',2,(#8644,#8645,#8646),.UNSPECIFIED.,.F.,
 .F.,(3,3),(0.,1.),.UNSPECIFIED.);
#236=B_SPLINE_CURVE_WITH_KNOTS('',2,(#8648,#8649,#8650),.UNSPECIFIED.,.F.,
 .F.,(3,3),(0.,1.),.UNSPECIFIED.);
#237=B_SPLINE_CURVE_WITH_KNOTS('',2,(#8652,#8653,#8654),.UNSPECIFIED.,.F.,
 .F.,(3,3),(0.,1.),.UNSPECIFIED.);
#238=B_SPLINE_CURVE_WITH_KNOTS('',2,(#8656,#8657,#8658),.UNSPECIFIED.,.F.,
 .F.,(3,3),(0.,1.),.UNSPECIFIED.);
#239=B_SPLINE_CURVE_WITH_KNOTS('',2,(#8660,#8661,#8662),.UNSPECIFIED.,.F.,
 .F.,(3,3),(0.,1.),.UNSPECIFIED.);
#240=B_SPLINE_CURVE_WITH_KNOTS('',2,(#8664,#8665,#8666),.UNSPECIFIED.,.F.,
 .F.,(3,3),(0.,1.),.UNSPECIFIED.);
#241=B_SPLINE_CURVE_WITH_KNOTS('',2,(#8668,#8669,#8670),.UNSPECIFIED.,.F.,
 .F.,(3,3),(0.,1.),.UNSPECIFIED.);
#242=B_SPLINE_CURVE_WITH_KNOTS('',2,(#8672,#8673,#8674),.UNSPECIFIED.,.F.,
 .F.,(3,3),(0.,1.),.UNSPECIFIED.);
#243=FACE_BOUND('',#575,.T.);
#244=FACE_BOUND('',#576,.T.);
#245=FACE_BOUND('',#577,.T.);
#246=FACE_BOUND('',#578,.T.);
#247=FACE_BOUND('',#579,.T.);
#248=FACE_BOUND('',#580,.T.);
#249=FACE_BOUND('',#593,.T.);
#250=FACE_BOUND('',#648,.T.);
#251=FACE_BOUND('',#664,.T.);
#252=FACE_BOUND('',#757,.T.);
#253=FACE_BOUND('',#762,.T.);
#254=FACE_BOUND('',#770,.T.);
#255=FACE_BOUND('',#771,.T.);
#256=FACE_BOUND('',#772,.T.);
#257=FACE_BOUND('',#773,.T.);
#258=FACE_BOUND('',#774,.T.);
#259=FACE_BOUND('',#775,.T.);
#260=FACE_BOUND('',#839,.T.);
#261=FACE_BOUND('',#862,.T.);
#262=FACE_BOUND('',#869,.T.);
#263=ELLIPSE('',#5993,4.,2.);
#264=ELLIPSE('',#5994,4.,2.);
#265=ELLIPSE('',#5995,4.,2.);
#266=ELLIPSE('',#6008,4.,2.);
#267=ELLIPSE('',#6009,4.,2.);
#268=ELLIPSE('',#6010,4.,2.);
#269=FACE_OUTER_BOUND('',#565,.T.);
#270=FACE_OUTER_BOUND('',#566,.T.);
#271=FACE_OUTER_BOUND('',#567,.T.);
#272=FACE_OUTER_BOUND('',#568,.T.);
#273=FACE_OUTER_BOUND('',#569,.T.);
#274=FACE_OUTER_BOUND('',#570,.T.);
#275=FACE_OUTER_BOUND('',#571,.T.);
#276=FACE_OUTER_BOUND('',#572,.T.);
#277=FACE_OUTER_BOUND('',#573,.T.);
#278=FACE_OUTER_BOUND('',#574,.T.);
#279=FACE_OUTER_BOUND('',#581,.T.);
#280=FACE_OUTER_BOUND('',#582,.T.);
#281=FACE_OUTER_BOUND('',#583,.T.);
#282=FACE_OUTER_BOUND('',#584,.T.);
#283=FACE_OUTER_BOUND('',#585,.T.);
#284=FACE_OUTER_BOUND('',#586,.T.);
#285=FACE_OUTER_BOUND('',#587,.T.);
#286=FACE_OUTER_BOUND('',#588,.T.);
#287=FACE_OUTER_BOUND('',#589,.T.);
#288=FACE_OUTER_BOUND('',#590,.T.);
#289=FACE_OUTER_BOUND('',#591,.T.);
#290=FACE_OUTER_BOUND('',#592,.T.);
#291=FACE_OUTER_BOUND('',#594,.T.);
#292=FACE_OUTER_BOUND('',#595,.T.);
#293=FACE_OUTER_BOUND('',#596,.T.);
#294=FACE_OUTER_BOUND('',#597,.T.);
#295=FACE_OUTER_BOUND('',#598,.T.);
#296=FACE_OUTER_BOUND('',#599,.T.);
#297=FACE_OUTER_BOUND('',#600,.T.);
#298=FACE_OUTER_BOUND('',#601,.T.);
#299=FACE_OUTER_BOUND('',#602,.T.);
#300=FACE_OUTER_BOUND('',#603,.T.);
#301=FACE_OUTER_BOUND('',#604,.T.);
#302=FACE_OUTER_BOUND('',#605,.T.);
#303=FACE_OUTER_BOUND('',#606,.T.);
#304=FACE_OUTER_BOUND('',#607,.T.);
#305=FACE_OUTER_BOUND('',#608,.T.);
#306=FACE_OUTER_BOUND('',#609,.T.);
#307=FACE_OUTER_BOUND('',#610,.T.);
#308=FACE_OUTER_BOUND('',#611,.T.);
#309=FACE_OUTER_BOUND('',#612,.T.);
#310=FACE_OUTER_BOUND('',#613,.T.);
#311=FACE_OUTER_BOUND('',#614,.T.);
#312=FACE_OUTER_BOUND('',#615,.T.);
#313=FACE_OUTER_BOUND('',#616,.T.);
#314=FACE_OUTER_BOUND('',#617,.T.);
#315=FACE_OUTER_BOUND('',#618,.T.);
#316=FACE_OUTER_BOUND('',#619,.T.);
#317=FACE_OUTER_BOUND('',#620,.T.);
#318=FACE_OUTER_BOUND('',#621,.T.);
#319=FACE_OUTER_BOUND('',#622,.T.);
#320=FACE_OUTER_BOUND('',#623,.T.);
#321=FACE_OUTER_BOUND('',#624,.T.);
#322=FACE_OUTER_BOUND('',#625,.T.);
#323=FACE_OUTER_BOUND('',#626,.T.);
#324=FACE_OUTER_BOUND('',#627,.T.);
#325=FACE_OUTER_BOUND('',#628,.T.);
#326=FACE_OUTER_BOUND('',#629,.T.);
#327=FACE_OUTER_BOUND('',#630,.T.);
#328=FACE_OUTER_BOUND('',#631,.T.);
#329=FACE_OUTER_BOUND('',#632,.T.);
#330=FACE_OUTER_BOUND('',#633,.T.);
#331=FACE_OUTER_BOUND('',#634,.T.);
#332=FACE_OUTER_BOUND('',#635,.T.);
#333=FACE_OUTER_BOUND('',#636,.T.);
#334=FACE_OUTER_BOUND('',#637,.T.);
#335=FACE_OUTER_BOUND('',#638,.T.);
#336=FACE_OUTER_BOUND('',#639,.T.);
#337=FACE_OUTER_BOUND('',#640,.T.);
#338=FACE_OUTER_BOUND('',#641,.T.);
#339=FACE_OUTER_BOUND('',#642,.T.);
#340=FACE_OUTER_BOUND('',#643,.T.);
#341=FACE_OUTER_BOUND('',#644,.T.);
#342=FACE_OUTER_BOUND('',#645,.T.);
#343=FACE_OUTER_BOUND('',#646,.T.);
#344=FACE_OUTER_BOUND('',#647,.T.);
#345=FACE_OUTER_BOUND('',#649,.T.);
#346=FACE_OUTER_BOUND('',#650,.T.);
#347=FACE_OUTER_BOUND('',#651,.T.);
#348=FACE_OUTER_BOUND('',#652,.T.);
#349=FACE_OUTER_BOUND('',#653,.T.);
#350=FACE_OUTER_BOUND('',#654,.T.);
#351=FACE_OUTER_BOUND('',#655,.T.);
#352=FACE_OUTER_BOUND('',#656,.T.);
#353=FACE_OUTER_BOUND('',#657,.T.);
#354=FACE_OUTER_BOUND('',#658,.T.);
#355=FACE_OUTER_BOUND('',#659,.T.);
#356=FACE_OUTER_BOUND('',#660,.T.);
#357=FACE_OUTER_BOUND('',#661,.T.);
#358=FACE_OUTER_BOUND('',#662,.T.);
#359=FACE_OUTER_BOUND('',#663,.T.);
#360=FACE_OUTER_BOUND('',#665,.T.);
#361=FACE_OUTER_BOUND('',#666,.T.);
#362=FACE_OUTER_BOUND('',#667,.T.);
#363=FACE_OUTER_BOUND('',#668,.T.);
#364=FACE_OUTER_BOUND('',#669,.T.);
#365=FACE_OUTER_BOUND('',#670,.T.);
#366=FACE_OUTER_BOUND('',#671,.T.);
#367=FACE_OUTER_BOUND('',#672,.T.);
#368=FACE_OUTER_BOUND('',#673,.T.);
#369=FACE_OUTER_BOUND('',#674,.T.);
#370=FACE_OUTER_BOUND('',#675,.T.);
#371=FACE_OUTER_BOUND('',#676,.T.);
#372=FACE_OUTER_BOUND('',#677,.T.);
#373=FACE_OUTER_BOUND('',#678,.T.);
#374=FACE_OUTER_BOUND('',#679,.T.);
#375=FACE_OUTER_BOUND('',#680,.T.);
#376=FACE_OUTER_BOUND('',#681,.T.);
#377=FACE_OUTER_BOUND('',#682,.T.);
#378=FACE_OUTER_BOUND('',#683,.T.);
#379=FACE_OUTER_BOUND('',#684,.T.);
#380=FACE_OUTER_BOUND('',#685,.T.);
#381=FACE_OUTER_BOUND('',#686,.T.);
#382=FACE_OUTER_BOUND('',#687,.T.);
#383=FACE_OUTER_BOUND('',#688,.T.);
#384=FACE_OUTER_BOUND('',#689,.T.);
#385=FACE_OUTER_BOUND('',#690,.T.);
#386=FACE_OUTER_BOUND('',#691,.T.);
#387=FACE_OUTER_BOUND('',#692,.T.);
#388=FACE_OUTER_BOUND('',#693,.T.);
#389=FACE_OUTER_BOUND('',#694,.T.);
#390=FACE_OUTER_BOUND('',#695,.T.);
#391=FACE_OUTER_BOUND('',#696,.T.);
#392=FACE_OUTER_BOUND('',#697,.T.);
#393=FACE_OUTER_BOUND('',#698,.T.);
#394=FACE_OUTER_BOUND('',#699,.T.);
#395=FACE_OUTER_BOUND('',#700,.T.);
#396=FACE_OUTER_BOUND('',#701,.T.);
#397=FACE_OUTER_BOUND('',#702,.T.);
#398=FACE_OUTER_BOUND('',#703,.T.);
#399=FACE_OUTER_BOUND('',#704,.T.);
#400=FACE_OUTER_BOUND('',#705,.T.);
#401=FACE_OUTER_BOUND('',#706,.T.);
#402=FACE_OUTER_BOUND('',#707,.T.);
#403=FACE_OUTER_BOUND('',#708,.T.);
#404=FACE_OUTER_BOUND('',#709,.T.);
#405=FACE_OUTER_BOUND('',#710,.T.);
#406=FACE_OUTER_BOUND('',#711,.T.);
#407=FACE_OUTER_BOUND('',#712,.T.);
#408=FACE_OUTER_BOUND('',#713,.T.);
#409=FACE_OUTER_BOUND('',#714,.T.);
#410=FACE_OUTER_BOUND('',#715,.T.);
#411=FACE_OUTER_BOUND('',#716,.T.);
#412=FACE_OUTER_BOUND('',#717,.T.);
#413=FACE_OUTER_BOUND('',#718,.T.);
#414=FACE_OUTER_BOUND('',#719,.T.);
#415=FACE_OUTER_BOUND('',#720,.T.);
#416=FACE_OUTER_BOUND('',#721,.T.);
#417=FACE_OUTER_BOUND('',#722,.T.);
#418=FACE_OUTER_BOUND('',#723,.T.);
#419=FACE_OUTER_BOUND('',#724,.T.);
#420=FACE_OUTER_BOUND('',#725,.T.);
#421=FACE_OUTER_BOUND('',#726,.T.);
#422=FACE_OUTER_BOUND('',#727,.T.);
#423=FACE_OUTER_BOUND('',#728,.T.);
#424=FACE_OUTER_BOUND('',#729,.T.);
#425=FACE_OUTER_BOUND('',#730,.T.);
#426=FACE_OUTER_BOUND('',#731,.T.);
#427=FACE_OUTER_BOUND('',#732,.T.);
#428=FACE_OUTER_BOUND('',#733,.T.);
#429=FACE_OUTER_BOUND('',#734,.T.);
#430=FACE_OUTER_BOUND('',#735,.T.);
#431=FACE_OUTER_BOUND('',#736,.T.);
#432=FACE_OUTER_BOUND('',#737,.T.);
#433=FACE_OUTER_BOUND('',#738,.T.);
#434=FACE_OUTER_BOUND('',#739,.T.);
#435=FACE_OUTER_BOUND('',#740,.T.);
#436=FACE_OUTER_BOUND('',#741,.T.);
#437=FACE_OUTER_BOUND('',#742,.T.);
#438=FACE_OUTER_BOUND('',#743,.T.);
#439=FACE_OUTER_BOUND('',#744,.T.);
#440=FACE_OUTER_BOUND('',#745,.T.);
#441=FACE_OUTER_BOUND('',#746,.T.);
#442=FACE_OUTER_BOUND('',#747,.T.);
#443=FACE_OUTER_BOUND('',#748,.T.);
#444=FACE_OUTER_BOUND('',#749,.T.);
#445=FACE_OUTER_BOUND('',#750,.T.);
#446=FACE_OUTER_BOUND('',#751,.T.);
#447=FACE_OUTER_BOUND('',#752,.T.);
#448=FACE_OUTER_BOUND('',#753,.T.);
#449=FACE_OUTER_BOUND('',#754,.T.);
#450=FACE_OUTER_BOUND('',#755,.T.);
#451=FACE_OUTER_BOUND('',#756,.T.);
#452=FACE_OUTER_BOUND('',#758,.T.);
#453=FACE_OUTER_BOUND('',#759,.T.);
#454=FACE_OUTER_BOUND('',#760,.T.);
#455=FACE_OUTER_BOUND('',#761,.T.);
#456=FACE_OUTER_BOUND('',#763,.T.);
#457=FACE_OUTER_BOUND('',#764,.T.);
#458=FACE_OUTER_BOUND('',#765,.T.);
#459=FACE_OUTER_BOUND('',#766,.T.);
#460=FACE_OUTER_BOUND('',#767,.T.);
#461=FACE_OUTER_BOUND('',#768,.T.);
#462=FACE_OUTER_BOUND('',#769,.T.);
#463=FACE_OUTER_BOUND('',#776,.T.);
#464=FACE_OUTER_BOUND('',#777,.T.);
#465=FACE_OUTER_BOUND('',#778,.T.);
#466=FACE_OUTER_BOUND('',#779,.T.);
#467=FACE_OUTER_BOUND('',#780,.T.);
#468=FACE_OUTER_BOUND('',#781,.T.);
#469=FACE_OUTER_BOUND('',#782,.T.);
#470=FACE_OUTER_BOUND('',#783,.T.);
#471=FACE_OUTER_BOUND('',#784,.T.);
#472=FACE_OUTER_BOUND('',#785,.T.);
#473=FACE_OUTER_BOUND('',#786,.T.);
#474=FACE_OUTER_BOUND('',#787,.T.);
#475=FACE_OUTER_BOUND('',#788,.T.);
#476=FACE_OUTER_BOUND('',#789,.T.);
#477=FACE_OUTER_BOUND('',#790,.T.);
#478=FACE_OUTER_BOUND('',#791,.T.);
#479=FACE_OUTER_BOUND('',#792,.T.);
#480=FACE_OUTER_BOUND('',#793,.T.);
#481=FACE_OUTER_BOUND('',#794,.T.);
#482=FACE_OUTER_BOUND('',#795,.T.);
#483=FACE_OUTER_BOUND('',#796,.T.);
#484=FACE_OUTER_BOUND('',#797,.T.);
#485=FACE_OUTER_BOUND('',#798,.T.);
#486=FACE_OUTER_BOUND('',#799,.T.);
#487=FACE_OUTER_BOUND('',#800,.T.);
#488=FACE_OUTER_BOUND('',#801,.T.);
#489=FACE_OUTER_BOUND('',#802,.T.);
#490=FACE_OUTER_BOUND('',#803,.T.);
#491=FACE_OUTER_BOUND('',#804,.T.);
#492=FACE_OUTER_BOUND('',#805,.T.);
#493=FACE_OUTER_BOUND('',#806,.T.);
#494=FACE_OUTER_BOUND('',#807,.T.);
#495=FACE_OUTER_BOUND('',#808,.T.);
#496=FACE_OUTER_BOUND('',#809,.T.);
#497=FACE_OUTER_BOUND('',#810,.T.);
#498=FACE_OUTER_BOUND('',#811,.T.);
#499=FACE_OUTER_BOUND('',#812,.T.);
#500=FACE_OUTER_BOUND('',#813,.T.);
#501=FACE_OUTER_BOUND('',#814,.T.);
#502=FACE_OUTER_BOUND('',#815,.T.);
#503=FACE_OUTER_BOUND('',#816,.T.);
#504=FACE_OUTER_BOUND('',#817,.T.);
#505=FACE_OUTER_BOUND('',#818,.T.);
#506=FACE_OUTER_BOUND('',#819,.T.);
#507=FACE_OUTER_BOUND('',#820,.T.);
#508=FACE_OUTER_BOUND('',#821,.T.);
#509=FACE_OUTER_BOUND('',#822,.T.);
#510=FACE_OUTER_BOUND('',#823,.T.);
#511=FACE_OUTER_BOUND('',#824,.T.);
#512=FACE_OUTER_BOUND('',#825,.T.);
#513=FACE_OUTER_BOUND('',#826,.T.);
#514=FACE_OUTER_BOUND('',#827,.T.);
#515=FACE_OUTER_BOUND('',#828,.T.);
#516=FACE_OUTER_BOUND('',#829,.T.);
#517=FACE_OUTER_BOUND('',#830,.T.);
#518=FACE_OUTER_BOUND('',#831,.T.);
#519=FACE_OUTER_BOUND('',#832,.T.);
#520=FACE_OUTER_BOUND('',#833,.T.);
#521=FACE_OUTER_BOUND('',#834,.T.);
#522=FACE_OUTER_BOUND('',#835,.T.);
#523=FACE_OUTER_BOUND('',#836,.T.);
#524=FACE_OUTER_BOUND('',#837,.T.);
#525=FACE_OUTER_BOUND('',#838,.T.);
#526=FACE_OUTER_BOUND('',#840,.T.);
#527=FACE_OUTER_BOUND('',#841,.T.);
#528=FACE_OUTER_BOUND('',#842,.T.);
#529=FACE_OUTER_BOUND('',#843,.T.);
#530=FACE_OUTER_BOUND('',#844,.T.);
#531=FACE_OUTER_BOUND('',#845,.T.);
#532=FACE_OUTER_BOUND('',#846,.T.);
#533=FACE_OUTER_BOUND('',#847,.T.);
#534=FACE_OUTER_BOUND('',#848,.T.);
#535=FACE_OUTER_BOUND('',#849,.T.);
#536=FACE_OUTER_BOUND('',#850,.T.);
#537=FACE_OUTER_BOUND('',#851,.T.);
#538=FACE_OUTER_BOUND('',#852,.T.);
#539=FACE_OUTER_BOUND('',#853,.T.);
#540=FACE_OUTER_BOUND('',#854,.T.);
#541=FACE_OUTER_BOUND('',#855,.T.);
#542=FACE_OUTER_BOUND('',#856,.T.);
#543=FACE_OUTER_BOUND('',#857,.T.);
#544=FACE_OUTER_BOUND('',#858,.T.);
#545=FACE_OUTER_BOUND('',#859,.T.);
#546=FACE_OUTER_BOUND('',#860,.T.);
#547=FACE_OUTER_BOUND('',#861,.T.);
#548=FACE_OUTER_BOUND('',#863,.T.);
#549=FACE_OUTER_BOUND('',#864,.T.);
#550=FACE_OUTER_BOUND('',#865,.T.);
#551=FACE_OUTER_BOUND('',#866,.T.);
#552=FACE_OUTER_BOUND('',#867,.T.);
#553=FACE_OUTER_BOUND('',#868,.T.);
#554=FACE_OUTER_BOUND('',#870,.T.);
#555=FACE_OUTER_BOUND('',#871,.T.);
#556=FACE_OUTER_BOUND('',#872,.T.);
#557=FACE_OUTER_BOUND('',#873,.T.);
#558=FACE_OUTER_BOUND('',#874,.T.);
#559=FACE_OUTER_BOUND('',#875,.T.);
#560=FACE_OUTER_BOUND('',#876,.T.);
#561=FACE_OUTER_BOUND('',#877,.T.);
#562=FACE_OUTER_BOUND('',#878,.T.);
#563=FACE_OUTER_BOUND('',#879,.T.);
#564=FACE_OUTER_BOUND('',#880,.T.);
#565=EDGE_LOOP('',(#3723,#3724,#3725,#3726,#3727,#3728,#3729,#3730));
#566=EDGE_LOOP('',(#3731,#3732,#3733,#3734));
#567=EDGE_LOOP('',(#3735,#3736,#3737,#3738));
#568=EDGE_LOOP('',(#3739,#3740,#3741,#3742));
#569=EDGE_LOOP('',(#3743,#3744,#3745,#3746));
#570=EDGE_LOOP('',(#3747,#3748,#3749,#3750));
#571=EDGE_LOOP('',(#3751,#3752,#3753,#3754));
#572=EDGE_LOOP('',(#3755,#3756,#3757,#3758));
#573=EDGE_LOOP('',(#3759,#3760,#3761,#3762));
#574=EDGE_LOOP('',(#3763,#3764,#3765,#3766,#3767,#3768,#3769,#3770,#3771,
#3772));
#575=EDGE_LOOP('',(#3773,#3774,#3775,#3776));
#576=EDGE_LOOP('',(#3777,#3778,#3779,#3780,#3781,#3782,#3783,#3784,#3785,
#3786,#3787,#3788,#3789,#3790,#3791,#3792,#3793,#3794,#3795,#3796,#3797,
#3798,#3799,#3800,#3801,#3802,#3803,#3804,#3805,#3806,#3807,#3808,#3809,
#3810,#3811));
#577=EDGE_LOOP('',(#3812,#3813,#3814,#3815,#3816,#3817,#3818,#3819,#3820));
#578=EDGE_LOOP('',(#3821,#3822,#3823,#3824,#3825,#3826,#3827,#3828,#3829,
#3830,#3831));
#579=EDGE_LOOP('',(#3832,#3833,#3834,#3835,#3836,#3837,#3838,#3839,#3840,
#3841,#3842));
#580=EDGE_LOOP('',(#3843,#3844,#3845,#3846,#3847,#3848,#3849,#3850,#3851,
#3852,#3853,#3854,#3855,#3856,#3857,#3858,#3859,#3860,#3861,#3862,#3863,
#3864,#3865,#3866,#3867,#3868,#3869,#3870,#3871));
#581=EDGE_LOOP('',(#3872,#3873,#3874,#3875));
#582=EDGE_LOOP('',(#3876,#3877,#3878,#3879));
#583=EDGE_LOOP('',(#3880,#3881,#3882,#3883));
#584=EDGE_LOOP('',(#3884,#3885,#3886,#3887));
#585=EDGE_LOOP('',(#3888,#3889,#3890,#3891));
#586=EDGE_LOOP('',(#3892,#3893,#3894,#3895));
#587=EDGE_LOOP('',(#3896,#3897,#3898,#3899));
#588=EDGE_LOOP('',(#3900,#3901,#3902,#3903,#3904,#3905,#3906,#3907));
#589=EDGE_LOOP('',(#3908,#3909,#3910,#3911,#3912,#3913));
#590=EDGE_LOOP('',(#3914,#3915,#3916,#3917));
#591=EDGE_LOOP('',(#3918,#3919,#3920,#3921));
#592=EDGE_LOOP('',(#3922,#3923,#3924,#3925,#3926,#3927,#3928,#3929));
#593=EDGE_LOOP('',(#3930,#3931,#3932,#3933,#3934,#3935,#3936,#3937,#3938,
#3939,#3940,#3941,#3942,#3943,#3944,#3945,#3946,#3947));
#594=EDGE_LOOP('',(#3948,#3949,#3950,#3951));
#595=EDGE_LOOP('',(#3952,#3953,#3954,#3955));
#596=EDGE_LOOP('',(#3956,#3957,#3958,#3959));
#597=EDGE_LOOP('',(#3960,#3961,#3962,#3963));
#598=EDGE_LOOP('',(#3964,#3965,#3966,#3967));
#599=EDGE_LOOP('',(#3968,#3969,#3970,#3971,#3972,#3973,#3974,#3975));
#600=EDGE_LOOP('',(#3976,#3977,#3978));
#601=EDGE_LOOP('',(#3979,#3980,#3981,#3982,#3983,#3984,#3985,#3986,#3987,
#3988,#3989,#3990,#3991,#3992,#3993,#3994,#3995,#3996,#3997,#3998,#3999,
#4000,#4001,#4002,#4003,#4004,#4005,#4006,#4007,#4008,#4009,#4010,#4011,
#4012,#4013));
#602=EDGE_LOOP('',(#4014,#4015,#4016,#4017));
#603=EDGE_LOOP('',(#4018,#4019,#4020,#4021));
#604=EDGE_LOOP('',(#4022,#4023,#4024,#4025));
#605=EDGE_LOOP('',(#4026,#4027,#4028,#4029));
#606=EDGE_LOOP('',(#4030,#4031,#4032,#4033));
#607=EDGE_LOOP('',(#4034,#4035,#4036,#4037));
#608=EDGE_LOOP('',(#4038,#4039,#4040,#4041));
#609=EDGE_LOOP('',(#4042,#4043,#4044,#4045));
#610=EDGE_LOOP('',(#4046,#4047,#4048,#4049));
#611=EDGE_LOOP('',(#4050,#4051,#4052,#4053));
#612=EDGE_LOOP('',(#4054,#4055,#4056,#4057));
#613=EDGE_LOOP('',(#4058,#4059,#4060,#4061));
#614=EDGE_LOOP('',(#4062,#4063,#4064,#4065));
#615=EDGE_LOOP('',(#4066,#4067,#4068,#4069));
#616=EDGE_LOOP('',(#4070,#4071,#4072,#4073));
#617=EDGE_LOOP('',(#4074,#4075,#4076,#4077));
#618=EDGE_LOOP('',(#4078,#4079,#4080,#4081));
#619=EDGE_LOOP('',(#4082,#4083,#4084,#4085));
#620=EDGE_LOOP('',(#4086,#4087,#4088,#4089));
#621=EDGE_LOOP('',(#4090,#4091,#4092,#4093));
#622=EDGE_LOOP('',(#4094,#4095,#4096,#4097));
#623=EDGE_LOOP('',(#4098,#4099,#4100,#4101));
#624=EDGE_LOOP('',(#4102,#4103,#4104,#4105));
#625=EDGE_LOOP('',(#4106,#4107,#4108,#4109));
#626=EDGE_LOOP('',(#4110,#4111,#4112,#4113));
#627=EDGE_LOOP('',(#4114,#4115,#4116,#4117));
#628=EDGE_LOOP('',(#4118,#4119,#4120,#4121));
#629=EDGE_LOOP('',(#4122,#4123,#4124,#4125));
#630=EDGE_LOOP('',(#4126,#4127,#4128,#4129));
#631=EDGE_LOOP('',(#4130,#4131,#4132,#4133));
#632=EDGE_LOOP('',(#4134,#4135,#4136,#4137));
#633=EDGE_LOOP('',(#4138,#4139,#4140,#4141));
#634=EDGE_LOOP('',(#4142,#4143,#4144,#4145));
#635=EDGE_LOOP('',(#4146,#4147,#4148,#4149));
#636=EDGE_LOOP('',(#4150,#4151,#4152,#4153));
#637=EDGE_LOOP('',(#4154,#4155,#4156,#4157,#4158,#4159,#4160,#4161,#4162));
#638=EDGE_LOOP('',(#4163,#4164,#4165,#4166));
#639=EDGE_LOOP('',(#4167,#4168,#4169,#4170));
#640=EDGE_LOOP('',(#4171,#4172,#4173,#4174));
#641=EDGE_LOOP('',(#4175,#4176,#4177,#4178));
#642=EDGE_LOOP('',(#4179,#4180,#4181,#4182));
#643=EDGE_LOOP('',(#4183,#4184,#4185,#4186));
#644=EDGE_LOOP('',(#4187,#4188,#4189,#4190));
#645=EDGE_LOOP('',(#4191,#4192,#4193,#4194));
#646=EDGE_LOOP('',(#4195,#4196,#4197,#4198));
#647=EDGE_LOOP('',(#4199,#4200,#4201,#4202,#4203,#4204,#4205,#4206,#4207,
#4208,#4209));
#648=EDGE_LOOP('',(#4210,#4211,#4212));
#649=EDGE_LOOP('',(#4213,#4214,#4215,#4216));
#650=EDGE_LOOP('',(#4217,#4218,#4219,#4220));
#651=EDGE_LOOP('',(#4221,#4222,#4223,#4224));
#652=EDGE_LOOP('',(#4225,#4226,#4227,#4228));
#653=EDGE_LOOP('',(#4229,#4230,#4231,#4232));
#654=EDGE_LOOP('',(#4233,#4234,#4235,#4236));
#655=EDGE_LOOP('',(#4237,#4238,#4239,#4240));
#656=EDGE_LOOP('',(#4241,#4242,#4243,#4244));
#657=EDGE_LOOP('',(#4245,#4246,#4247,#4248));
#658=EDGE_LOOP('',(#4249,#4250,#4251,#4252));
#659=EDGE_LOOP('',(#4253,#4254,#4255,#4256));
#660=EDGE_LOOP('',(#4257,#4258,#4259,#4260));
#661=EDGE_LOOP('',(#4261,#4262,#4263,#4264));
#662=EDGE_LOOP('',(#4265,#4266,#4267,#4268));
#663=EDGE_LOOP('',(#4269,#4270,#4271,#4272,#4273,#4274,#4275,#4276,#4277,
#4278,#4279));
#664=EDGE_LOOP('',(#4280,#4281,#4282,#4283,#4284,#4285,#4286,#4287));
#665=EDGE_LOOP('',(#4288,#4289,#4290,#4291));
#666=EDGE_LOOP('',(#4292,#4293,#4294,#4295));
#667=EDGE_LOOP('',(#4296,#4297,#4298,#4299));
#668=EDGE_LOOP('',(#4300,#4301,#4302,#4303));
#669=EDGE_LOOP('',(#4304,#4305,#4306,#4307));
#670=EDGE_LOOP('',(#4308,#4309,#4310,#4311));
#671=EDGE_LOOP('',(#4312,#4313,#4314,#4315));
#672=EDGE_LOOP('',(#4316,#4317,#4318,#4319));
#673=EDGE_LOOP('',(#4320,#4321,#4322,#4323));
#674=EDGE_LOOP('',(#4324,#4325,#4326,#4327));
#675=EDGE_LOOP('',(#4328,#4329,#4330,#4331));
#676=EDGE_LOOP('',(#4332,#4333,#4334,#4335));
#677=EDGE_LOOP('',(#4336,#4337,#4338,#4339));
#678=EDGE_LOOP('',(#4340,#4341,#4342,#4343));
#679=EDGE_LOOP('',(#4344,#4345,#4346,#4347));
#680=EDGE_LOOP('',(#4348,#4349,#4350,#4351));
#681=EDGE_LOOP('',(#4352,#4353,#4354,#4355));
#682=EDGE_LOOP('',(#4356,#4357,#4358,#4359));
#683=EDGE_LOOP('',(#4360,#4361,#4362,#4363));
#684=EDGE_LOOP('',(#4364,#4365,#4366,#4367,#4368,#4369,#4370,#4371,#4372,
#4373,#4374,#4375,#4376,#4377,#4378,#4379,#4380,#4381,#4382,#4383,#4384,
#4385,#4386,#4387,#4388,#4389,#4390,#4391,#4392));
#685=EDGE_LOOP('',(#4393,#4394,#4395,#4396));
#686=EDGE_LOOP('',(#4397,#4398,#4399,#4400));
#687=EDGE_LOOP('',(#4401,#4402,#4403,#4404));
#688=EDGE_LOOP('',(#4405,#4406,#4407,#4408));
#689=EDGE_LOOP('',(#4409,#4410,#4411,#4412));
#690=EDGE_LOOP('',(#4413,#4414,#4415,#4416));
#691=EDGE_LOOP('',(#4417,#4418,#4419,#4420));
#692=EDGE_LOOP('',(#4421,#4422,#4423,#4424));
#693=EDGE_LOOP('',(#4425,#4426,#4427,#4428));
#694=EDGE_LOOP('',(#4429,#4430,#4431,#4432));
#695=EDGE_LOOP('',(#4433,#4434,#4435,#4436));
#696=EDGE_LOOP('',(#4437,#4438,#4439,#4440));
#697=EDGE_LOOP('',(#4441,#4442,#4443,#4444));
#698=EDGE_LOOP('',(#4445,#4446,#4447,#4448));
#699=EDGE_LOOP('',(#4449,#4450,#4451,#4452));
#700=EDGE_LOOP('',(#4453,#4454,#4455,#4456));
#701=EDGE_LOOP('',(#4457,#4458,#4459,#4460));
#702=EDGE_LOOP('',(#4461,#4462,#4463,#4464));
#703=EDGE_LOOP('',(#4465,#4466,#4467,#4468));
#704=EDGE_LOOP('',(#4469,#4470,#4471,#4472));
#705=EDGE_LOOP('',(#4473,#4474,#4475,#4476));
#706=EDGE_LOOP('',(#4477,#4478,#4479,#4480));
#707=EDGE_LOOP('',(#4481,#4482,#4483,#4484));
#708=EDGE_LOOP('',(#4485,#4486,#4487,#4488));
#709=EDGE_LOOP('',(#4489,#4490,#4491,#4492));
#710=EDGE_LOOP('',(#4493,#4494,#4495,#4496));
#711=EDGE_LOOP('',(#4497,#4498,#4499,#4500));
#712=EDGE_LOOP('',(#4501,#4502,#4503,#4504));
#713=EDGE_LOOP('',(#4505,#4506,#4507,#4508));
#714=EDGE_LOOP('',(#4509,#4510,#4511,#4512,#4513,#4514,#4515,#4516,#4517,
#4518,#4519,#4520,#4521,#4522,#4523,#4524,#4525,#4526,#4527,#4528,#4529,
#4530,#4531,#4532,#4533,#4534,#4535,#4536,#4537,#4538,#4539,#4540,#4541,
#4542,#4543,#4544,#4545,#4546));
#715=EDGE_LOOP('',(#4547,#4548,#4549,#4550,#4551,#4552,#4553,#4554,#4555,
#4556,#4557,#4558,#4559,#4560,#4561,#4562,#4563,#4564,#4565,#4566,#4567,
#4568,#4569,#4570,#4571,#4572,#4573,#4574,#4575,#4576,#4577));
#716=EDGE_LOOP('',(#4578,#4579,#4580,#4581));
#717=EDGE_LOOP('',(#4582,#4583,#4584,#4585));
#718=EDGE_LOOP('',(#4586,#4587,#4588,#4589,#4590,#4591,#4592,#4593,#4594,
#4595,#4596,#4597,#4598,#4599,#4600,#4601));
#719=EDGE_LOOP('',(#4602,#4603,#4604,#4605));
#720=EDGE_LOOP('',(#4606,#4607,#4608,#4609));
#721=EDGE_LOOP('',(#4610,#4611,#4612,#4613));
#722=EDGE_LOOP('',(#4614,#4615,#4616,#4617));
#723=EDGE_LOOP('',(#4618,#4619,#4620,#4621,#4622));
#724=EDGE_LOOP('',(#4623,#4624,#4625,#4626,#4627,#4628,#4629,#4630,#4631,
#4632,#4633,#4634));
#725=EDGE_LOOP('',(#4635,#4636,#4637,#4638));
#726=EDGE_LOOP('',(#4639,#4640,#4641,#4642,#4643,#4644,#4645,#4646,#4647,
#4648,#4649,#4650,#4651,#4652,#4653,#4654,#4655,#4656,#4657,#4658,#4659,
#4660,#4661,#4662));
#727=EDGE_LOOP('',(#4663,#4664,#4665,#4666));
#728=EDGE_LOOP('',(#4667,#4668,#4669,#4670));
#729=EDGE_LOOP('',(#4671,#4672,#4673,#4674));
#730=EDGE_LOOP('',(#4675,#4676,#4677,#4678));
#731=EDGE_LOOP('',(#4679,#4680,#4681,#4682,#4683,#4684,#4685,#4686));
#732=EDGE_LOOP('',(#4687,#4688,#4689,#4690,#4691));
#733=EDGE_LOOP('',(#4692,#4693,#4694,#4695,#4696));
#734=EDGE_LOOP('',(#4697,#4698,#4699,#4700));
#735=EDGE_LOOP('',(#4701,#4702,#4703,#4704));
#736=EDGE_LOOP('',(#4705,#4706,#4707,#4708,#4709));
#737=EDGE_LOOP('',(#4710,#4711,#4712,#4713));
#738=EDGE_LOOP('',(#4714,#4715,#4716,#4717,#4718));
#739=EDGE_LOOP('',(#4719,#4720,#4721,#4722));
#740=EDGE_LOOP('',(#4723,#4724,#4725,#4726,#4727));
#741=EDGE_LOOP('',(#4728,#4729,#4730,#4731));
#742=EDGE_LOOP('',(#4732,#4733,#4734,#4735,#4736));
#743=EDGE_LOOP('',(#4737,#4738,#4739,#4740));
#744=EDGE_LOOP('',(#4741,#4742,#4743,#4744,#4745));
#745=EDGE_LOOP('',(#4746,#4747,#4748,#4749));
#746=EDGE_LOOP('',(#4750,#4751,#4752,#4753,#4754));
#747=EDGE_LOOP('',(#4755,#4756,#4757,#4758));
#748=EDGE_LOOP('',(#4759,#4760,#4761,#4762,#4763));
#749=EDGE_LOOP('',(#4764,#4765,#4766,#4767));
#750=EDGE_LOOP('',(#4768,#4769,#4770,#4771,#4772));
#751=EDGE_LOOP('',(#4773,#4774,#4775,#4776));
#752=EDGE_LOOP('',(#4777,#4778,#4779,#4780));
#753=EDGE_LOOP('',(#4781,#4782,#4783,#4784));
#754=EDGE_LOOP('',(#4785,#4786,#4787,#4788));
#755=EDGE_LOOP('',(#4789,#4790,#4791,#4792));
#756=EDGE_LOOP('',(#4793,#4794,#4795,#4796));
#757=EDGE_LOOP('',(#4797,#4798,#4799,#4800,#4801,#4802,#4803,#4804,#4805,
#4806,#4807,#4808,#4809,#4810,#4811,#4812,#4813,#4814,#4815,#4816,#4817,
#4818,#4819,#4820,#4821,#4822,#4823,#4824,#4825,#4826,#4827,#4828,#4829,
#4830));
#758=EDGE_LOOP('',(#4831,#4832,#4833,#4834));
#759=EDGE_LOOP('',(#4835,#4836,#4837,#4838));
#760=EDGE_LOOP('',(#4839,#4840,#4841,#4842));
#761=EDGE_LOOP('',(#4843,#4844,#4845,#4846));
#762=EDGE_LOOP('',(#4847,#4848,#4849,#4850));
#763=EDGE_LOOP('',(#4851,#4852,#4853,#4854));
#764=EDGE_LOOP('',(#4855,#4856,#4857,#4858));
#765=EDGE_LOOP('',(#4859,#4860,#4861,#4862,#4863,#4864,#4865,#4866));
#766=EDGE_LOOP('',(#4867,#4868,#4869,#4870));
#767=EDGE_LOOP('',(#4871,#4872,#4873,#4874));
#768=EDGE_LOOP('',(#4875,#4876,#4877,#4878));
#769=EDGE_LOOP('',(#4879,#4880,#4881,#4882));
#770=EDGE_LOOP('',(#4883,#4884,#4885,#4886));
#771=EDGE_LOOP('',(#4887,#4888,#4889,#4890));
#772=EDGE_LOOP('',(#4891,#4892,#4893,#4894));
#773=EDGE_LOOP('',(#4895,#4896,#4897,#4898));
#774=EDGE_LOOP('',(#4899,#4900,#4901,#4902));
#775=EDGE_LOOP('',(#4903,#4904,#4905,#4906));
#776=EDGE_LOOP('',(#4907,#4908,#4909,#4910));
#777=EDGE_LOOP('',(#4911,#4912,#4913,#4914));
#778=EDGE_LOOP('',(#4915,#4916,#4917,#4918));
#779=EDGE_LOOP('',(#4919,#4920,#4921,#4922));
#780=EDGE_LOOP('',(#4923,#4924,#4925,#4926));
#781=EDGE_LOOP('',(#4927,#4928,#4929,#4930));
#782=EDGE_LOOP('',(#4931,#4932,#4933,#4934));
#783=EDGE_LOOP('',(#4935,#4936,#4937,#4938));
#784=EDGE_LOOP('',(#4939,#4940,#4941,#4942));
#785=EDGE_LOOP('',(#4943,#4944,#4945,#4946));
#786=EDGE_LOOP('',(#4947,#4948,#4949,#4950,#4951,#4952,#4953,#4954,#4955));
#787=EDGE_LOOP('',(#4956,#4957,#4958,#4959,#4960,#4961,#4962));
#788=EDGE_LOOP('',(#4963,#4964,#4965,#4966,#4967,#4968,#4969));
#789=EDGE_LOOP('',(#4970,#4971,#4972,#4973));
#790=EDGE_LOOP('',(#4974,#4975,#4976,#4977));
#791=EDGE_LOOP('',(#4978,#4979,#4980,#4981));
#792=EDGE_LOOP('',(#4982,#4983,#4984,#4985));
#793=EDGE_LOOP('',(#4986,#4987,#4988,#4989));
#794=EDGE_LOOP('',(#4990,#4991,#4992,#4993,#4994));
#795=EDGE_LOOP('',(#4995,#4996,#4997,#4998));
#796=EDGE_LOOP('',(#4999,#5000,#5001,#5002,#5003,#5004,#5005,#5006,#5007));
#797=EDGE_LOOP('',(#5008,#5009,#5010,#5011,#5012,#5013,#5014));
#798=EDGE_LOOP('',(#5015,#5016,#5017,#5018));
#799=EDGE_LOOP('',(#5019,#5020,#5021,#5022,#5023,#5024,#5025));
#800=EDGE_LOOP('',(#5026,#5027,#5028,#5029));
#801=EDGE_LOOP('',(#5030,#5031,#5032,#5033));
#802=EDGE_LOOP('',(#5034,#5035,#5036,#5037));
#803=EDGE_LOOP('',(#5038,#5039,#5040,#5041,#5042));
#804=EDGE_LOOP('',(#5043,#5044,#5045,#5046));
#805=EDGE_LOOP('',(#5047,#5048,#5049,#5050));
#806=EDGE_LOOP('',(#5051,#5052,#5053,#5054,#5055,#5056,#5057,#5058));
#807=EDGE_LOOP('',(#5059,#5060,#5061,#5062));
#808=EDGE_LOOP('',(#5063,#5064,#5065,#5066));
#809=EDGE_LOOP('',(#5067,#5068,#5069,#5070));
#810=EDGE_LOOP('',(#5071,#5072,#5073,#5074));
#811=EDGE_LOOP('',(#5075,#5076,#5077,#5078,#5079,#5080,#5081));
#812=EDGE_LOOP('',(#5082,#5083,#5084,#5085));
#813=EDGE_LOOP('',(#5086,#5087,#5088,#5089));
#814=EDGE_LOOP('',(#5090,#5091,#5092,#5093));
#815=EDGE_LOOP('',(#5094,#5095,#5096,#5097,#5098,#5099,#5100));
#816=EDGE_LOOP('',(#5101,#5102,#5103,#5104,#5105,#5106,#5107,#5108,#5109));
#817=EDGE_LOOP('',(#5110,#5111,#5112,#5113));
#818=EDGE_LOOP('',(#5114,#5115,#5116,#5117));
#819=EDGE_LOOP('',(#5118,#5119,#5120,#5121,#5122));
#820=EDGE_LOOP('',(#5123,#5124,#5125,#5126));
#821=EDGE_LOOP('',(#5127,#5128,#5129,#5130,#5131,#5132,#5133,#5134,#5135));
#822=EDGE_LOOP('',(#5136,#5137,#5138,#5139,#5140,#5141,#5142));
#823=EDGE_LOOP('',(#5143,#5144,#5145,#5146));
#824=EDGE_LOOP('',(#5147,#5148,#5149,#5150,#5151,#5152,#5153));
#825=EDGE_LOOP('',(#5154,#5155,#5156,#5157));
#826=EDGE_LOOP('',(#5158,#5159,#5160,#5161));
#827=EDGE_LOOP('',(#5162,#5163,#5164,#5165));
#828=EDGE_LOOP('',(#5166,#5167,#5168,#5169));
#829=EDGE_LOOP('',(#5170,#5171,#5172,#5173,#5174));
#830=EDGE_LOOP('',(#5175,#5176,#5177,#5178));
#831=EDGE_LOOP('',(#5179,#5180,#5181,#5182));
#832=EDGE_LOOP('',(#5183,#5184,#5185,#5186));
#833=EDGE_LOOP('',(#5187,#5188,#5189,#5190));
#834=EDGE_LOOP('',(#5191,#5192,#5193,#5194));
#835=EDGE_LOOP('',(#5195,#5196,#5197,#5198));
#836=EDGE_LOOP('',(#5199,#5200,#5201,#5202));
#837=EDGE_LOOP('',(#5203,#5204,#5205,#5206));
#838=EDGE_LOOP('',(#5207,#5208,#5209,#5210));
#839=EDGE_LOOP('',(#5211,#5212,#5213,#5214));
#840=EDGE_LOOP('',(#5215,#5216,#5217,#5218));
#841=EDGE_LOOP('',(#5219,#5220,#5221,#5222));
#842=EDGE_LOOP('',(#5223,#5224,#5225,#5226));
#843=EDGE_LOOP('',(#5227,#5228,#5229,#5230));
#844=EDGE_LOOP('',(#5231,#5232,#5233,#5234));
#845=EDGE_LOOP('',(#5235,#5236,#5237,#5238));
#846=EDGE_LOOP('',(#5239,#5240,#5241,#5242));
#847=EDGE_LOOP('',(#5243,#5244,#5245,#5246));
#848=EDGE_LOOP('',(#5247,#5248,#5249,#5250));
#849=EDGE_LOOP('',(#5251,#5252,#5253,#5254));
#850=EDGE_LOOP('',(#5255,#5256,#5257,#5258));
#851=EDGE_LOOP('',(#5259,#5260,#5261,#5262));
#852=EDGE_LOOP('',(#5263,#5264,#5265,#5266,#5267,#5268));
#853=EDGE_LOOP('',(#5269,#5270,#5271,#5272,#5273,#5274));
#854=EDGE_LOOP('',(#5275,#5276,#5277,#5278));
#855=EDGE_LOOP('',(#5279,#5280,#5281,#5282));
#856=EDGE_LOOP('',(#5283,#5284,#5285,#5286,#5287,#5288));
#857=EDGE_LOOP('',(#5289,#5290,#5291,#5292,#5293,#5294));
#858=EDGE_LOOP('',(#5295,#5296,#5297,#5298));
#859=EDGE_LOOP('',(#5299,#5300,#5301,#5302,#5303,#5304));
#860=EDGE_LOOP('',(#5305,#5306,#5307,#5308,#5309,#5310));
#861=EDGE_LOOP('',(#5311,#5312,#5313,#5314,#5315,#5316,#5317,#5318,#5319,
#5320,#5321,#5322,#5323,#5324,#5325,#5326));
#862=EDGE_LOOP('',(#5327,#5328,#5329,#5330));
#863=EDGE_LOOP('',(#5331,#5332,#5333,#5334));
#864=EDGE_LOOP('',(#5335,#5336,#5337,#5338));
#865=EDGE_LOOP('',(#5339,#5340,#5341,#5342));
#866=EDGE_LOOP('',(#5343,#5344,#5345,#5346));
#867=EDGE_LOOP('',(#5347,#5348,#5349,#5350));
#868=EDGE_LOOP('',(#5351,#5352,#5353,#5354,#5355,#5356,#5357,#5358,#5359,
#5360,#5361,#5362,#5363,#5364,#5365,#5366,#5367,#5368,#5369,#5370,#5371,
#5372));
#869=EDGE_LOOP('',(#5373,#5374,#5375,#5376));
#870=EDGE_LOOP('',(#5377,#5378,#5379,#5380));
#871=EDGE_LOOP('',(#5381,#5382,#5383,#5384,#5385));
#872=EDGE_LOOP('',(#5386,#5387,#5388,#5389,#5390));
#873=EDGE_LOOP('',(#5391,#5392,#5393,#5394));
#874=EDGE_LOOP('',(#5395,#5396,#5397,#5398));
#875=EDGE_LOOP('',(#5399,#5400,#5401,#5402,#5403,#5404,#5405,#5406,#5407,
#5408,#5409,#5410,#5411,#5412,#5413,#5414,#5415,#5416,#5417,#5418,#5419,
#5420,#5421,#5422,#5423,#5424));
#876=EDGE_LOOP('',(#5425,#5426,#5427,#5428));
#877=EDGE_LOOP('',(#5429,#5430,#5431,#5432,#5433));
#878=EDGE_LOOP('',(#5434,#5435,#5436,#5437,#5438));
#879=EDGE_LOOP('',(#5439,#5440,#5441,#5442));
#880=EDGE_LOOP('',(#5443,#5444,#5445,#5446));
#881=LINE('',#7393,#1595);
#882=LINE('',#7395,#1596);
#883=LINE('',#7397,#1597);
#884=LINE('',#7399,#1598);
#885=LINE('',#7401,#1599);
#886=LINE('',#7403,#1600);
#887=LINE('',#7405,#1601);
#888=LINE('',#7406,#1602);
#889=LINE('',#7409,#1603);
#890=LINE('',#7411,#1604);
#891=LINE('',#7412,#1605);
#892=LINE('',#7415,#1606);
#893=LINE('',#7416,#1607);
#894=LINE('',#7419,#1608);
#895=LINE('',#7420,#1609);
#896=LINE('',#7423,#1610);
#897=LINE('',#7424,#1611);
#898=LINE('',#7427,#1612);
#899=LINE('',#7429,#1613);
#900=LINE('',#7430,#1614);
#901=LINE('',#7432,#1615);
#902=LINE('',#7435,#1616);
#903=LINE('',#7436,#1617);
#904=LINE('',#7438,#1618);
#905=LINE('',#7442,#1619);
#906=LINE('',#7446,#1620);
#907=LINE('',#7448,#1621);
#908=LINE('',#7452,#1622);
#909=LINE('',#7454,#1623);
#910=LINE('',#7458,#1624);
#911=LINE('',#7459,#1625);
#912=LINE('',#7462,#1626);
#913=LINE('',#7464,#1627);
#914=LINE('',#7466,#1628);
#915=LINE('',#7467,#1629);
#916=LINE('',#7478,#1630);
#917=LINE('',#7552,#1631);
#918=LINE('',#7606,#1632);
#919=LINE('',#7608,#1633);
#920=LINE('',#7610,#1634);
#921=LINE('',#7612,#1635);
#922=LINE('',#7622,#1636);
#923=LINE('',#7632,#1637);
#924=LINE('',#7634,#1638);
#925=LINE('',#7636,#1639);
#926=LINE('',#7638,#1640);
#927=LINE('',#7640,#1641);
#928=LINE('',#7642,#1642);
#929=LINE('',#7644,#1643);
#930=LINE('',#7646,#1644);
#931=LINE('',#7648,#1645);
#932=LINE('',#7650,#1646);
#933=LINE('',#7651,#1647);
#934=LINE('',#7654,#1648);
#935=LINE('',#7656,#1649);
#936=LINE('',#7658,#1650);
#937=LINE('',#7660,#1651);
#938=LINE('',#7685,#1652);
#939=LINE('',#7688,#1653);
#940=LINE('',#7690,#1654);
#941=LINE('',#7692,#1655);
#942=LINE('',#7694,#1656);
#943=LINE('',#7696,#1657);
#944=LINE('',#7742,#1658);
#945=LINE('',#7793,#1659);
#946=LINE('',#7795,#1660);
#947=LINE('',#7797,#1661);
#948=LINE('',#7798,#1662);
#949=LINE('',#7800,#1663);
#950=LINE('',#7801,#1664);
#951=LINE('',#7803,#1665);
#952=LINE('',#7805,#1666);
#953=LINE('',#7809,#1667);
#954=LINE('',#7811,#1668);
#955=LINE('',#7812,#1669);
#956=LINE('',#7815,#1670);
#957=LINE('',#7816,#1671);
#958=LINE('',#7820,#1672);
#959=LINE('',#7822,#1673);
#960=LINE('',#7824,#1674);
#961=LINE('',#7826,#1675);
#962=LINE('',#7828,#1676);
#963=LINE('',#7830,#1677);
#964=LINE('',#7832,#1678);
#965=LINE('',#7833,#1679);
#966=LINE('',#7836,#1680);
#967=LINE('',#7837,#1681);
#968=LINE('',#7839,#1682);
#969=LINE('',#7840,#1683);
#970=LINE('',#7843,#1684);
#971=LINE('',#7844,#1685);
#972=LINE('',#7847,#1686);
#973=LINE('',#7849,#1687);
#974=LINE('',#7850,#1688);
#975=LINE('',#7856,#1689);
#976=LINE('',#7858,#1690);
#977=LINE('',#7860,#1691);
#978=LINE('',#7882,#1692);
#979=LINE('',#7896,#1693);
#980=LINE('',#7898,#1694);
#981=LINE('',#7900,#1695);
#982=LINE('',#7923,#1696);
#983=LINE('',#7925,#1697);
#984=LINE('',#7926,#1698);
#985=LINE('',#7990,#1699);
#986=LINE('',#8063,#1700);
#987=LINE('',#8070,#1701);
#988=LINE('',#8071,#1702);
#989=LINE('',#8073,#1703);
#990=LINE('',#8080,#1704);
#991=LINE('',#8087,#1705);
#992=LINE('',#8094,#1706);
#993=LINE('',#8101,#1707);
#994=LINE('',#8108,#1708);
#995=LINE('',#8115,#1709);
#996=LINE('',#8122,#1710);
#997=LINE('',#8129,#1711);
#998=LINE('',#8136,#1712);
#999=LINE('',#8143,#1713);
#1000=LINE('',#8150,#1714);
#1001=LINE('',#8157,#1715);
#1002=LINE('',#8164,#1716);
#1003=LINE('',#8171,#1717);
#1004=LINE('',#8178,#1718);
#1005=LINE('',#8185,#1719);
#1006=LINE('',#8192,#1720);
#1007=LINE('',#8199,#1721);
#1008=LINE('',#8201,#1722);
#1009=LINE('',#8208,#1723);
#1010=LINE('',#8215,#1724);
#1011=LINE('',#8222,#1725);
#1012=LINE('',#8229,#1726);
#1013=LINE('',#8236,#1727);
#1014=LINE('',#8243,#1728);
#1015=LINE('',#8250,#1729);
#1016=LINE('',#8257,#1730);
#1017=LINE('',#8264,#1731);
#1018=LINE('',#8271,#1732);
#1019=LINE('',#8278,#1733);
#1020=LINE('',#8285,#1734);
#1021=LINE('',#8292,#1735);
#1022=LINE('',#8302,#1736);
#1023=LINE('',#8304,#1737);
#1024=LINE('',#8314,#1738);
#1025=LINE('',#8324,#1739);
#1026=LINE('',#8325,#1740);
#1027=LINE('',#8327,#1741);
#1028=LINE('',#8328,#1742);
#1029=LINE('',#8330,#1743);
#1030=LINE('',#8332,#1744);
#1031=LINE('',#8339,#1745);
#1032=LINE('',#8346,#1746);
#1033=LINE('',#8348,#1747);
#1034=LINE('',#8355,#1748);
#1035=LINE('',#8362,#1749);
#1036=LINE('',#8367,#1750);
#1037=LINE('',#8369,#1751);
#1038=LINE('',#8371,#1752);
#1039=LINE('',#8373,#1753);
#1040=LINE('',#8375,#1754);
#1041=LINE('',#8377,#1755);
#1042=LINE('',#8379,#1756);
#1043=LINE('',#8381,#1757);
#1044=LINE('',#8383,#1758);
#1045=LINE('',#8385,#1759);
#1046=LINE('',#8386,#1760);
#1047=LINE('',#8389,#1761);
#1048=LINE('',#8391,#1762);
#1049=LINE('',#8392,#1763);
#1050=LINE('',#8394,#1764);
#1051=LINE('',#8395,#1765);
#1052=LINE('',#8397,#1766);
#1053=LINE('',#8399,#1767);
#1054=LINE('',#8401,#1768);
#1055=LINE('',#8403,#1769);
#1056=LINE('',#8405,#1770);
#1057=LINE('',#8407,#1771);
#1058=LINE('',#8409,#1772);
#1059=LINE('',#8411,#1773);
#1060=LINE('',#8413,#1774);
#1061=LINE('',#8416,#1775);
#1062=LINE('',#8417,#1776);
#1063=LINE('',#8419,#1777);
#1064=LINE('',#8424,#1778);
#1065=LINE('',#8426,#1779);
#1066=LINE('',#8428,#1780);
#1067=LINE('',#8454,#1781);
#1068=LINE('',#8455,#1782);
#1069=LINE('',#8458,#1783);
#1070=LINE('',#8460,#1784);
#1071=LINE('',#8481,#1785);
#1072=LINE('',#8483,#1786);
#1073=LINE('',#8484,#1787);
#1074=LINE('',#8486,#1788);
#1075=LINE('',#8488,#1789);
#1076=LINE('',#8495,#1790);
#1077=LINE('',#8502,#1791);
#1078=LINE('',#8509,#1792);
#1079=LINE('',#8516,#1793);
#1080=LINE('',#8523,#1794);
#1081=LINE('',#8530,#1795);
#1082=LINE('',#8532,#1796);
#1083=LINE('',#8535,#1797);
#1084=LINE('',#8536,#1798);
#1085=LINE('',#8538,#1799);
#1086=LINE('',#8545,#1800);
#1087=LINE('',#8552,#1801);
#1088=LINE('',#8559,#1802);
#1089=LINE('',#8566,#1803);
#1090=LINE('',#8573,#1804);
#1091=LINE('',#8578,#1805);
#1092=LINE('',#8580,#1806);
#1093=LINE('',#8630,#1807);
#1094=LINE('',#8676,#1808);
#1095=LINE('',#8678,#1809);
#1096=LINE('',#8679,#1810);
#1097=LINE('',#8681,#1811);
#1098=LINE('',#8682,#1812);
#1099=LINE('',#8684,#1813);
#1100=LINE('',#8686,#1814);
#1101=LINE('',#8688,#1815);
#1102=LINE('',#8695,#1816);
#1103=LINE('',#8702,#1817);
#1104=LINE('',#8709,#1818);
#1105=LINE('',#8716,#1819);
#1106=LINE('',#8723,#1820);
#1107=LINE('',#8730,#1821);
#1108=LINE('',#8737,#1822);
#1109=LINE('',#8744,#1823);
#1110=LINE('',#8751,#1824);
#1111=LINE('',#8758,#1825);
#1112=LINE('',#8765,#1826);
#1113=LINE('',#8767,#1827);
#1114=LINE('',#8774,#1828);
#1115=LINE('',#8781,#1829);
#1116=LINE('',#8788,#1830);
#1117=LINE('',#8795,#1831);
#1118=LINE('',#8802,#1832);
#1119=LINE('',#8809,#1833);
#1120=LINE('',#8816,#1834);
#1121=LINE('',#8823,#1835);
#1122=LINE('',#8830,#1836);
#1123=LINE('',#8837,#1837);
#1124=LINE('',#8844,#1838);
#1125=LINE('',#8851,#1839);
#1126=LINE('',#8856,#1840);
#1127=LINE('',#8858,#1841);
#1128=LINE('',#8860,#1842);
#1129=LINE('',#8862,#1843);
#1130=LINE('',#8864,#1844);
#1131=LINE('',#8866,#1845);
#1132=LINE('',#8868,#1846);
#1133=LINE('',#8870,#1847);
#1134=LINE('',#8872,#1848);
#1135=LINE('',#8874,#1849);
#1136=LINE('',#8876,#1850);
#1137=LINE('',#8878,#1851);
#1138=LINE('',#8880,#1852);
#1139=LINE('',#8882,#1853);
#1140=LINE('',#8883,#1854);
#1141=LINE('',#8885,#1855);
#1142=LINE('',#8887,#1856);
#1143=LINE('',#8888,#1857);
#1144=LINE('',#8890,#1858);
#1145=LINE('',#8892,#1859);
#1146=LINE('',#8894,#1860);
#1147=LINE('',#8896,#1861);
#1148=LINE('',#8898,#1862);
#1149=LINE('',#8900,#1863);
#1150=LINE('',#8902,#1864);
#1151=LINE('',#8904,#1865);
#1152=LINE('',#8906,#1866);
#1153=LINE('',#8908,#1867);
#1154=LINE('',#8910,#1868);
#1155=LINE('',#8912,#1869);
#1156=LINE('',#8914,#1870);
#1157=LINE('',#8916,#1871);
#1158=LINE('',#8918,#1872);
#1159=LINE('',#8920,#1873);
#1160=LINE('',#8922,#1874);
#1161=LINE('',#8924,#1875);
#1162=LINE('',#8926,#1876);
#1163=LINE('',#8927,#1877);
#1164=LINE('',#8931,#1878);
#1165=LINE('',#8933,#1879);
#1166=LINE('',#8935,#1880);
#1167=LINE('',#8937,#1881);
#1168=LINE('',#8939,#1882);
#1169=LINE('',#8941,#1883);
#1170=LINE('',#8943,#1884);
#1171=LINE('',#8945,#1885);
#1172=LINE('',#8947,#1886);
#1173=LINE('',#8949,#1887);
#1174=LINE('',#8951,#1888);
#1175=LINE('',#8953,#1889);
#1176=LINE('',#8955,#1890);
#1177=LINE('',#8957,#1891);
#1178=LINE('',#8959,#1892);
#1179=LINE('',#8961,#1893);
#1180=LINE('',#8963,#1894);
#1181=LINE('',#8965,#1895);
#1182=LINE('',#8967,#1896);
#1183=LINE('',#8969,#1897);
#1184=LINE('',#8971,#1898);
#1185=LINE('',#8973,#1899);
#1186=LINE('',#8975,#1900);
#1187=LINE('',#8977,#1901);
#1188=LINE('',#8979,#1902);
#1189=LINE('',#8981,#1903);
#1190=LINE('',#8983,#1904);
#1191=LINE('',#8985,#1905);
#1192=LINE('',#8987,#1906);
#1193=LINE('',#8989,#1907);
#1194=LINE('',#8990,#1908);
#1195=LINE('',#8992,#1909);
#1196=LINE('',#8993,#1910);
#1197=LINE('',#8995,#1911);
#1198=LINE('',#8999,#1912);
#1199=LINE('',#9001,#1913);
#1200=LINE('',#9003,#1914);
#1201=LINE('',#9005,#1915);
#1202=LINE('',#9007,#1916);
#1203=LINE('',#9009,#1917);
#1204=LINE('',#9011,#1918);
#1205=LINE('',#9013,#1919);
#1206=LINE('',#9015,#1920);
#1207=LINE('',#9017,#1921);
#1208=LINE('',#9018,#1922);
#1209=LINE('',#9020,#1923);
#1210=LINE('',#9021,#1924);
#1211=LINE('',#9023,#1925);
#1212=LINE('',#9025,#1926);
#1213=LINE('',#9026,#1927);
#1214=LINE('',#9030,#1928);
#1215=LINE('',#9032,#1929);
#1216=LINE('',#9033,#1930);
#1217=LINE('',#9036,#1931);
#1218=LINE('',#9037,#1932);
#1219=LINE('',#9039,#1933);
#1220=LINE('',#9041,#1934);
#1221=LINE('',#9043,#1935);
#1222=LINE('',#9045,#1936);
#1223=LINE('',#9047,#1937);
#1224=LINE('',#9049,#1938);
#1225=LINE('',#9051,#1939);
#1226=LINE('',#9052,#1940);
#1227=LINE('',#9054,#1941);
#1228=LINE('',#9057,#1942);
#1229=LINE('',#9059,#1943);
#1230=LINE('',#9061,#1944);
#1231=LINE('',#9063,#1945);
#1232=LINE('',#9064,#1946);
#1233=LINE('',#9065,#1947);
#1234=LINE('',#9067,#1948);
#1235=LINE('',#9068,#1949);
#1236=LINE('',#9070,#1950);
#1237=LINE('',#9072,#1951);
#1238=LINE('',#9074,#1952);
#1239=LINE('',#9075,#1953);
#1240=LINE('',#9077,#1954);
#1241=LINE('',#9079,#1955);
#1242=LINE('',#9081,#1956);
#1243=LINE('',#9082,#1957);
#1244=LINE('',#9084,#1958);
#1245=LINE('',#9086,#1959);
#1246=LINE('',#9088,#1960);
#1247=LINE('',#9089,#1961);
#1248=LINE('',#9091,#1962);
#1249=LINE('',#9093,#1963);
#1250=LINE('',#9094,#1964);
#1251=LINE('',#9096,#1965);
#1252=LINE('',#9097,#1966);
#1253=LINE('',#9099,#1967);
#1254=LINE('',#9102,#1968);
#1255=LINE('',#9105,#1969);
#1256=LINE('',#9107,#1970);
#1257=LINE('',#9108,#1971);
#1258=LINE('',#9111,#1972);
#1259=LINE('',#9113,#1973);
#1260=LINE('',#9115,#1974);
#1261=LINE('',#9116,#1975);
#1262=LINE('',#9119,#1976);
#1263=LINE('',#9121,#1977);
#1264=LINE('',#9123,#1978);
#1265=LINE('',#9124,#1979);
#1266=LINE('',#9126,#1980);
#1267=LINE('',#9127,#1981);
#1268=LINE('',#9130,#1982);
#1269=LINE('',#9131,#1983);
#1270=LINE('',#9134,#1984);
#1271=LINE('',#9136,#1985);
#1272=LINE('',#9137,#1986);
#1273=LINE('',#9140,#1987);
#1274=LINE('',#9142,#1988);
#1275=LINE('',#9143,#1989);
#1276=LINE('',#9146,#1990);
#1277=LINE('',#9147,#1991);
#1278=LINE('',#9148,#1992);
#1279=LINE('',#9151,#1993);
#1280=LINE('',#9152,#1994);
#1281=LINE('',#9155,#1995);
#1282=LINE('',#9157,#1996);
#1283=LINE('',#9159,#1997);
#1284=LINE('',#9160,#1998);
#1285=LINE('',#9163,#1999);
#1286=LINE('',#9165,#2000);
#1287=LINE('',#9166,#2001);
#1288=LINE('',#9169,#2002);
#1289=LINE('',#9170,#2003);
#1290=LINE('',#9171,#2004);
#1291=LINE('',#9173,#2005);
#1292=LINE('',#9176,#2006);
#1293=LINE('',#9178,#2007);
#1294=LINE('',#9180,#2008);
#1295=LINE('',#9181,#2009);
#1296=LINE('',#9184,#2010);
#1297=LINE('',#9186,#2011);
#1298=LINE('',#9187,#2012);
#1299=LINE('',#9190,#2013);
#1300=LINE('',#9191,#2014);
#1301=LINE('',#9192,#2015);
#1302=LINE('',#9194,#2016);
#1303=LINE('',#9197,#2017);
#1304=LINE('',#9199,#2018);
#1305=LINE('',#9201,#2019);
#1306=LINE('',#9202,#2020);
#1307=LINE('',#9205,#2021);
#1308=LINE('',#9207,#2022);
#1309=LINE('',#9208,#2023);
#1310=LINE('',#9211,#2024);
#1311=LINE('',#9212,#2025);
#1312=LINE('',#9213,#2026);
#1313=LINE('',#9215,#2027);
#1314=LINE('',#9218,#2028);
#1315=LINE('',#9220,#2029);
#1316=LINE('',#9221,#2030);
#1317=LINE('',#9224,#2031);
#1318=LINE('',#9225,#2032);
#1319=LINE('',#9227,#2033);
#1320=LINE('',#9229,#2034);
#1321=LINE('',#9232,#2035);
#1322=LINE('',#9233,#2036);
#1323=LINE('',#9234,#2037);
#1324=LINE('',#9235,#2038);
#1325=LINE('',#9236,#2039);
#1326=LINE('',#9237,#2040);
#1327=LINE('',#9238,#2041);
#1328=LINE('',#9240,#2042);
#1329=LINE('',#9241,#2043);
#1330=LINE('',#9245,#2044);
#1331=LINE('',#9246,#2045);
#1332=LINE('',#9248,#2046);
#1333=LINE('',#9251,#2047);
#1334=LINE('',#9253,#2048);
#1335=LINE('',#9254,#2049);
#1336=LINE('',#9258,#2050);
#1337=LINE('',#9260,#2051);
#1338=LINE('',#9262,#2052);
#1339=LINE('',#9263,#2053);
#1340=LINE('',#9266,#2054);
#1341=LINE('',#9268,#2055);
#1342=LINE('',#9269,#2056);
#1343=LINE('',#9271,#2057);
#1344=LINE('',#9273,#2058);
#1345=LINE('',#9274,#2059);
#1346=LINE('',#9277,#2060);
#1347=LINE('',#9279,#2061);
#1348=LINE('',#9280,#2062);
#1349=LINE('',#9283,#2063);
#1350=LINE('',#9285,#2064);
#1351=LINE('',#9286,#2065);
#1352=LINE('',#9289,#2066);
#1353=LINE('',#9291,#2067);
#1354=LINE('',#9292,#2068);
#1355=LINE('',#9296,#2069);
#1356=LINE('',#9298,#2070);
#1357=LINE('',#9300,#2071);
#1358=LINE('',#9301,#2072);
#1359=LINE('',#9303,#2073);
#1360=LINE('',#9305,#2074);
#1361=LINE('',#9306,#2075);
#1362=LINE('',#9309,#2076);
#1363=LINE('',#9311,#2077);
#1364=LINE('',#9313,#2078);
#1365=LINE('',#9314,#2079);
#1366=LINE('',#9317,#2080);
#1367=LINE('',#9318,#2081);
#1368=LINE('',#9319,#2082);
#1369=LINE('',#9320,#2083);
#1370=LINE('',#9321,#2084);
#1371=LINE('',#9322,#2085);
#1372=LINE('',#9323,#2086);
#1373=LINE('',#9325,#2087);
#1374=LINE('',#9326,#2088);
#1375=LINE('',#9328,#2089);
#1376=LINE('',#9329,#2090);
#1377=LINE('',#9331,#2091);
#1378=LINE('',#9332,#2092);
#1379=LINE('',#9334,#2093);
#1380=LINE('',#9335,#2094);
#1381=LINE('',#9337,#2095);
#1382=LINE('',#9338,#2096);
#1383=LINE('',#9340,#2097);
#1384=LINE('',#9341,#2098);
#1385=LINE('',#9348,#2099);
#1386=LINE('',#9350,#2100);
#1387=LINE('',#9352,#2101);
#1388=LINE('',#9353,#2102);
#1389=LINE('',#9355,#2103);
#1390=LINE('',#9357,#2104);
#1391=LINE('',#9358,#2105);
#1392=LINE('',#9361,#2106);
#1393=LINE('',#9362,#2107);
#1394=LINE('',#9363,#2108);
#1395=LINE('',#9365,#2109);
#1396=LINE('',#9366,#2110);
#1397=LINE('',#9371,#2111);
#1398=LINE('',#9372,#2112);
#1399=LINE('',#9375,#2113);
#1400=LINE('',#9376,#2114);
#1401=LINE('',#9378,#2115);
#1402=LINE('',#9382,#2116);
#1403=LINE('',#9384,#2117);
#1404=LINE('',#9386,#2118);
#1405=LINE('',#9387,#2119);
#1406=LINE('',#9389,#2120);
#1407=LINE('',#9391,#2121);
#1408=LINE('',#9392,#2122);
#1409=LINE('',#9394,#2123);
#1410=LINE('',#9395,#2124);
#1411=LINE('',#9398,#2125);
#1412=LINE('',#9399,#2126);
#1413=LINE('',#9401,#2127);
#1414=LINE('',#9405,#2128);
#1415=LINE('',#9406,#2129);
#1416=LINE('',#9409,#2130);
#1417=LINE('',#9410,#2131);
#1418=LINE('',#9412,#2132);
#1419=LINE('',#9416,#2133);
#1420=LINE('',#9418,#2134);
#1421=LINE('',#9419,#2135);
#1422=LINE('',#9422,#2136);
#1423=LINE('',#9424,#2137);
#1424=LINE('',#9425,#2138);
#1425=LINE('',#9427,#2139);
#1426=LINE('',#9429,#2140);
#1427=LINE('',#9433,#2141);
#1428=LINE('',#9435,#2142);
#1429=LINE('',#9436,#2143);
#1430=LINE('',#9439,#2144);
#1431=LINE('',#9440,#2145);
#1432=LINE('',#9443,#2146);
#1433=LINE('',#9444,#2147);
#1434=LINE('',#9446,#2148);
#1435=LINE('',#9449,#2149);
#1436=LINE('',#9450,#2150);
#1437=LINE('',#9452,#2151);
#1438=LINE('',#9453,#2152);
#1439=LINE('',#9456,#2153);
#1440=LINE('',#9457,#2154);
#1441=LINE('',#9460,#2155);
#1442=LINE('',#9461,#2156);
#1443=LINE('',#9463,#2157);
#1444=LINE('',#9467,#2158);
#1445=LINE('',#9469,#2159);
#1446=LINE('',#9471,#2160);
#1447=LINE('',#9472,#2161);
#1448=LINE('',#9475,#2162);
#1449=LINE('',#9476,#2163);
#1450=LINE('',#9477,#2164);
#1451=LINE('',#9479,#2165);
#1452=LINE('',#9480,#2166);
#1453=LINE('',#9483,#2167);
#1454=LINE('',#9484,#2168);
#1455=LINE('',#9486,#2169);
#1456=LINE('',#9490,#2170);
#1457=LINE('',#9491,#2171);
#1458=LINE('',#9494,#2172);
#1459=LINE('',#9495,#2173);
#1460=LINE('',#9497,#2174);
#1461=LINE('',#9502,#2175);
#1462=LINE('',#9504,#2176);
#1463=LINE('',#9506,#2177);
#1464=LINE('',#9507,#2178);
#1465=LINE('',#9511,#2179);
#1466=LINE('',#9512,#2180);
#1467=LINE('',#9513,#2181);
#1468=LINE('',#9516,#2182);
#1469=LINE('',#9517,#2183);
#1470=LINE('',#9520,#2184);
#1471=LINE('',#9521,#2185);
#1472=LINE('',#9523,#2186);
#1473=LINE('',#9527,#2187);
#1474=LINE('',#9529,#2188);
#1475=LINE('',#9531,#2189);
#1476=LINE('',#9532,#2190);
#1477=LINE('',#9536,#2191);
#1478=LINE('',#9538,#2192);
#1479=LINE('',#9540,#2193);
#1480=LINE('',#9541,#2194);
#1481=LINE('',#9543,#2195);
#1482=LINE('',#9544,#2196);
#1483=LINE('',#9546,#2197);
#1484=LINE('',#9548,#2198);
#1485=LINE('',#9553,#2199);
#1486=LINE('',#9555,#2200);
#1487=LINE('',#9557,#2201);
#1488=LINE('',#9558,#2202);
#1489=LINE('',#9561,#2203);
#1490=LINE('',#9563,#2204);
#1491=LINE('',#9564,#2205);
#1492=LINE('',#9567,#2206);
#1493=LINE('',#9569,#2207);
#1494=LINE('',#9570,#2208);
#1495=LINE('',#9574,#2209);
#1496=LINE('',#9576,#2210);
#1497=LINE('',#9578,#2211);
#1498=LINE('',#9579,#2212);
#1499=LINE('',#9582,#2213);
#1500=LINE('',#9584,#2214);
#1501=LINE('',#9585,#2215);
#1502=LINE('',#9588,#2216);
#1503=LINE('',#9590,#2217);
#1504=LINE('',#9591,#2218);
#1505=LINE('',#9595,#2219);
#1506=LINE('',#9597,#2220);
#1507=LINE('',#9599,#2221);
#1508=LINE('',#9600,#2222);
#1509=LINE('',#9604,#2223);
#1510=LINE('',#9605,#2224);
#1511=LINE('',#9606,#2225);
#1512=LINE('',#9610,#2226);
#1513=LINE('',#9611,#2227);
#1514=LINE('',#9612,#2228);
#1515=LINE('',#9615,#2229);
#1516=LINE('',#9617,#2230);
#1517=LINE('',#9619,#2231);
#1518=LINE('',#9620,#2232);
#1519=LINE('',#9623,#2233);
#1520=LINE('',#9625,#2234);
#1521=LINE('',#9627,#2235);
#1522=LINE('',#9628,#2236);
#1523=LINE('',#9630,#2237);
#1524=LINE('',#9631,#2238);
#1525=LINE('',#9635,#2239);
#1526=LINE('',#9637,#2240);
#1527=LINE('',#9639,#2241);
#1528=LINE('',#9640,#2242);
#1529=LINE('',#9643,#2243);
#1530=LINE('',#9644,#2244);
#1531=LINE('',#9645,#2245);
#1532=LINE('',#9647,#2246);
#1533=LINE('',#9649,#2247);
#1534=LINE('',#9650,#2248);
#1535=LINE('',#9654,#2249);
#1536=LINE('',#9656,#2250);
#1537=LINE('',#9658,#2251);
#1538=LINE('',#9659,#2252);
#1539=LINE('',#9662,#2253);
#1540=LINE('',#9663,#2254);
#1541=LINE('',#9664,#2255);
#1542=LINE('',#9666,#2256);
#1543=LINE('',#9668,#2257);
#1544=LINE('',#9669,#2258);
#1545=LINE('',#9671,#2259);
#1546=LINE('',#9673,#2260);
#1547=LINE('',#9675,#2261);
#1548=LINE('',#9677,#2262);
#1549=LINE('',#9679,#2263);
#1550=LINE('',#9680,#2264);
#1551=LINE('',#9681,#2265);
#1552=LINE('',#9684,#2266);
#1553=LINE('',#9686,#2267);
#1554=LINE('',#9688,#2268);
#1555=LINE('',#9689,#2269);
#1556=LINE('',#9693,#2270);
#1557=LINE('',#9694,#2271);
#1558=LINE('',#9695,#2272);
#1559=LINE('',#9699,#2273);
#1560=LINE('',#9700,#2274);
#1561=LINE('',#9701,#2275);
#1562=LINE('',#9703,#2276);
#1563=LINE('',#9705,#2277);
#1564=LINE('',#9708,#2278);
#1565=LINE('',#9710,#2279);
#1566=LINE('',#9711,#2280);
#1567=LINE('',#9713,#2281);
#1568=LINE('',#9715,#2282);
#1569=LINE('',#9716,#2283);
#1570=LINE('',#9718,#2284);
#1571=LINE('',#9719,#2285);
#1572=LINE('',#9720,#2286);
#1573=LINE('',#9723,#2287);
#1574=LINE('',#9725,#2288);
#1575=LINE('',#9726,#2289);
#1576=LINE('',#9729,#2290);
#1577=LINE('',#9731,#2291);
#1578=LINE('',#9732,#2292);
#1579=LINE('',#9735,#2293);
#1580=LINE('',#9737,#2294);
#1581=LINE('',#9738,#2295);
#1582=LINE('',#9740,#2296);
#1583=LINE('',#9741,#2297);
#1584=LINE('',#9745,#2298);
#1585=LINE('',#9747,#2299);
#1586=LINE('',#9748,#2300);
#1587=LINE('',#9751,#2301);
#1588=LINE('',#9753,#2302);
#1589=LINE('',#9754,#2303);
#1590=LINE('',#9757,#2304);
#1591=LINE('',#9758,#2305);
#1592=LINE('',#9761,#2306);
#1593=LINE('',#9762,#2307);
#1594=LINE('',#9764,#2308);
#1595=VECTOR('',#6218,10.);
#1596=VECTOR('',#6219,10.);
#1597=VECTOR('',#6220,10.);
#1598=VECTOR('',#6221,10.);
#1599=VECTOR('',#6222,10.);
#1600=VECTOR('',#6223,10.);
#1601=VECTOR('',#6224,10.);
#1602=VECTOR('',#6225,10.);
#1603=VECTOR('',#6228,10.);
#1604=VECTOR('',#6229,10.);
#1605=VECTOR('',#6230,10.);
#1606=VECTOR('',#6233,10.);
#1607=VECTOR('',#6234,10.);
#1608=VECTOR('',#6237,10.);
#1609=VECTOR('',#6238,10.);
#1610=VECTOR('',#6241,10.);
#1611=VECTOR('',#6242,10.);
#1612=VECTOR('',#6245,10.);
#1613=VECTOR('',#6246,10.);
#1614=VECTOR('',#6247,10.);
#1615=VECTOR('',#6250,10.);
#1616=VECTOR('',#6253,10.);
#1617=VECTOR('',#6254,10.);
#1618=VECTOR('',#6257,10.);
#1619=VECTOR('',#6260,10.);
#1620=VECTOR('',#6263,10.);
#1621=VECTOR('',#6264,10.);
#1622=VECTOR('',#6267,10.);
#1623=VECTOR('',#6268,10.);
#1624=VECTOR('',#6271,10.);
#1625=VECTOR('',#6272,10.);
#1626=VECTOR('',#6273,10.);
#1627=VECTOR('',#6274,10.);
#1628=VECTOR('',#6275,10.);
#1629=VECTOR('',#6276,10.);
#1630=VECTOR('',#6277,10.);
#1631=VECTOR('',#6278,10.);
#1632=VECTOR('',#6279,10.);
#1633=VECTOR('',#6280,10.);
#1634=VECTOR('',#6281,10.);
#1635=VECTOR('',#6282,10.);
#1636=VECTOR('',#6283,10.);
#1637=VECTOR('',#6284,10.);
#1638=VECTOR('',#6285,10.);
#1639=VECTOR('',#6286,10.);
#1640=VECTOR('',#6287,10.);
#1641=VECTOR('',#6288,10.);
#1642=VECTOR('',#6289,10.);
#1643=VECTOR('',#6290,10.);
#1644=VECTOR('',#6291,10.);
#1645=VECTOR('',#6292,10.);
#1646=VECTOR('',#6293,10.);
#1647=VECTOR('',#6294,10.);
#1648=VECTOR('',#6295,10.);
#1649=VECTOR('',#6296,10.);
#1650=VECTOR('',#6297,10.);
#1651=VECTOR('',#6298,10.);
#1652=VECTOR('',#6299,10.);
#1653=VECTOR('',#6300,10.);
#1654=VECTOR('',#6301,10.);
#1655=VECTOR('',#6302,10.);
#1656=VECTOR('',#6303,10.);
#1657=VECTOR('',#6304,10.);
#1658=VECTOR('',#6305,10.);
#1659=VECTOR('',#6308,10.);
#1660=VECTOR('',#6309,10.);
#1661=VECTOR('',#6310,10.);
#1662=VECTOR('',#6311,10.);
#1663=VECTOR('',#6314,10.);
#1664=VECTOR('',#6315,10.);
#1665=VECTOR('',#6318,10.);
#1666=VECTOR('',#6321,10.);
#1667=VECTOR('',#6326,10.);
#1668=VECTOR('',#6327,10.);
#1669=VECTOR('',#6328,10.);
#1670=VECTOR('',#6331,10.);
#1671=VECTOR('',#6332,10.);
#1672=VECTOR('',#6335,10.);
#1673=VECTOR('',#6336,10.);
#1674=VECTOR('',#6337,10.);
#1675=VECTOR('',#6338,10.);
#1676=VECTOR('',#6339,10.);
#1677=VECTOR('',#6340,10.);
#1678=VECTOR('',#6341,10.);
#1679=VECTOR('',#6342,10.);
#1680=VECTOR('',#6345,10.);
#1681=VECTOR('',#6346,10.);
#1682=VECTOR('',#6347,10.);
#1683=VECTOR('',#6348,10.);
#1684=VECTOR('',#6351,10.);
#1685=VECTOR('',#6352,10.);
#1686=VECTOR('',#6355,10.);
#1687=VECTOR('',#6356,10.);
#1688=VECTOR('',#6357,10.);
#1689=VECTOR('',#6364,10.);
#1690=VECTOR('',#6367,10.);
#1691=VECTOR('',#6370,10.);
#1692=VECTOR('',#6373,10.);
#1693=VECTOR('',#6376,10.);
#1694=VECTOR('',#6377,10.);
#1695=VECTOR('',#6378,10.);
#1696=VECTOR('',#6381,10.);
#1697=VECTOR('',#6382,10.);
#1698=VECTOR('',#6383,10.);
#1699=VECTOR('',#6386,10.);
#1700=VECTOR('',#6387,10.);
#1701=VECTOR('',#6388,10.);
#1702=VECTOR('',#6389,10.);
#1703=VECTOR('',#6392,10.);
#1704=VECTOR('',#6393,10.);
#1705=VECTOR('',#6394,10.);
#1706=VECTOR('',#6395,10.);
#1707=VECTOR('',#6396,10.);
#1708=VECTOR('',#6397,10.);
#1709=VECTOR('',#6398,10.);
#1710=VECTOR('',#6399,10.);
#1711=VECTOR('',#6400,10.);
#1712=VECTOR('',#6401,10.);
#1713=VECTOR('',#6402,10.);
#1714=VECTOR('',#6403,10.);
#1715=VECTOR('',#6404,10.);
#1716=VECTOR('',#6405,10.);
#1717=VECTOR('',#6406,10.);
#1718=VECTOR('',#6407,10.);
#1719=VECTOR('',#6408,10.);
#1720=VECTOR('',#6409,10.);
#1721=VECTOR('',#6410,10.);
#1722=VECTOR('',#6413,10.);
#1723=VECTOR('',#6414,10.);
#1724=VECTOR('',#6415,10.);
#1725=VECTOR('',#6416,10.);
#1726=VECTOR('',#6417,10.);
#1727=VECTOR('',#6418,10.);
#1728=VECTOR('',#6419,10.);
#1729=VECTOR('',#6420,10.);
#1730=VECTOR('',#6421,10.);
#1731=VECTOR('',#6422,10.);
#1732=VECTOR('',#6423,10.);
#1733=VECTOR('',#6424,10.);
#1734=VECTOR('',#6425,10.);
#1735=VECTOR('',#6426,10.);
#1736=VECTOR('',#6429,10.);
#1737=VECTOR('',#6430,10.);
#1738=VECTOR('',#6431,10.);
#1739=VECTOR('',#6432,10.);
#1740=VECTOR('',#6433,10.);
#1741=VECTOR('',#6436,10.);
#1742=VECTOR('',#6437,10.);
#1743=VECTOR('',#6440,10.);
#1744=VECTOR('',#6443,10.);
#1745=VECTOR('',#6444,10.);
#1746=VECTOR('',#6445,10.);
#1747=VECTOR('',#6448,10.);
#1748=VECTOR('',#6449,10.);
#1749=VECTOR('',#6450,10.);
#1750=VECTOR('',#6455,10.);
#1751=VECTOR('',#6456,10.);
#1752=VECTOR('',#6457,10.);
#1753=VECTOR('',#6458,10.);
#1754=VECTOR('',#6459,10.);
#1755=VECTOR('',#6460,10.);
#1756=VECTOR('',#6461,10.);
#1757=VECTOR('',#6462,10.);
#1758=VECTOR('',#6463,10.);
#1759=VECTOR('',#6464,10.);
#1760=VECTOR('',#6465,10.);
#1761=VECTOR('',#6466,10.);
#1762=VECTOR('',#6467,10.);
#1763=VECTOR('',#6468,10.);
#1764=VECTOR('',#6471,10.);
#1765=VECTOR('',#6472,10.);
#1766=VECTOR('',#6475,10.);
#1767=VECTOR('',#6478,10.);
#1768=VECTOR('',#6481,10.);
#1769=VECTOR('',#6484,10.);
#1770=VECTOR('',#6487,10.);
#1771=VECTOR('',#6490,10.);
#1772=VECTOR('',#6493,10.);
#1773=VECTOR('',#6496,10.);
#1774=VECTOR('',#6499,10.);
#1775=VECTOR('',#6504,10.);
#1776=VECTOR('',#6505,10.);
#1777=VECTOR('',#6508,10.);
#1778=VECTOR('',#6513,10.);
#1779=VECTOR('',#6514,10.);
#1780=VECTOR('',#6515,10.);
#1781=VECTOR('',#6516,10.);
#1782=VECTOR('',#6517,10.);
#1783=VECTOR('',#6518,10.);
#1784=VECTOR('',#6519,10.);
#1785=VECTOR('',#6520,10.);
#1786=VECTOR('',#6523,10.);
#1787=VECTOR('',#6524,10.);
#1788=VECTOR('',#6527,10.);
#1789=VECTOR('',#6530,10.);
#1790=VECTOR('',#6531,10.);
#1791=VECTOR('',#6532,10.);
#1792=VECTOR('',#6533,10.);
#1793=VECTOR('',#6534,10.);
#1794=VECTOR('',#6535,10.);
#1795=VECTOR('',#6536,10.);
#1796=VECTOR('',#6539,10.);
#1797=VECTOR('',#6544,10.);
#1798=VECTOR('',#6545,10.);
#1799=VECTOR('',#6548,10.);
#1800=VECTOR('',#6549,10.);
#1801=VECTOR('',#6550,10.);
#1802=VECTOR('',#6551,10.);
#1803=VECTOR('',#6552,10.);
#1804=VECTOR('',#6553,10.);
#1805=VECTOR('',#6558,10.);
#1806=VECTOR('',#6559,10.);
#1807=VECTOR('',#6560,10.);
#1808=VECTOR('',#6561,10.);
#1809=VECTOR('',#6562,10.);
#1810=VECTOR('',#6563,10.);
#1811=VECTOR('',#6566,10.);
#1812=VECTOR('',#6567,10.);
#1813=VECTOR('',#6570,10.);
#1814=VECTOR('',#6573,10.);
#1815=VECTOR('',#6576,10.);
#1816=VECTOR('',#6577,10.);
#1817=VECTOR('',#6578,10.);
#1818=VECTOR('',#6579,10.);
#1819=VECTOR('',#6580,10.);
#1820=VECTOR('',#6581,10.);
#1821=VECTOR('',#6582,10.);
#1822=VECTOR('',#6583,10.);
#1823=VECTOR('',#6584,10.);
#1824=VECTOR('',#6585,10.);
#1825=VECTOR('',#6586,10.);
#1826=VECTOR('',#6587,10.);
#1827=VECTOR('',#6590,10.);
#1828=VECTOR('',#6591,10.);
#1829=VECTOR('',#6592,10.);
#1830=VECTOR('',#6593,10.);
#1831=VECTOR('',#6594,10.);
#1832=VECTOR('',#6595,10.);
#1833=VECTOR('',#6596,10.);
#1834=VECTOR('',#6597,10.);
#1835=VECTOR('',#6598,10.);
#1836=VECTOR('',#6599,10.);
#1837=VECTOR('',#6600,10.);
#1838=VECTOR('',#6601,10.);
#1839=VECTOR('',#6602,10.);
#1840=VECTOR('',#6607,10.);
#1841=VECTOR('',#6608,10.);
#1842=VECTOR('',#6609,10.);
#1843=VECTOR('',#6610,10.);
#1844=VECTOR('',#6611,10.);
#1845=VECTOR('',#6612,10.);
#1846=VECTOR('',#6613,10.);
#1847=VECTOR('',#6614,10.);
#1848=VECTOR('',#6615,10.);
#1849=VECTOR('',#6616,10.);
#1850=VECTOR('',#6617,10.);
#1851=VECTOR('',#6618,10.);
#1852=VECTOR('',#6619,10.);
#1853=VECTOR('',#6620,10.);
#1854=VECTOR('',#6621,10.);
#1855=VECTOR('',#6622,10.);
#1856=VECTOR('',#6623,10.);
#1857=VECTOR('',#6624,10.);
#1858=VECTOR('',#6625,10.);
#1859=VECTOR('',#6626,10.);
#1860=VECTOR('',#6627,10.);
#1861=VECTOR('',#6628,10.);
#1862=VECTOR('',#6629,10.);
#1863=VECTOR('',#6630,10.);
#1864=VECTOR('',#6631,10.);
#1865=VECTOR('',#6632,10.);
#1866=VECTOR('',#6633,10.);
#1867=VECTOR('',#6634,10.);
#1868=VECTOR('',#6635,10.);
#1869=VECTOR('',#6636,10.);
#1870=VECTOR('',#6637,10.);
#1871=VECTOR('',#6638,10.);
#1872=VECTOR('',#6639,10.);
#1873=VECTOR('',#6640,10.);
#1874=VECTOR('',#6641,10.);
#1875=VECTOR('',#6642,10.);
#1876=VECTOR('',#6643,10.);
#1877=VECTOR('',#6644,10.);
#1878=VECTOR('',#6647,10.);
#1879=VECTOR('',#6648,10.);
#1880=VECTOR('',#6649,10.);
#1881=VECTOR('',#6650,10.);
#1882=VECTOR('',#6651,10.);
#1883=VECTOR('',#6652,10.);
#1884=VECTOR('',#6653,10.);
#1885=VECTOR('',#6654,10.);
#1886=VECTOR('',#6655,10.);
#1887=VECTOR('',#6656,10.);
#1888=VECTOR('',#6657,10.);
#1889=VECTOR('',#6658,10.);
#1890=VECTOR('',#6659,10.);
#1891=VECTOR('',#6660,10.);
#1892=VECTOR('',#6661,10.);
#1893=VECTOR('',#6662,10.);
#1894=VECTOR('',#6663,10.);
#1895=VECTOR('',#6664,10.);
#1896=VECTOR('',#6665,10.);
#1897=VECTOR('',#6666,10.);
#1898=VECTOR('',#6667,10.);
#1899=VECTOR('',#6668,10.);
#1900=VECTOR('',#6669,10.);
#1901=VECTOR('',#6670,10.);
#1902=VECTOR('',#6671,10.);
#1903=VECTOR('',#6672,10.);
#1904=VECTOR('',#6673,10.);
#1905=VECTOR('',#6674,10.);
#1906=VECTOR('',#6675,10.);
#1907=VECTOR('',#6676,10.);
#1908=VECTOR('',#6677,10.);
#1909=VECTOR('',#6680,10.);
#1910=VECTOR('',#6681,10.);
#1911=VECTOR('',#6684,10.);
#1912=VECTOR('',#6687,10.);
#1913=VECTOR('',#6688,10.);
#1914=VECTOR('',#6689,10.);
#1915=VECTOR('',#6690,10.);
#1916=VECTOR('',#6691,10.);
#1917=VECTOR('',#6692,10.);
#1918=VECTOR('',#6693,10.);
#1919=VECTOR('',#6694,10.);
#1920=VECTOR('',#6695,10.);
#1921=VECTOR('',#6696,10.);
#1922=VECTOR('',#6697,10.);
#1923=VECTOR('',#6698,10.);
#1924=VECTOR('',#6699,10.);
#1925=VECTOR('',#6702,10.);
#1926=VECTOR('',#6703,10.);
#1927=VECTOR('',#6704,10.);
#1928=VECTOR('',#6709,10.);
#1929=VECTOR('',#6710,10.);
#1930=VECTOR('',#6711,10.);
#1931=VECTOR('',#6714,10.);
#1932=VECTOR('',#6715,10.);
#1933=VECTOR('',#6718,10.);
#1934=VECTOR('',#6721,10.);
#1935=VECTOR('',#6722,10.);
#1936=VECTOR('',#6723,10.);
#1937=VECTOR('',#6724,10.);
#1938=VECTOR('',#6725,10.);
#1939=VECTOR('',#6726,10.);
#1940=VECTOR('',#6727,10.);
#1941=VECTOR('',#6730,10.);
#1942=VECTOR('',#6733,10.);
#1943=VECTOR('',#6734,10.);
#1944=VECTOR('',#6735,10.);
#1945=VECTOR('',#6736,10.);
#1946=VECTOR('',#6737,10.);
#1947=VECTOR('',#6738,10.);
#1948=VECTOR('',#6739,10.);
#1949=VECTOR('',#6740,10.);
#1950=VECTOR('',#6741,10.);
#1951=VECTOR('',#6742,10.);
#1952=VECTOR('',#6743,10.);
#1953=VECTOR('',#6744,10.);
#1954=VECTOR('',#6745,10.);
#1955=VECTOR('',#6746,10.);
#1956=VECTOR('',#6747,10.);
#1957=VECTOR('',#6748,10.);
#1958=VECTOR('',#6749,10.);
#1959=VECTOR('',#6750,10.);
#1960=VECTOR('',#6751,10.);
#1961=VECTOR('',#6752,10.);
#1962=VECTOR('',#6753,10.);
#1963=VECTOR('',#6754,10.);
#1964=VECTOR('',#6755,10.);
#1965=VECTOR('',#6758,10.);
#1966=VECTOR('',#6759,10.);
#1967=VECTOR('',#6762,10.);
#1968=VECTOR('',#6767,10.);
#1969=VECTOR('',#6770,10.);
#1970=VECTOR('',#6771,10.);
#1971=VECTOR('',#6772,10.);
#1972=VECTOR('',#6775,10.);
#1973=VECTOR('',#6776,10.);
#1974=VECTOR('',#6777,10.);
#1975=VECTOR('',#6778,10.);
#1976=VECTOR('',#6781,10.);
#1977=VECTOR('',#6782,10.);
#1978=VECTOR('',#6783,10.);
#1979=VECTOR('',#6784,10.);
#1980=VECTOR('',#6787,10.);
#1981=VECTOR('',#6788,10.);
#1982=VECTOR('',#6791,10.);
#1983=VECTOR('',#6792,10.);
#1984=VECTOR('',#6795,10.);
#1985=VECTOR('',#6796,10.);
#1986=VECTOR('',#6797,10.);
#1987=VECTOR('',#6800,10.);
#1988=VECTOR('',#6801,10.);
#1989=VECTOR('',#6802,10.);
#1990=VECTOR('',#6805,10.);
#1991=VECTOR('',#6806,10.);
#1992=VECTOR('',#6807,10.);
#1993=VECTOR('',#6810,10.);
#1994=VECTOR('',#6811,10.);
#1995=VECTOR('',#6814,10.);
#1996=VECTOR('',#6815,10.);
#1997=VECTOR('',#6816,10.);
#1998=VECTOR('',#6817,10.);
#1999=VECTOR('',#6820,10.);
#2000=VECTOR('',#6821,10.);
#2001=VECTOR('',#6822,10.);
#2002=VECTOR('',#6825,10.);
#2003=VECTOR('',#6826,10.);
#2004=VECTOR('',#6827,10.);
#2005=VECTOR('',#6830,10.);
#2006=VECTOR('',#6833,10.);
#2007=VECTOR('',#6834,10.);
#2008=VECTOR('',#6835,10.);
#2009=VECTOR('',#6836,10.);
#2010=VECTOR('',#6839,10.);
#2011=VECTOR('',#6840,10.);
#2012=VECTOR('',#6841,10.);
#2013=VECTOR('',#6844,10.);
#2014=VECTOR('',#6845,10.);
#2015=VECTOR('',#6846,10.);
#2016=VECTOR('',#6849,10.);
#2017=VECTOR('',#6852,10.);
#2018=VECTOR('',#6853,10.);
#2019=VECTOR('',#6854,10.);
#2020=VECTOR('',#6855,10.);
#2021=VECTOR('',#6858,10.);
#2022=VECTOR('',#6859,10.);
#2023=VECTOR('',#6860,10.);
#2024=VECTOR('',#6863,10.);
#2025=VECTOR('',#6864,10.);
#2026=VECTOR('',#6865,10.);
#2027=VECTOR('',#6868,10.);
#2028=VECTOR('',#6871,10.);
#2029=VECTOR('',#6872,10.);
#2030=VECTOR('',#6873,10.);
#2031=VECTOR('',#6876,10.);
#2032=VECTOR('',#6877,10.);
#2033=VECTOR('',#6880,10.);
#2034=VECTOR('',#6883,10.);
#2035=VECTOR('',#6886,10.);
#2036=VECTOR('',#6887,10.);
#2037=VECTOR('',#6888,10.);
#2038=VECTOR('',#6889,10.);
#2039=VECTOR('',#6890,10.);
#2040=VECTOR('',#6891,10.);
#2041=VECTOR('',#6892,10.);
#2042=VECTOR('',#6895,10.);
#2043=VECTOR('',#6896,10.);
#2044=VECTOR('',#6901,10.);
#2045=VECTOR('',#6902,10.);
#2046=VECTOR('',#6905,10.);
#2047=VECTOR('',#6908,10.);
#2048=VECTOR('',#6909,10.);
#2049=VECTOR('',#6910,10.);
#2050=VECTOR('',#6913,10.);
#2051=VECTOR('',#6914,10.);
#2052=VECTOR('',#6915,10.);
#2053=VECTOR('',#6916,10.);
#2054=VECTOR('',#6919,10.);
#2055=VECTOR('',#6920,10.);
#2056=VECTOR('',#6921,10.);
#2057=VECTOR('',#6922,10.);
#2058=VECTOR('',#6923,10.);
#2059=VECTOR('',#6924,10.);
#2060=VECTOR('',#6927,10.);
#2061=VECTOR('',#6928,10.);
#2062=VECTOR('',#6929,10.);
#2063=VECTOR('',#6932,10.);
#2064=VECTOR('',#6933,10.);
#2065=VECTOR('',#6934,10.);
#2066=VECTOR('',#6937,10.);
#2067=VECTOR('',#6938,10.);
#2068=VECTOR('',#6939,10.);
#2069=VECTOR('',#6942,10.);
#2070=VECTOR('',#6943,10.);
#2071=VECTOR('',#6944,10.);
#2072=VECTOR('',#6945,10.);
#2073=VECTOR('',#6946,10.);
#2074=VECTOR('',#6947,10.);
#2075=VECTOR('',#6948,10.);
#2076=VECTOR('',#6949,10.);
#2077=VECTOR('',#6950,10.);
#2078=VECTOR('',#6951,10.);
#2079=VECTOR('',#6952,10.);
#2080=VECTOR('',#6953,10.);
#2081=VECTOR('',#6954,10.);
#2082=VECTOR('',#6955,10.);
#2083=VECTOR('',#6956,10.);
#2084=VECTOR('',#6957,10.);
#2085=VECTOR('',#6958,10.);
#2086=VECTOR('',#6959,10.);
#2087=VECTOR('',#6962,10.);
#2088=VECTOR('',#6963,10.);
#2089=VECTOR('',#6966,10.);
#2090=VECTOR('',#6967,10.);
#2091=VECTOR('',#6970,10.);
#2092=VECTOR('',#6971,10.);
#2093=VECTOR('',#6974,10.);
#2094=VECTOR('',#6975,10.);
#2095=VECTOR('',#6978,10.);
#2096=VECTOR('',#6979,10.);
#2097=VECTOR('',#6982,10.);
#2098=VECTOR('',#6983,10.);
#2099=VECTOR('',#6994,10.);
#2100=VECTOR('',#6995,10.);
#2101=VECTOR('',#6996,10.);
#2102=VECTOR('',#6997,10.);
#2103=VECTOR('',#7000,10.);
#2104=VECTOR('',#7001,10.);
#2105=VECTOR('',#7002,10.);
#2106=VECTOR('',#7005,10.);
#2107=VECTOR('',#7006,10.);
#2108=VECTOR('',#7007,10.);
#2109=VECTOR('',#7010,10.);
#2110=VECTOR('',#7011,10.);
#2111=VECTOR('',#7018,10.);
#2112=VECTOR('',#7019,10.);
#2113=VECTOR('',#7022,10.);
#2114=VECTOR('',#7023,10.);
#2115=VECTOR('',#7026,10.);
#2116=VECTOR('',#7031,10.);
#2117=VECTOR('',#7032,10.);
#2118=VECTOR('',#7033,10.);
#2119=VECTOR('',#7034,10.);
#2120=VECTOR('',#7037,10.);
#2121=VECTOR('',#7038,10.);
#2122=VECTOR('',#7039,10.);
#2123=VECTOR('',#7042,10.);
#2124=VECTOR('',#7043,10.);
#2125=VECTOR('',#7046,10.);
#2126=VECTOR('',#7047,10.);
#2127=VECTOR('',#7050,10.);
#2128=VECTOR('',#7055,10.);
#2129=VECTOR('',#7056,10.);
#2130=VECTOR('',#7059,10.);
#2131=VECTOR('',#7060,10.);
#2132=VECTOR('',#7063,10.);
#2133=VECTOR('',#7068,10.);
#2134=VECTOR('',#7069,10.);
#2135=VECTOR('',#7070,10.);
#2136=VECTOR('',#7073,10.);
#2137=VECTOR('',#7074,10.);
#2138=VECTOR('',#7075,10.);
#2139=VECTOR('',#7078,10.);
#2140=VECTOR('',#7081,10.);
#2141=VECTOR('',#7086,10.);
#2142=VECTOR('',#7087,10.);
#2143=VECTOR('',#7088,10.);
#2144=VECTOR('',#7091,10.);
#2145=VECTOR('',#7092,10.);
#2146=VECTOR('',#7095,10.);
#2147=VECTOR('',#7096,10.);
#2148=VECTOR('',#7099,10.);
#2149=VECTOR('',#7104,10.);
#2150=VECTOR('',#7105,10.);
#2151=VECTOR('',#7106,10.);
#2152=VECTOR('',#7107,10.);
#2153=VECTOR('',#7110,10.);
#2154=VECTOR('',#7111,10.);
#2155=VECTOR('',#7114,10.);
#2156=VECTOR('',#7115,10.);
#2157=VECTOR('',#7118,10.);
#2158=VECTOR('',#7123,10.);
#2159=VECTOR('',#7124,10.);
#2160=VECTOR('',#7125,10.);
#2161=VECTOR('',#7126,10.);
#2162=VECTOR('',#7129,10.);
#2163=VECTOR('',#7130,10.);
#2164=VECTOR('',#7131,10.);
#2165=VECTOR('',#7134,10.);
#2166=VECTOR('',#7135,10.);
#2167=VECTOR('',#7138,10.);
#2168=VECTOR('',#7139,10.);
#2169=VECTOR('',#7142,10.);
#2170=VECTOR('',#7147,10.);
#2171=VECTOR('',#7148,10.);
#2172=VECTOR('',#7151,10.);
#2173=VECTOR('',#7152,10.);
#2174=VECTOR('',#7155,10.);
#2175=VECTOR('',#7160,10.);
#2176=VECTOR('',#7161,10.);
#2177=VECTOR('',#7162,10.);
#2178=VECTOR('',#7163,10.);
#2179=VECTOR('',#7166,10.);
#2180=VECTOR('',#7167,10.);
#2181=VECTOR('',#7168,10.);
#2182=VECTOR('',#7171,10.);
#2183=VECTOR('',#7172,10.);
#2184=VECTOR('',#7175,10.);
#2185=VECTOR('',#7176,10.);
#2186=VECTOR('',#7179,10.);
#2187=VECTOR('',#7182,10.);
#2188=VECTOR('',#7183,10.);
#2189=VECTOR('',#7184,10.);
#2190=VECTOR('',#7185,10.);
#2191=VECTOR('',#7188,10.);
#2192=VECTOR('',#7189,10.);
#2193=VECTOR('',#7190,10.);
#2194=VECTOR('',#7191,10.);
#2195=VECTOR('',#7194,10.);
#2196=VECTOR('',#7195,10.);
#2197=VECTOR('',#7198,10.);
#2198=VECTOR('',#7201,10.);
#2199=VECTOR('',#7206,10.);
#2200=VECTOR('',#7207,10.);
#2201=VECTOR('',#7208,10.);
#2202=VECTOR('',#7209,10.);
#2203=VECTOR('',#7212,10.);
#2204=VECTOR('',#7213,10.);
#2205=VECTOR('',#7214,10.);
#2206=VECTOR('',#7217,10.);
#2207=VECTOR('',#7218,10.);
#2208=VECTOR('',#7219,10.);
#2209=VECTOR('',#7222,10.);
#2210=VECTOR('',#7223,10.);
#2211=VECTOR('',#7224,10.);
#2212=VECTOR('',#7225,10.);
#2213=VECTOR('',#7228,10.);
#2214=VECTOR('',#7229,10.);
#2215=VECTOR('',#7230,10.);
#2216=VECTOR('',#7233,10.);
#2217=VECTOR('',#7234,10.);
#2218=VECTOR('',#7235,10.);
#2219=VECTOR('',#7238,10.);
#2220=VECTOR('',#7239,10.);
#2221=VECTOR('',#7240,10.);
#2222=VECTOR('',#7241,10.);
#2223=VECTOR('',#7244,10.);
#2224=VECTOR('',#7245,10.);
#2225=VECTOR('',#7246,10.);
#2226=VECTOR('',#7249,10.);
#2227=VECTOR('',#7250,10.);
#2228=VECTOR('',#7251,10.);
#2229=VECTOR('',#7254,10.);
#2230=VECTOR('',#7255,10.);
#2231=VECTOR('',#7256,10.);
#2232=VECTOR('',#7257,10.);
#2233=VECTOR('',#7260,10.);
#2234=VECTOR('',#7261,10.);
#2235=VECTOR('',#7262,10.);
#2236=VECTOR('',#7263,10.);
#2237=VECTOR('',#7266,10.);
#2238=VECTOR('',#7267,10.);
#2239=VECTOR('',#7270,10.);
#2240=VECTOR('',#7271,10.);
#2241=VECTOR('',#7272,10.);
#2242=VECTOR('',#7273,10.);
#2243=VECTOR('',#7276,10.);
#2244=VECTOR('',#7277,10.);
#2245=VECTOR('',#7278,10.);
#2246=VECTOR('',#7281,10.);
#2247=VECTOR('',#7282,10.);
#2248=VECTOR('',#7283,10.);
#2249=VECTOR('',#7286,10.);
#2250=VECTOR('',#7287,10.);
#2251=VECTOR('',#7288,10.);
#2252=VECTOR('',#7289,10.);
#2253=VECTOR('',#7292,10.);
#2254=VECTOR('',#7293,10.);
#2255=VECTOR('',#7294,10.);
#2256=VECTOR('',#7297,10.);
#2257=VECTOR('',#7298,10.);
#2258=VECTOR('',#7299,10.);
#2259=VECTOR('',#7302,10.);
#2260=VECTOR('',#7303,10.);
#2261=VECTOR('',#7304,10.);
#2262=VECTOR('',#7305,10.);
#2263=VECTOR('',#7306,10.);
#2264=VECTOR('',#7307,10.);
#2265=VECTOR('',#7308,10.);
#2266=VECTOR('',#7309,10.);
#2267=VECTOR('',#7310,10.);
#2268=VECTOR('',#7311,10.);
#2269=VECTOR('',#7312,10.);
#2270=VECTOR('',#7315,10.);
#2271=VECTOR('',#7316,10.);
#2272=VECTOR('',#7317,10.);
#2273=VECTOR('',#7320,10.);
#2274=VECTOR('',#7321,10.);
#2275=VECTOR('',#7322,10.);
#2276=VECTOR('',#7325,10.);
#2277=VECTOR('',#7328,10.);
#2278=VECTOR('',#7331,10.);
#2279=VECTOR('',#7332,10.);
#2280=VECTOR('',#7333,10.);
#2281=VECTOR('',#7336,10.);
#2282=VECTOR('',#7337,10.);
#2283=VECTOR('',#7338,10.);
#2284=VECTOR('',#7339,10.);
#2285=VECTOR('',#7340,10.);
#2286=VECTOR('',#7341,10.);
#2287=VECTOR('',#7344,10.);
#2288=VECTOR('',#7345,10.);
#2289=VECTOR('',#7346,10.);
#2290=VECTOR('',#7349,10.);
#2291=VECTOR('',#7350,10.);
#2292=VECTOR('',#7351,10.);
#2293=VECTOR('',#7354,10.);
#2294=VECTOR('',#7355,10.);
#2295=VECTOR('',#7356,10.);
#2296=VECTOR('',#7359,10.);
#2297=VECTOR('',#7360,10.);
#2298=VECTOR('',#7365,10.);
#2299=VECTOR('',#7366,10.);
#2300=VECTOR('',#7367,10.);
#2301=VECTOR('',#7370,10.);
#2302=VECTOR('',#7371,10.);
#2303=VECTOR('',#7372,10.);
#2304=VECTOR('',#7375,10.);
#2305=VECTOR('',#7376,10.);
#2306=VECTOR('',#7379,10.);
#2307=VECTOR('',#7380,10.);
#2308=VECTOR('',#7383,10.);
#2309=VERTEX_POINT('',#7391);
#2310=VERTEX_POINT('',#7392);
#2311=VERTEX_POINT('',#7394);
#2312=VERTEX_POINT('',#7396);
#2313=VERTEX_POINT('',#7398);
#2314=VERTEX_POINT('',#7400);
#2315=VERTEX_POINT('',#7402);
#2316=VERTEX_POINT('',#7404);
#2317=VERTEX_POINT('',#7408);
#2318=VERTEX_POINT('',#7410);
#2319=VERTEX_POINT('',#7414);
#2320=VERTEX_POINT('',#7418);
#2321=VERTEX_POINT('',#7422);
#2322=VERTEX_POINT('',#7426);
#2323=VERTEX_POINT('',#7428);
#2324=VERTEX_POINT('',#7434);
#2325=VERTEX_POINT('',#7440);
#2326=VERTEX_POINT('',#7441);
#2327=VERTEX_POINT('',#7443);
#2328=VERTEX_POINT('',#7445);
#2329=VERTEX_POINT('',#7447);
#2330=VERTEX_POINT('',#7449);
#2331=VERTEX_POINT('',#7451);
#2332=VERTEX_POINT('',#7453);
#2333=VERTEX_POINT('',#7455);
#2334=VERTEX_POINT('',#7457);
#2335=VERTEX_POINT('',#7460);
#2336=VERTEX_POINT('',#7461);
#2337=VERTEX_POINT('',#7463);
#2338=VERTEX_POINT('',#7465);
#2339=VERTEX_POINT('',#7468);
#2340=VERTEX_POINT('',#7469);
#2341=VERTEX_POINT('',#7473);
#2342=VERTEX_POINT('',#7477);
#2343=VERTEX_POINT('',#7479);
#2344=VERTEX_POINT('',#7483);
#2345=VERTEX_POINT('',#7487);
#2346=VERTEX_POINT('',#7491);
#2347=VERTEX_POINT('',#7495);
#2348=VERTEX_POINT('',#7499);
#2349=VERTEX_POINT('',#7503);
#2350=VERTEX_POINT('',#7507);
#2351=VERTEX_POINT('',#7511);
#2352=VERTEX_POINT('',#7515);
#2353=VERTEX_POINT('',#7519);
#2354=VERTEX_POINT('',#7523);
#2355=VERTEX_POINT('',#7527);
#2356=VERTEX_POINT('',#7531);
#2357=VERTEX_POINT('',#7535);
#2358=VERTEX_POINT('',#7539);
#2359=VERTEX_POINT('',#7543);
#2360=VERTEX_POINT('',#7547);
#2361=VERTEX_POINT('',#7551);
#2362=VERTEX_POINT('',#7553);
#2363=VERTEX_POINT('',#7557);
#2364=VERTEX_POINT('',#7561);
#2365=VERTEX_POINT('',#7565);
#2366=VERTEX_POINT('',#7569);
#2367=VERTEX_POINT('',#7573);
#2368=VERTEX_POINT('',#7577);
#2369=VERTEX_POINT('',#7581);
#2370=VERTEX_POINT('',#7585);
#2371=VERTEX_POINT('',#7589);
#2372=VERTEX_POINT('',#7593);
#2373=VERTEX_POINT('',#7597);
#2374=VERTEX_POINT('',#7604);
#2375=VERTEX_POINT('',#7605);
#2376=VERTEX_POINT('',#7607);
#2377=VERTEX_POINT('',#7609);
#2378=VERTEX_POINT('',#7611);
#2379=VERTEX_POINT('',#7613);
#2380=VERTEX_POINT('',#7617);
#2381=VERTEX_POINT('',#7621);
#2382=VERTEX_POINT('',#7623);
#2383=VERTEX_POINT('',#7630);
#2384=VERTEX_POINT('',#7631);
#2385=VERTEX_POINT('',#7633);
#2386=VERTEX_POINT('',#7635);
#2387=VERTEX_POINT('',#7637);
#2388=VERTEX_POINT('',#7639);
#2389=VERTEX_POINT('',#7641);
#2390=VERTEX_POINT('',#7643);
#2391=VERTEX_POINT('',#7645);
#2392=VERTEX_POINT('',#7647);
#2393=VERTEX_POINT('',#7649);
#2394=VERTEX_POINT('',#7652);
#2395=VERTEX_POINT('',#7653);
#2396=VERTEX_POINT('',#7655);
#2397=VERTEX_POINT('',#7657);
#2398=VERTEX_POINT('',#7659);
#2399=VERTEX_POINT('',#7661);
#2400=VERTEX_POINT('',#7665);
#2401=VERTEX_POINT('',#7669);
#2402=VERTEX_POINT('',#7673);
#2403=VERTEX_POINT('',#7677);
#2404=VERTEX_POINT('',#7681);
#2405=VERTEX_POINT('',#7686);
#2406=VERTEX_POINT('',#7687);
#2407=VERTEX_POINT('',#7689);
#2408=VERTEX_POINT('',#7691);
#2409=VERTEX_POINT('',#7693);
#2410=VERTEX_POINT('',#7695);
#2411=VERTEX_POINT('',#7697);
#2412=VERTEX_POINT('',#7701);
#2413=VERTEX_POINT('',#7705);
#2414=VERTEX_POINT('',#7709);
#2415=VERTEX_POINT('',#7713);
#2416=VERTEX_POINT('',#7717);
#2417=VERTEX_POINT('',#7721);
#2418=VERTEX_POINT('',#7725);
#2419=VERTEX_POINT('',#7729);
#2420=VERTEX_POINT('',#7733);
#2421=VERTEX_POINT('',#7737);
#2422=VERTEX_POINT('',#7741);
#2423=VERTEX_POINT('',#7743);
#2424=VERTEX_POINT('',#7747);
#2425=VERTEX_POINT('',#7751);
#2426=VERTEX_POINT('',#7755);
#2427=VERTEX_POINT('',#7759);
#2428=VERTEX_POINT('',#7763);
#2429=VERTEX_POINT('',#7767);
#2430=VERTEX_POINT('',#7771);
#2431=VERTEX_POINT('',#7775);
#2432=VERTEX_POINT('',#7779);
#2433=VERTEX_POINT('',#7783);
#2434=VERTEX_POINT('',#7791);
#2435=VERTEX_POINT('',#7792);
#2436=VERTEX_POINT('',#7794);
#2437=VERTEX_POINT('',#7796);
#2438=VERTEX_POINT('',#7808);
#2439=VERTEX_POINT('',#7810);
#2440=VERTEX_POINT('',#7814);
#2441=VERTEX_POINT('',#7818);
#2442=VERTEX_POINT('',#7819);
#2443=VERTEX_POINT('',#7821);
#2444=VERTEX_POINT('',#7823);
#2445=VERTEX_POINT('',#7825);
#2446=VERTEX_POINT('',#7827);
#2447=VERTEX_POINT('',#7829);
#2448=VERTEX_POINT('',#7831);
#2449=VERTEX_POINT('',#7835);
#2450=VERTEX_POINT('',#7838);
#2451=VERTEX_POINT('',#7842);
#2452=VERTEX_POINT('',#7846);
#2453=VERTEX_POINT('',#7848);
#2454=VERTEX_POINT('',#7852);
#2455=VERTEX_POINT('',#7854);
#2456=VERTEX_POINT('',#7894);
#2457=VERTEX_POINT('',#7895);
#2458=VERTEX_POINT('',#7897);
#2459=VERTEX_POINT('',#7899);
#2460=VERTEX_POINT('',#7901);
#2461=VERTEX_POINT('',#7905);
#2462=VERTEX_POINT('',#7909);
#2463=VERTEX_POINT('',#7913);
#2464=VERTEX_POINT('',#7921);
#2465=VERTEX_POINT('',#7922);
#2466=VERTEX_POINT('',#7924);
#2467=VERTEX_POINT('',#7928);
#2468=VERTEX_POINT('',#7929);
#2469=VERTEX_POINT('',#7933);
#2470=VERTEX_POINT('',#7937);
#2471=VERTEX_POINT('',#7941);
#2472=VERTEX_POINT('',#7945);
#2473=VERTEX_POINT('',#7949);
#2474=VERTEX_POINT('',#7953);
#2475=VERTEX_POINT('',#7957);
#2476=VERTEX_POINT('',#7961);
#2477=VERTEX_POINT('',#7965);
#2478=VERTEX_POINT('',#7969);
#2479=VERTEX_POINT('',#7973);
#2480=VERTEX_POINT('',#7977);
#2481=VERTEX_POINT('',#7981);
#2482=VERTEX_POINT('',#7985);
#2483=VERTEX_POINT('',#7989);
#2484=VERTEX_POINT('',#7991);
#2485=VERTEX_POINT('',#7995);
#2486=VERTEX_POINT('',#7999);
#2487=VERTEX_POINT('',#8003);
#2488=VERTEX_POINT('',#8007);
#2489=VERTEX_POINT('',#8011);
#2490=VERTEX_POINT('',#8015);
#2491=VERTEX_POINT('',#8019);
#2492=VERTEX_POINT('',#8023);
#2493=VERTEX_POINT('',#8027);
#2494=VERTEX_POINT('',#8031);
#2495=VERTEX_POINT('',#8035);
#2496=VERTEX_POINT('',#8039);
#2497=VERTEX_POINT('',#8043);
#2498=VERTEX_POINT('',#8047);
#2499=VERTEX_POINT('',#8051);
#2500=VERTEX_POINT('',#8055);
#2501=VERTEX_POINT('',#8059);
#2502=VERTEX_POINT('',#8300);
#2503=VERTEX_POINT('',#8301);
#2504=VERTEX_POINT('',#8303);
#2505=VERTEX_POINT('',#8305);
#2506=VERTEX_POINT('',#8309);
#2507=VERTEX_POINT('',#8313);
#2508=VERTEX_POINT('',#8315);
#2509=VERTEX_POINT('',#8319);
#2510=VERTEX_POINT('',#8323);
#2511=VERTEX_POINT('',#8365);
#2512=VERTEX_POINT('',#8366);
#2513=VERTEX_POINT('',#8368);
#2514=VERTEX_POINT('',#8370);
#2515=VERTEX_POINT('',#8372);
#2516=VERTEX_POINT('',#8374);
#2517=VERTEX_POINT('',#8376);
#2518=VERTEX_POINT('',#8378);
#2519=VERTEX_POINT('',#8380);
#2520=VERTEX_POINT('',#8382);
#2521=VERTEX_POINT('',#8384);
#2522=VERTEX_POINT('',#8387);
#2523=VERTEX_POINT('',#8388);
#2524=VERTEX_POINT('',#8390);
#2525=VERTEX_POINT('',#8422);
#2526=VERTEX_POINT('',#8423);
#2527=VERTEX_POINT('',#8425);
#2528=VERTEX_POINT('',#8427);
#2529=VERTEX_POINT('',#8429);
#2530=VERTEX_POINT('',#8433);
#2531=VERTEX_POINT('',#8437);
#2532=VERTEX_POINT('',#8441);
#2533=VERTEX_POINT('',#8445);
#2534=VERTEX_POINT('',#8449);
#2535=VERTEX_POINT('',#8453);
#2536=VERTEX_POINT('',#8456);
#2537=VERTEX_POINT('',#8457);
#2538=VERTEX_POINT('',#8459);
#2539=VERTEX_POINT('',#8461);
#2540=VERTEX_POINT('',#8465);
#2541=VERTEX_POINT('',#8469);
#2542=VERTEX_POINT('',#8473);
#2543=VERTEX_POINT('',#8477);
#2544=VERTEX_POINT('',#8576);
#2545=VERTEX_POINT('',#8577);
#2546=VERTEX_POINT('',#8579);
#2547=VERTEX_POINT('',#8581);
#2548=VERTEX_POINT('',#8585);
#2549=VERTEX_POINT('',#8589);
#2550=VERTEX_POINT('',#8593);
#2551=VERTEX_POINT('',#8597);
#2552=VERTEX_POINT('',#8601);
#2553=VERTEX_POINT('',#8605);
#2554=VERTEX_POINT('',#8609);
#2555=VERTEX_POINT('',#8613);
#2556=VERTEX_POINT('',#8617);
#2557=VERTEX_POINT('',#8621);
#2558=VERTEX_POINT('',#8625);
#2559=VERTEX_POINT('',#8629);
#2560=VERTEX_POINT('',#8631);
#2561=VERTEX_POINT('',#8635);
#2562=VERTEX_POINT('',#8639);
#2563=VERTEX_POINT('',#8643);
#2564=VERTEX_POINT('',#8647);
#2565=VERTEX_POINT('',#8651);
#2566=VERTEX_POINT('',#8655);
#2567=VERTEX_POINT('',#8659);
#2568=VERTEX_POINT('',#8663);
#2569=VERTEX_POINT('',#8667);
#2570=VERTEX_POINT('',#8671);
#2571=VERTEX_POINT('',#8675);
#2572=VERTEX_POINT('',#8677);
#2573=VERTEX_POINT('',#8854);
#2574=VERTEX_POINT('',#8855);
#2575=VERTEX_POINT('',#8857);
#2576=VERTEX_POINT('',#8859);
#2577=VERTEX_POINT('',#8861);
#2578=VERTEX_POINT('',#8863);
#2579=VERTEX_POINT('',#8865);
#2580=VERTEX_POINT('',#8867);
#2581=VERTEX_POINT('',#8869);
#2582=VERTEX_POINT('',#8871);
#2583=VERTEX_POINT('',#8873);
#2584=VERTEX_POINT('',#8875);
#2585=VERTEX_POINT('',#8877);
#2586=VERTEX_POINT('',#8879);
#2587=VERTEX_POINT('',#8881);
#2588=VERTEX_POINT('',#8884);
#2589=VERTEX_POINT('',#8886);
#2590=VERTEX_POINT('',#8889);
#2591=VERTEX_POINT('',#8891);
#2592=VERTEX_POINT('',#8893);
#2593=VERTEX_POINT('',#8895);
#2594=VERTEX_POINT('',#8897);
#2595=VERTEX_POINT('',#8899);
#2596=VERTEX_POINT('',#8901);
#2597=VERTEX_POINT('',#8903);
#2598=VERTEX_POINT('',#8905);
#2599=VERTEX_POINT('',#8907);
#2600=VERTEX_POINT('',#8909);
#2601=VERTEX_POINT('',#8911);
#2602=VERTEX_POINT('',#8913);
#2603=VERTEX_POINT('',#8915);
#2604=VERTEX_POINT('',#8917);
#2605=VERTEX_POINT('',#8919);
#2606=VERTEX_POINT('',#8921);
#2607=VERTEX_POINT('',#8923);
#2608=VERTEX_POINT('',#8925);
#2609=VERTEX_POINT('',#8929);
#2610=VERTEX_POINT('',#8930);
#2611=VERTEX_POINT('',#8932);
#2612=VERTEX_POINT('',#8934);
#2613=VERTEX_POINT('',#8936);
#2614=VERTEX_POINT('',#8938);
#2615=VERTEX_POINT('',#8940);
#2616=VERTEX_POINT('',#8942);
#2617=VERTEX_POINT('',#8944);
#2618=VERTEX_POINT('',#8946);
#2619=VERTEX_POINT('',#8948);
#2620=VERTEX_POINT('',#8950);
#2621=VERTEX_POINT('',#8952);
#2622=VERTEX_POINT('',#8954);
#2623=VERTEX_POINT('',#8956);
#2624=VERTEX_POINT('',#8958);
#2625=VERTEX_POINT('',#8960);
#2626=VERTEX_POINT('',#8962);
#2627=VERTEX_POINT('',#8964);
#2628=VERTEX_POINT('',#8966);
#2629=VERTEX_POINT('',#8968);
#2630=VERTEX_POINT('',#8970);
#2631=VERTEX_POINT('',#8972);
#2632=VERTEX_POINT('',#8974);
#2633=VERTEX_POINT('',#8976);
#2634=VERTEX_POINT('',#8978);
#2635=VERTEX_POINT('',#8980);
#2636=VERTEX_POINT('',#8982);
#2637=VERTEX_POINT('',#8984);
#2638=VERTEX_POINT('',#8986);
#2639=VERTEX_POINT('',#8988);
#2640=VERTEX_POINT('',#8997);
#2641=VERTEX_POINT('',#8998);
#2642=VERTEX_POINT('',#9000);
#2643=VERTEX_POINT('',#9002);
#2644=VERTEX_POINT('',#9004);
#2645=VERTEX_POINT('',#9006);
#2646=VERTEX_POINT('',#9008);
#2647=VERTEX_POINT('',#9010);
#2648=VERTEX_POINT('',#9012);
#2649=VERTEX_POINT('',#9014);
#2650=VERTEX_POINT('',#9016);
#2651=VERTEX_POINT('',#9019);
#2652=VERTEX_POINT('',#9024);
#2653=VERTEX_POINT('',#9029);
#2654=VERTEX_POINT('',#9031);
#2655=VERTEX_POINT('',#9035);
#2656=VERTEX_POINT('',#9042);
#2657=VERTEX_POINT('',#9044);
#2658=VERTEX_POINT('',#9046);
#2659=VERTEX_POINT('',#9048);
#2660=VERTEX_POINT('',#9050);
#2661=VERTEX_POINT('',#9056);
#2662=VERTEX_POINT('',#9058);
#2663=VERTEX_POINT('',#9060);
#2664=VERTEX_POINT('',#9062);
#2665=VERTEX_POINT('',#9066);
#2666=VERTEX_POINT('',#9069);
#2667=VERTEX_POINT('',#9071);
#2668=VERTEX_POINT('',#9073);
#2669=VERTEX_POINT('',#9076);
#2670=VERTEX_POINT('',#9078);
#2671=VERTEX_POINT('',#9080);
#2672=VERTEX_POINT('',#9083);
#2673=VERTEX_POINT('',#9085);
#2674=VERTEX_POINT('',#9087);
#2675=VERTEX_POINT('',#9090);
#2676=VERTEX_POINT('',#9092);
#2677=VERTEX_POINT('',#9104);
#2678=VERTEX_POINT('',#9106);
#2679=VERTEX_POINT('',#9110);
#2680=VERTEX_POINT('',#9112);
#2681=VERTEX_POINT('',#9114);
#2682=VERTEX_POINT('',#9118);
#2683=VERTEX_POINT('',#9120);
#2684=VERTEX_POINT('',#9122);
#2685=VERTEX_POINT('',#9129);
#2686=VERTEX_POINT('',#9133);
#2687=VERTEX_POINT('',#9135);
#2688=VERTEX_POINT('',#9139);
#2689=VERTEX_POINT('',#9141);
#2690=VERTEX_POINT('',#9145);
#2691=VERTEX_POINT('',#9150);
#2692=VERTEX_POINT('',#9154);
#2693=VERTEX_POINT('',#9156);
#2694=VERTEX_POINT('',#9158);
#2695=VERTEX_POINT('',#9162);
#2696=VERTEX_POINT('',#9164);
#2697=VERTEX_POINT('',#9168);
#2698=VERTEX_POINT('',#9175);
#2699=VERTEX_POINT('',#9177);
#2700=VERTEX_POINT('',#9179);
#2701=VERTEX_POINT('',#9183);
#2702=VERTEX_POINT('',#9185);
#2703=VERTEX_POINT('',#9189);
#2704=VERTEX_POINT('',#9196);
#2705=VERTEX_POINT('',#9198);
#2706=VERTEX_POINT('',#9200);
#2707=VERTEX_POINT('',#9204);
#2708=VERTEX_POINT('',#9206);
#2709=VERTEX_POINT('',#9210);
#2710=VERTEX_POINT('',#9217);
#2711=VERTEX_POINT('',#9219);
#2712=VERTEX_POINT('',#9223);
#2713=VERTEX_POINT('',#9231);
#2714=VERTEX_POINT('',#9244);
#2715=VERTEX_POINT('',#9250);
#2716=VERTEX_POINT('',#9252);
#2717=VERTEX_POINT('',#9256);
#2718=VERTEX_POINT('',#9257);
#2719=VERTEX_POINT('',#9259);
#2720=VERTEX_POINT('',#9261);
#2721=VERTEX_POINT('',#9265);
#2722=VERTEX_POINT('',#9267);
#2723=VERTEX_POINT('',#9270);
#2724=VERTEX_POINT('',#9272);
#2725=VERTEX_POINT('',#9276);
#2726=VERTEX_POINT('',#9278);
#2727=VERTEX_POINT('',#9282);
#2728=VERTEX_POINT('',#9284);
#2729=VERTEX_POINT('',#9288);
#2730=VERTEX_POINT('',#9290);
#2731=VERTEX_POINT('',#9294);
#2732=VERTEX_POINT('',#9295);
#2733=VERTEX_POINT('',#9297);
#2734=VERTEX_POINT('',#9299);
#2735=VERTEX_POINT('',#9302);
#2736=VERTEX_POINT('',#9304);
#2737=VERTEX_POINT('',#9307);
#2738=VERTEX_POINT('',#9308);
#2739=VERTEX_POINT('',#9310);
#2740=VERTEX_POINT('',#9312);
#2741=VERTEX_POINT('',#9315);
#2742=VERTEX_POINT('',#9316);
#2743=VERTEX_POINT('',#9347);
#2744=VERTEX_POINT('',#9349);
#2745=VERTEX_POINT('',#9351);
#2746=VERTEX_POINT('',#9356);
#2747=VERTEX_POINT('',#9360);
#2748=VERTEX_POINT('',#9370);
#2749=VERTEX_POINT('',#9374);
#2750=VERTEX_POINT('',#9381);
#2751=VERTEX_POINT('',#9383);
#2752=VERTEX_POINT('',#9385);
#2753=VERTEX_POINT('',#9390);
#2754=VERTEX_POINT('',#9397);
#2755=VERTEX_POINT('',#9404);
#2756=VERTEX_POINT('',#9408);
#2757=VERTEX_POINT('',#9415);
#2758=VERTEX_POINT('',#9417);
#2759=VERTEX_POINT('',#9421);
#2760=VERTEX_POINT('',#9423);
#2761=VERTEX_POINT('',#9432);
#2762=VERTEX_POINT('',#9434);
#2763=VERTEX_POINT('',#9438);
#2764=VERTEX_POINT('',#9442);
#2765=VERTEX_POINT('',#9451);
#2766=VERTEX_POINT('',#9455);
#2767=VERTEX_POINT('',#9459);
#2768=VERTEX_POINT('',#9466);
#2769=VERTEX_POINT('',#9468);
#2770=VERTEX_POINT('',#9470);
#2771=VERTEX_POINT('',#9474);
#2772=VERTEX_POINT('',#9482);
#2773=VERTEX_POINT('',#9489);
#2774=VERTEX_POINT('',#9493);
#2775=VERTEX_POINT('',#9500);
#2776=VERTEX_POINT('',#9501);
#2777=VERTEX_POINT('',#9503);
#2778=VERTEX_POINT('',#9505);
#2779=VERTEX_POINT('',#9509);
#2780=VERTEX_POINT('',#9510);
#2781=VERTEX_POINT('',#9515);
#2782=VERTEX_POINT('',#9519);
#2783=VERTEX_POINT('',#9525);
#2784=VERTEX_POINT('',#9526);
#2785=VERTEX_POINT('',#9528);
#2786=VERTEX_POINT('',#9530);
#2787=VERTEX_POINT('',#9534);
#2788=VERTEX_POINT('',#9535);
#2789=VERTEX_POINT('',#9537);
#2790=VERTEX_POINT('',#9539);
#2791=VERTEX_POINT('',#9551);
#2792=VERTEX_POINT('',#9552);
#2793=VERTEX_POINT('',#9554);
#2794=VERTEX_POINT('',#9556);
#2795=VERTEX_POINT('',#9560);
#2796=VERTEX_POINT('',#9562);
#2797=VERTEX_POINT('',#9566);
#2798=VERTEX_POINT('',#9568);
#2799=VERTEX_POINT('',#9572);
#2800=VERTEX_POINT('',#9573);
#2801=VERTEX_POINT('',#9575);
#2802=VERTEX_POINT('',#9577);
#2803=VERTEX_POINT('',#9581);
#2804=VERTEX_POINT('',#9583);
#2805=VERTEX_POINT('',#9587);
#2806=VERTEX_POINT('',#9589);
#2807=VERTEX_POINT('',#9593);
#2808=VERTEX_POINT('',#9594);
#2809=VERTEX_POINT('',#9596);
#2810=VERTEX_POINT('',#9598);
#2811=VERTEX_POINT('',#9602);
#2812=VERTEX_POINT('',#9603);
#2813=VERTEX_POINT('',#9608);
#2814=VERTEX_POINT('',#9609);
#2815=VERTEX_POINT('',#9614);
#2816=VERTEX_POINT('',#9616);
#2817=VERTEX_POINT('',#9618);
#2818=VERTEX_POINT('',#9622);
#2819=VERTEX_POINT('',#9624);
#2820=VERTEX_POINT('',#9626);
#2821=VERTEX_POINT('',#9633);
#2822=VERTEX_POINT('',#9634);
#2823=VERTEX_POINT('',#9636);
#2824=VERTEX_POINT('',#9638);
#2825=VERTEX_POINT('',#9642);
#2826=VERTEX_POINT('',#9648);
#2827=VERTEX_POINT('',#9652);
#2828=VERTEX_POINT('',#9653);
#2829=VERTEX_POINT('',#9655);
#2830=VERTEX_POINT('',#9657);
#2831=VERTEX_POINT('',#9661);
#2832=VERTEX_POINT('',#9667);
#2833=VERTEX_POINT('',#9672);
#2834=VERTEX_POINT('',#9674);
#2835=VERTEX_POINT('',#9676);
#2836=VERTEX_POINT('',#9678);
#2837=VERTEX_POINT('',#9682);
#2838=VERTEX_POINT('',#9683);
#2839=VERTEX_POINT('',#9685);
#2840=VERTEX_POINT('',#9687);
#2841=VERTEX_POINT('',#9691);
#2842=VERTEX_POINT('',#9692);
#2843=VERTEX_POINT('',#9697);
#2844=VERTEX_POINT('',#9698);
#2845=VERTEX_POINT('',#9707);
#2846=VERTEX_POINT('',#9709);
#2847=VERTEX_POINT('',#9714);
#2848=VERTEX_POINT('',#9717);
#2849=VERTEX_POINT('',#9722);
#2850=VERTEX_POINT('',#9724);
#2851=VERTEX_POINT('',#9728);
#2852=VERTEX_POINT('',#9730);
#2853=VERTEX_POINT('',#9734);
#2854=VERTEX_POINT('',#9736);
#2855=VERTEX_POINT('',#9744);
#2856=VERTEX_POINT('',#9746);
#2857=VERTEX_POINT('',#9750);
#2858=VERTEX_POINT('',#9752);
#2859=VERTEX_POINT('',#9756);
#2860=VERTEX_POINT('',#9760);
#2861=EDGE_CURVE('',#2309,#2310,#881,.T.);
#2862=EDGE_CURVE('',#2311,#2309,#882,.T.);
#2863=EDGE_CURVE('',#2312,#2311,#883,.T.);
#2864=EDGE_CURVE('',#2313,#2312,#884,.T.);
#2865=EDGE_CURVE('',#2314,#2313,#885,.T.);
#2866=EDGE_CURVE('',#2315,#2314,#886,.T.);
#2867=EDGE_CURVE('',#2316,#2315,#887,.T.);
#2868=EDGE_CURVE('',#2310,#2316,#888,.T.);
#2869=EDGE_CURVE('',#2317,#2312,#889,.T.);
#2870=EDGE_CURVE('',#2317,#2318,#890,.T.);
#2871=EDGE_CURVE('',#2313,#2318,#891,.T.);
#2872=EDGE_CURVE('',#2319,#2311,#892,.T.);
#2873=EDGE_CURVE('',#2317,#2319,#893,.T.);
#2874=EDGE_CURVE('',#2309,#2320,#894,.T.);
#2875=EDGE_CURVE('',#2320,#2319,#895,.T.);
#2876=EDGE_CURVE('',#2321,#2310,#896,.T.);
#2877=EDGE_CURVE('',#2320,#2321,#897,.T.);
#2878=EDGE_CURVE('',#2322,#2315,#898,.T.);
#2879=EDGE_CURVE('',#2322,#2323,#899,.T.);
#2880=EDGE_CURVE('',#2316,#2323,#900,.T.);
#2881=EDGE_CURVE('',#2323,#2321,#901,.T.);
#2882=EDGE_CURVE('',#2324,#2314,#902,.T.);
#2883=EDGE_CURVE('',#2322,#2324,#903,.T.);
#2884=EDGE_CURVE('',#2318,#2324,#904,.T.);
#2885=EDGE_CURVE('',#2325,#2326,#905,.T.);
#2886=EDGE_CURVE('',#2327,#2326,#263,.T.);
#2887=EDGE_CURVE('',#2327,#2328,#906,.T.);
#2888=EDGE_CURVE('',#2328,#2329,#907,.T.);
#2889=EDGE_CURVE('',#2330,#2329,#264,.T.);
#2890=EDGE_CURVE('',#2330,#2331,#908,.T.);
#2891=EDGE_CURVE('',#2331,#2332,#909,.T.);
#2892=EDGE_CURVE('',#2333,#2332,#265,.T.);
#2893=EDGE_CURVE('',#2333,#2334,#910,.T.);
#2894=EDGE_CURVE('',#2334,#2325,#911,.T.);
#2895=EDGE_CURVE('',#2335,#2336,#912,.T.);
#2896=EDGE_CURVE('',#2336,#2337,#913,.T.);
#2897=EDGE_CURVE('',#2337,#2338,#914,.T.);
#2898=EDGE_CURVE('',#2338,#2335,#915,.T.);
#2899=EDGE_CURVE('',#2339,#2340,#101,.T.);
#2900=EDGE_CURVE('',#2340,#2341,#102,.T.);
#2901=EDGE_CURVE('',#2341,#2342,#916,.T.);
#2902=EDGE_CURVE('',#2342,#2343,#103,.T.);
#2903=EDGE_CURVE('',#2343,#2344,#104,.T.);
#2904=EDGE_CURVE('',#2344,#2345,#105,.T.);
#2905=EDGE_CURVE('',#2345,#2346,#106,.T.);
#2906=EDGE_CURVE('',#2346,#2347,#107,.T.);
#2907=EDGE_CURVE('',#2347,#2348,#108,.T.);
#2908=EDGE_CURVE('',#2348,#2349,#109,.T.);
#2909=EDGE_CURVE('',#2349,#2350,#110,.T.);
#2910=EDGE_CURVE('',#2350,#2351,#111,.T.);
#2911=EDGE_CURVE('',#2351,#2352,#112,.T.);
#2912=EDGE_CURVE('',#2352,#2353,#113,.T.);
#2913=EDGE_CURVE('',#2353,#2354,#114,.T.);
#2914=EDGE_CURVE('',#2354,#2355,#115,.T.);
#2915=EDGE_CURVE('',#2355,#2356,#116,.T.);
#2916=EDGE_CURVE('',#2356,#2357,#117,.T.);
#2917=EDGE_CURVE('',#2357,#2358,#118,.T.);
#2918=EDGE_CURVE('',#2358,#2359,#119,.T.);
#2919=EDGE_CURVE('',#2359,#2360,#120,.T.);
#2920=EDGE_CURVE('',#2360,#2361,#917,.T.);
#2921=EDGE_CURVE('',#2361,#2362,#121,.T.);
#2922=EDGE_CURVE('',#2362,#2363,#122,.T.);
#2923=EDGE_CURVE('',#2363,#2364,#123,.T.);
#2924=EDGE_CURVE('',#2364,#2365,#124,.T.);
#2925=EDGE_CURVE('',#2365,#2366,#125,.T.);
#2926=EDGE_CURVE('',#2366,#2367,#126,.T.);
#2927=EDGE_CURVE('',#2367,#2368,#127,.T.);
#2928=EDGE_CURVE('',#2368,#2369,#128,.T.);
#2929=EDGE_CURVE('',#2369,#2370,#129,.T.);
#2930=EDGE_CURVE('',#2370,#2371,#130,.T.);
#2931=EDGE_CURVE('',#2371,#2372,#131,.T.);
#2932=EDGE_CURVE('',#2372,#2373,#132,.T.);
#2933=EDGE_CURVE('',#2373,#2339,#133,.T.);
#2934=EDGE_CURVE('',#2374,#2375,#918,.T.);
#2935=EDGE_CURVE('',#2375,#2376,#919,.T.);
#2936=EDGE_CURVE('',#2376,#2377,#920,.T.);
#2937=EDGE_CURVE('',#2377,#2378,#921,.T.);
#2938=EDGE_CURVE('',#2378,#2379,#134,.T.);
#2939=EDGE_CURVE('',#2379,#2380,#135,.T.);
#2940=EDGE_CURVE('',#2380,#2381,#922,.T.);
#2941=EDGE_CURVE('',#2381,#2382,#136,.T.);
#2942=EDGE_CURVE('',#2382,#2374,#137,.T.);
#2943=EDGE_CURVE('',#2383,#2384,#923,.T.);
#2944=EDGE_CURVE('',#2384,#2385,#924,.T.);
#2945=EDGE_CURVE('',#2385,#2386,#925,.T.);
#2946=EDGE_CURVE('',#2386,#2387,#926,.T.);
#2947=EDGE_CURVE('',#2387,#2388,#927,.T.);
#2948=EDGE_CURVE('',#2388,#2389,#928,.T.);
#2949=EDGE_CURVE('',#2389,#2390,#929,.T.);
#2950=EDGE_CURVE('',#2390,#2391,#930,.T.);
#2951=EDGE_CURVE('',#2391,#2392,#931,.T.);
#2952=EDGE_CURVE('',#2392,#2393,#932,.T.);
#2953=EDGE_CURVE('',#2393,#2383,#933,.T.);
#2954=EDGE_CURVE('',#2394,#2395,#934,.T.);
#2955=EDGE_CURVE('',#2395,#2396,#935,.T.);
#2956=EDGE_CURVE('',#2396,#2397,#936,.T.);
#2957=EDGE_CURVE('',#2397,#2398,#937,.T.);
#2958=EDGE_CURVE('',#2398,#2399,#138,.T.);
#2959=EDGE_CURVE('',#2399,#2400,#139,.T.);
#2960=EDGE_CURVE('',#2400,#2401,#140,.T.);
#2961=EDGE_CURVE('',#2401,#2402,#141,.T.);
#2962=EDGE_CURVE('',#2402,#2403,#142,.T.);
#2963=EDGE_CURVE('',#2403,#2404,#143,.T.);
#2964=EDGE_CURVE('',#2404,#2394,#938,.T.);
#2965=EDGE_CURVE('',#2405,#2406,#939,.T.);
#2966=EDGE_CURVE('',#2406,#2407,#940,.T.);
#2967=EDGE_CURVE('',#2407,#2408,#941,.T.);
#2968=EDGE_CURVE('',#2408,#2409,#942,.T.);
#2969=EDGE_CURVE('',#2409,#2410,#943,.T.);
#2970=EDGE_CURVE('',#2410,#2411,#144,.T.);
#2971=EDGE_CURVE('',#2411,#2412,#145,.T.);
#2972=EDGE_CURVE('',#2412,#2413,#146,.T.);
#2973=EDGE_CURVE('',#2413,#2414,#147,.T.);
#2974=EDGE_CURVE('',#2414,#2415,#148,.T.);
#2975=EDGE_CURVE('',#2415,#2416,#149,.T.);
#2976=EDGE_CURVE('',#2416,#2417,#150,.T.);
#2977=EDGE_CURVE('',#2417,#2418,#151,.T.);
#2978=EDGE_CURVE('',#2418,#2419,#152,.T.);
#2979=EDGE_CURVE('',#2419,#2420,#153,.T.);
#2980=EDGE_CURVE('',#2420,#2421,#154,.T.);
#2981=EDGE_CURVE('',#2421,#2422,#944,.T.);
#2982=EDGE_CURVE('',#2422,#2423,#155,.T.);
#2983=EDGE_CURVE('',#2423,#2424,#156,.T.);
#2984=EDGE_CURVE('',#2424,#2425,#157,.T.);
#2985=EDGE_CURVE('',#2425,#2426,#158,.T.);
#2986=EDGE_CURVE('',#2426,#2427,#159,.T.);
#2987=EDGE_CURVE('',#2427,#2428,#160,.T.);
#2988=EDGE_CURVE('',#2428,#2429,#161,.T.);
#2989=EDGE_CURVE('',#2429,#2430,#162,.T.);
#2990=EDGE_CURVE('',#2430,#2431,#163,.T.);
#2991=EDGE_CURVE('',#2431,#2432,#164,.T.);
#2992=EDGE_CURVE('',#2432,#2433,#165,.T.);
#2993=EDGE_CURVE('',#2433,#2405,#166,.T.);
#2994=EDGE_CURVE('',#2434,#2435,#945,.T.);
#2995=EDGE_CURVE('',#2436,#2434,#946,.T.);
#2996=EDGE_CURVE('',#2437,#2436,#947,.T.);
#2997=EDGE_CURVE('',#2435,#2437,#948,.T.);
#2998=EDGE_CURVE('',#2435,#2337,#949,.T.);
#2999=EDGE_CURVE('',#2437,#2338,#950,.T.);
#3000=EDGE_CURVE('',#2436,#2335,#951,.T.);
#3001=EDGE_CURVE('',#2336,#2434,#952,.T.);
#3002=EDGE_CURVE('',#2438,#2332,#953,.T.);
#3003=EDGE_CURVE('',#2331,#2439,#954,.T.);
#3004=EDGE_CURVE('',#2438,#2439,#955,.T.);
#3005=EDGE_CURVE('',#2330,#2440,#956,.T.);
#3006=EDGE_CURVE('',#2439,#2440,#957,.T.);
#3007=EDGE_CURVE('',#2441,#2442,#958,.T.);
#3008=EDGE_CURVE('',#2443,#2442,#959,.T.);
#3009=EDGE_CURVE('',#2444,#2443,#960,.T.);
#3010=EDGE_CURVE('',#2445,#2444,#961,.T.);
#3011=EDGE_CURVE('',#2446,#2445,#962,.T.);
#3012=EDGE_CURVE('',#2447,#2446,#963,.T.);
#3013=EDGE_CURVE('',#2448,#2447,#964,.T.);
#3014=EDGE_CURVE('',#2441,#2448,#965,.T.);
#3015=EDGE_CURVE('',#2449,#2441,#966,.T.);
#3016=EDGE_CURVE('',#2325,#2449,#967,.T.);
#3017=EDGE_CURVE('',#2450,#2334,#968,.T.);
#3018=EDGE_CURVE('',#2442,#2450,#969,.T.);
#3019=EDGE_CURVE('',#2451,#2326,#970,.T.);
#3020=EDGE_CURVE('',#2451,#2449,#971,.T.);
#3021=EDGE_CURVE('',#2327,#2452,#972,.T.);
#3022=EDGE_CURVE('',#2453,#2452,#973,.T.);
#3023=EDGE_CURVE('',#2453,#2328,#974,.T.);
#3024=EDGE_CURVE('',#2454,#2438,#266,.T.);
#3025=EDGE_CURVE('',#2440,#2455,#267,.T.);
#3026=EDGE_CURVE('',#2455,#2453,#975,.T.);
#3027=EDGE_CURVE('',#2452,#2451,#268,.T.);
#3028=EDGE_CURVE('',#2450,#2454,#976,.T.);
#3029=EDGE_CURVE('',#2455,#2329,#977,.T.);
#3030=EDGE_CURVE('',#2333,#2454,#978,.T.);
#3031=EDGE_CURVE('',#2456,#2457,#979,.T.);
#3032=EDGE_CURVE('',#2457,#2458,#980,.T.);
#3033=EDGE_CURVE('',#2458,#2459,#981,.T.);
#3034=EDGE_CURVE('',#2459,#2460,#167,.T.);
#3035=EDGE_CURVE('',#2460,#2461,#168,.T.);
#3036=EDGE_CURVE('',#2461,#2462,#169,.T.);
#3037=EDGE_CURVE('',#2462,#2463,#170,.T.);
#3038=EDGE_CURVE('',#2463,#2456,#171,.T.);
#3039=EDGE_CURVE('',#2464,#2465,#982,.T.);
#3040=EDGE_CURVE('',#2465,#2466,#983,.T.);
#3041=EDGE_CURVE('',#2466,#2464,#984,.T.);
#3042=EDGE_CURVE('',#2467,#2468,#172,.T.);
#3043=EDGE_CURVE('',#2469,#2467,#173,.T.);
#3044=EDGE_CURVE('',#2470,#2469,#174,.T.);
#3045=EDGE_CURVE('',#2471,#2470,#175,.T.);
#3046=EDGE_CURVE('',#2472,#2471,#176,.T.);
#3047=EDGE_CURVE('',#2473,#2472,#177,.T.);
#3048=EDGE_CURVE('',#2474,#2473,#178,.T.);
#3049=EDGE_CURVE('',#2475,#2474,#179,.T.);
#3050=EDGE_CURVE('',#2476,#2475,#180,.T.);
#3051=EDGE_CURVE('',#2477,#2476,#181,.T.);
#3052=EDGE_CURVE('',#2478,#2477,#182,.T.);
#3053=EDGE_CURVE('',#2479,#2478,#183,.T.);
#3054=EDGE_CURVE('',#2480,#2479,#184,.T.);
#3055=EDGE_CURVE('',#2481,#2480,#185,.T.);
#3056=EDGE_CURVE('',#2482,#2481,#186,.T.);
#3057=EDGE_CURVE('',#2483,#2482,#985,.T.);
#3058=EDGE_CURVE('',#2484,#2483,#187,.T.);
#3059=EDGE_CURVE('',#2485,#2484,#188,.T.);
#3060=EDGE_CURVE('',#2486,#2485,#189,.T.);
#3061=EDGE_CURVE('',#2487,#2486,#190,.T.);
#3062=EDGE_CURVE('',#2488,#2487,#191,.T.);
#3063=EDGE_CURVE('',#2489,#2488,#192,.T.);
#3064=EDGE_CURVE('',#2490,#2489,#193,.T.);
#3065=EDGE_CURVE('',#2491,#2490,#194,.T.);
#3066=EDGE_CURVE('',#2492,#2491,#195,.T.);
#3067=EDGE_CURVE('',#2493,#2492,#196,.T.);
#3068=EDGE_CURVE('',#2494,#2493,#197,.T.);
#3069=EDGE_CURVE('',#2495,#2494,#198,.T.);
#3070=EDGE_CURVE('',#2496,#2495,#199,.T.);
#3071=EDGE_CURVE('',#2497,#2496,#200,.T.);
#3072=EDGE_CURVE('',#2498,#2497,#201,.T.);
#3073=EDGE_CURVE('',#2499,#2498,#202,.T.);
#3074=EDGE_CURVE('',#2500,#2499,#203,.T.);
#3075=EDGE_CURVE('',#2501,#2500,#204,.T.);
#3076=EDGE_CURVE('',#2468,#2501,#986,.T.);
#3077=EDGE_CURVE('',#2340,#2467,#987,.T.);
#3078=EDGE_CURVE('',#2341,#2468,#988,.T.);
#3079=EDGE_CURVE('',#2342,#2501,#989,.T.);
#3080=EDGE_CURVE('',#2343,#2500,#990,.T.);
#3081=EDGE_CURVE('',#2344,#2499,#991,.T.);
#3082=EDGE_CURVE('',#2345,#2498,#992,.T.);
#3083=EDGE_CURVE('',#2346,#2497,#993,.T.);
#3084=EDGE_CURVE('',#2347,#2496,#994,.T.);
#3085=EDGE_CURVE('',#2348,#2495,#995,.T.);
#3086=EDGE_CURVE('',#2349,#2494,#996,.T.);
#3087=EDGE_CURVE('',#2350,#2493,#997,.T.);
#3088=EDGE_CURVE('',#2351,#2492,#998,.T.);
#3089=EDGE_CURVE('',#2352,#2491,#999,.T.);
#3090=EDGE_CURVE('',#2353,#2490,#1000,.T.);
#3091=EDGE_CURVE('',#2354,#2489,#1001,.T.);
#3092=EDGE_CURVE('',#2355,#2488,#1002,.T.);
#3093=EDGE_CURVE('',#2356,#2487,#1003,.T.);
#3094=EDGE_CURVE('',#2357,#2486,#1004,.T.);
#3095=EDGE_CURVE('',#2358,#2485,#1005,.T.);
#3096=EDGE_CURVE('',#2359,#2484,#1006,.T.);
#3097=EDGE_CURVE('',#2360,#2483,#1007,.T.);
#3098=EDGE_CURVE('',#2361,#2482,#1008,.T.);
#3099=EDGE_CURVE('',#2362,#2481,#1009,.T.);
#3100=EDGE_CURVE('',#2363,#2480,#1010,.T.);
#3101=EDGE_CURVE('',#2364,#2479,#1011,.T.);
#3102=EDGE_CURVE('',#2365,#2478,#1012,.T.);
#3103=EDGE_CURVE('',#2366,#2477,#1013,.T.);
#3104=EDGE_CURVE('',#2367,#2476,#1014,.T.);
#3105=EDGE_CURVE('',#2368,#2475,#1015,.T.);
#3106=EDGE_CURVE('',#2369,#2474,#1016,.T.);
#3107=EDGE_CURVE('',#2370,#2473,#1017,.T.);
#3108=EDGE_CURVE('',#2371,#2472,#1018,.T.);
#3109=EDGE_CURVE('',#2372,#2471,#1019,.T.);
#3110=EDGE_CURVE('',#2373,#2470,#1020,.T.);
#3111=EDGE_CURVE('',#2339,#2469,#1021,.T.);
#3112=EDGE_CURVE('',#2502,#2503,#1022,.T.);
#3113=EDGE_CURVE('',#2504,#2502,#1023,.T.);
#3114=EDGE_CURVE('',#2505,#2504,#205,.T.);
#3115=EDGE_CURVE('',#2506,#2505,#206,.T.);
#3116=EDGE_CURVE('',#2507,#2506,#1024,.T.);
#3117=EDGE_CURVE('',#2508,#2507,#207,.T.);
#3118=EDGE_CURVE('',#2509,#2508,#208,.T.);
#3119=EDGE_CURVE('',#2510,#2509,#1025,.T.);
#3120=EDGE_CURVE('',#2503,#2510,#1026,.T.);
#3121=EDGE_CURVE('',#2375,#2502,#1027,.T.);
#3122=EDGE_CURVE('',#2376,#2503,#1028,.T.);
#3123=EDGE_CURVE('',#2377,#2510,#1029,.T.);
#3124=EDGE_CURVE('',#2378,#2509,#1030,.T.);
#3125=EDGE_CURVE('',#2379,#2508,#1031,.T.);
#3126=EDGE_CURVE('',#2380,#2507,#1032,.T.);
#3127=EDGE_CURVE('',#2381,#2506,#1033,.T.);
#3128=EDGE_CURVE('',#2382,#2505,#1034,.T.);
#3129=EDGE_CURVE('',#2374,#2504,#1035,.T.);
#3130=EDGE_CURVE('',#2511,#2512,#1036,.T.);
#3131=EDGE_CURVE('',#2513,#2511,#1037,.T.);
#3132=EDGE_CURVE('',#2514,#2513,#1038,.T.);
#3133=EDGE_CURVE('',#2515,#2514,#1039,.T.);
#3134=EDGE_CURVE('',#2516,#2515,#1040,.T.);
#3135=EDGE_CURVE('',#2517,#2516,#1041,.T.);
#3136=EDGE_CURVE('',#2518,#2517,#1042,.T.);
#3137=EDGE_CURVE('',#2519,#2518,#1043,.T.);
#3138=EDGE_CURVE('',#2520,#2519,#1044,.T.);
#3139=EDGE_CURVE('',#2521,#2520,#1045,.T.);
#3140=EDGE_CURVE('',#2512,#2521,#1046,.T.);
#3141=EDGE_CURVE('',#2522,#2523,#1047,.T.);
#3142=EDGE_CURVE('',#2524,#2522,#1048,.T.);
#3143=EDGE_CURVE('',#2523,#2524,#1049,.T.);
#3144=EDGE_CURVE('',#2384,#2511,#1050,.T.);
#3145=EDGE_CURVE('',#2385,#2512,#1051,.T.);
#3146=EDGE_CURVE('',#2386,#2521,#1052,.T.);
#3147=EDGE_CURVE('',#2387,#2520,#1053,.T.);
#3148=EDGE_CURVE('',#2388,#2519,#1054,.T.);
#3149=EDGE_CURVE('',#2389,#2518,#1055,.T.);
#3150=EDGE_CURVE('',#2390,#2517,#1056,.T.);
#3151=EDGE_CURVE('',#2391,#2516,#1057,.T.);
#3152=EDGE_CURVE('',#2392,#2515,#1058,.T.);
#3153=EDGE_CURVE('',#2393,#2514,#1059,.T.);
#3154=EDGE_CURVE('',#2383,#2513,#1060,.T.);
#3155=EDGE_CURVE('',#2465,#2522,#1061,.T.);
#3156=EDGE_CURVE('',#2466,#2523,#1062,.T.);
#3157=EDGE_CURVE('',#2464,#2524,#1063,.T.);
#3158=EDGE_CURVE('',#2525,#2526,#1064,.T.);
#3159=EDGE_CURVE('',#2527,#2525,#1065,.T.);
#3160=EDGE_CURVE('',#2528,#2527,#1066,.T.);
#3161=EDGE_CURVE('',#2529,#2528,#209,.T.);
#3162=EDGE_CURVE('',#2530,#2529,#210,.T.);
#3163=EDGE_CURVE('',#2531,#2530,#211,.T.);
#3164=EDGE_CURVE('',#2532,#2531,#212,.T.);
#3165=EDGE_CURVE('',#2533,#2532,#213,.T.);
#3166=EDGE_CURVE('',#2534,#2533,#214,.T.);
#3167=EDGE_CURVE('',#2535,#2534,#1067,.T.);
#3168=EDGE_CURVE('',#2526,#2535,#1068,.T.);
#3169=EDGE_CURVE('',#2536,#2537,#1069,.T.);
#3170=EDGE_CURVE('',#2538,#2536,#1070,.T.);
#3171=EDGE_CURVE('',#2539,#2538,#215,.T.);
#3172=EDGE_CURVE('',#2540,#2539,#216,.T.);
#3173=EDGE_CURVE('',#2541,#2540,#217,.T.);
#3174=EDGE_CURVE('',#2542,#2541,#218,.T.);
#3175=EDGE_CURVE('',#2543,#2542,#219,.T.);
#3176=EDGE_CURVE('',#2537,#2543,#1071,.T.);
#3177=EDGE_CURVE('',#2395,#2525,#1072,.T.);
#3178=EDGE_CURVE('',#2396,#2526,#1073,.T.);
#3179=EDGE_CURVE('',#2397,#2535,#1074,.T.);
#3180=EDGE_CURVE('',#2398,#2534,#1075,.T.);
#3181=EDGE_CURVE('',#2399,#2533,#1076,.T.);
#3182=EDGE_CURVE('',#2400,#2532,#1077,.T.);
#3183=EDGE_CURVE('',#2401,#2531,#1078,.T.);
#3184=EDGE_CURVE('',#2402,#2530,#1079,.T.);
#3185=EDGE_CURVE('',#2403,#2529,#1080,.T.);
#3186=EDGE_CURVE('',#2404,#2528,#1081,.T.);
#3187=EDGE_CURVE('',#2394,#2527,#1082,.T.);
#3188=EDGE_CURVE('',#2457,#2536,#1083,.T.);
#3189=EDGE_CURVE('',#2458,#2537,#1084,.T.);
#3190=EDGE_CURVE('',#2459,#2543,#1085,.T.);
#3191=EDGE_CURVE('',#2460,#2542,#1086,.T.);
#3192=EDGE_CURVE('',#2461,#2541,#1087,.T.);
#3193=EDGE_CURVE('',#2462,#2540,#1088,.T.);
#3194=EDGE_CURVE('',#2463,#2539,#1089,.T.);
#3195=EDGE_CURVE('',#2456,#2538,#1090,.T.);
#3196=EDGE_CURVE('',#2544,#2545,#1091,.T.);
#3197=EDGE_CURVE('',#2546,#2544,#1092,.T.);
#3198=EDGE_CURVE('',#2547,#2546,#220,.T.);
#3199=EDGE_CURVE('',#2548,#2547,#221,.T.);
#3200=EDGE_CURVE('',#2549,#2548,#222,.T.);
#3201=EDGE_CURVE('',#2550,#2549,#223,.T.);
#3202=EDGE_CURVE('',#2551,#2550,#224,.T.);
#3203=EDGE_CURVE('',#2552,#2551,#225,.T.);
#3204=EDGE_CURVE('',#2553,#2552,#226,.T.);
#3205=EDGE_CURVE('',#2554,#2553,#227,.T.);
#3206=EDGE_CURVE('',#2555,#2554,#228,.T.);
#3207=EDGE_CURVE('',#2556,#2555,#229,.T.);
#3208=EDGE_CURVE('',#2557,#2556,#230,.T.);
#3209=EDGE_CURVE('',#2558,#2557,#231,.T.);
#3210=EDGE_CURVE('',#2559,#2558,#1093,.T.);
#3211=EDGE_CURVE('',#2560,#2559,#232,.T.);
#3212=EDGE_CURVE('',#2561,#2560,#233,.T.);
#3213=EDGE_CURVE('',#2562,#2561,#234,.T.);
#3214=EDGE_CURVE('',#2563,#2562,#235,.T.);
#3215=EDGE_CURVE('',#2564,#2563,#236,.T.);
#3216=EDGE_CURVE('',#2565,#2564,#237,.T.);
#3217=EDGE_CURVE('',#2566,#2565,#238,.T.);
#3218=EDGE_CURVE('',#2567,#2566,#239,.T.);
#3219=EDGE_CURVE('',#2568,#2567,#240,.T.);
#3220=EDGE_CURVE('',#2569,#2568,#241,.T.);
#3221=EDGE_CURVE('',#2570,#2569,#242,.T.);
#3222=EDGE_CURVE('',#2571,#2570,#1094,.T.);
#3223=EDGE_CURVE('',#2572,#2571,#1095,.T.);
#3224=EDGE_CURVE('',#2545,#2572,#1096,.T.);
#3225=EDGE_CURVE('',#2406,#2544,#1097,.T.);
#3226=EDGE_CURVE('',#2407,#2545,#1098,.T.);
#3227=EDGE_CURVE('',#2408,#2572,#1099,.T.);
#3228=EDGE_CURVE('',#2409,#2571,#1100,.T.);
#3229=EDGE_CURVE('',#2410,#2570,#1101,.T.);
#3230=EDGE_CURVE('',#2411,#2569,#1102,.T.);
#3231=EDGE_CURVE('',#2412,#2568,#1103,.T.);
#3232=EDGE_CURVE('',#2413,#2567,#1104,.T.);
#3233=EDGE_CURVE('',#2414,#2566,#1105,.T.);
#3234=EDGE_CURVE('',#2415,#2565,#1106,.T.);
#3235=EDGE_CURVE('',#2416,#2564,#1107,.T.);
#3236=EDGE_CURVE('',#2417,#2563,#1108,.T.);
#3237=EDGE_CURVE('',#2418,#2562,#1109,.T.);
#3238=EDGE_CURVE('',#2419,#2561,#1110,.T.);
#3239=EDGE_CURVE('',#2420,#2560,#1111,.T.);
#3240=EDGE_CURVE('',#2421,#2559,#1112,.T.);
#3241=EDGE_CURVE('',#2422,#2558,#1113,.T.);
#3242=EDGE_CURVE('',#2423,#2557,#1114,.T.);
#3243=EDGE_CURVE('',#2424,#2556,#1115,.T.);
#3244=EDGE_CURVE('',#2425,#2555,#1116,.T.);
#3245=EDGE_CURVE('',#2426,#2554,#1117,.T.);
#3246=EDGE_CURVE('',#2427,#2553,#1118,.T.);
#3247=EDGE_CURVE('',#2428,#2552,#1119,.T.);
#3248=EDGE_CURVE('',#2429,#2551,#1120,.T.);
#3249=EDGE_CURVE('',#2430,#2550,#1121,.T.);
#3250=EDGE_CURVE('',#2431,#2549,#1122,.T.);
#3251=EDGE_CURVE('',#2432,#2548,#1123,.T.);
#3252=EDGE_CURVE('',#2433,#2547,#1124,.T.);
#3253=EDGE_CURVE('',#2405,#2546,#1125,.T.);
#3254=EDGE_CURVE('',#2573,#2574,#1126,.T.);
#3255=EDGE_CURVE('',#2573,#2575,#1127,.T.);
#3256=EDGE_CURVE('',#2575,#2576,#1128,.T.);
#3257=EDGE_CURVE('',#2576,#2577,#1129,.T.);
#3258=EDGE_CURVE('',#2577,#2578,#1130,.T.);
#3259=EDGE_CURVE('',#2578,#2579,#1131,.T.);
#3260=EDGE_CURVE('',#2579,#2580,#1132,.T.);
#3261=EDGE_CURVE('',#2581,#2580,#1133,.T.);
#3262=EDGE_CURVE('',#2581,#2582,#1134,.T.);
#3263=EDGE_CURVE('',#2582,#2583,#1135,.T.);
#3264=EDGE_CURVE('',#2583,#2584,#1136,.T.);
#3265=EDGE_CURVE('',#2584,#2585,#1137,.T.);
#3266=EDGE_CURVE('',#2585,#2586,#1138,.T.);
#3267=EDGE_CURVE('',#2587,#2586,#1139,.T.);
#3268=EDGE_CURVE('',#2584,#2587,#1140,.T.);
#3269=EDGE_CURVE('',#2584,#2588,#1141,.T.);
#3270=EDGE_CURVE('',#2588,#2589,#1142,.T.);
#3271=EDGE_CURVE('',#2589,#2577,#1143,.T.);
#3272=EDGE_CURVE('',#2590,#2577,#1144,.T.);
#3273=EDGE_CURVE('',#2591,#2590,#1145,.T.);
#3274=EDGE_CURVE('',#2592,#2591,#1146,.T.);
#3275=EDGE_CURVE('',#2593,#2592,#1147,.T.);
#3276=EDGE_CURVE('',#2594,#2593,#1148,.T.);
#3277=EDGE_CURVE('',#2595,#2594,#1149,.T.);
#3278=EDGE_CURVE('',#2596,#2595,#1150,.T.);
#3279=EDGE_CURVE('',#2597,#2596,#1151,.T.);
#3280=EDGE_CURVE('',#2598,#2597,#1152,.T.);
#3281=EDGE_CURVE('',#2599,#2598,#1153,.T.);
#3282=EDGE_CURVE('',#2599,#2600,#1154,.T.);
#3283=EDGE_CURVE('',#2600,#2601,#1155,.T.);
#3284=EDGE_CURVE('',#2602,#2601,#1156,.T.);
#3285=EDGE_CURVE('',#2603,#2602,#1157,.T.);
#3286=EDGE_CURVE('',#2603,#2604,#1158,.T.);
#3287=EDGE_CURVE('',#2604,#2605,#1159,.T.);
#3288=EDGE_CURVE('',#2606,#2605,#1160,.T.);
#3289=EDGE_CURVE('',#2606,#2607,#1161,.T.);
#3290=EDGE_CURVE('',#2607,#2608,#1162,.T.);
#3291=EDGE_CURVE('',#2608,#2574,#1163,.T.);
#3292=EDGE_CURVE('',#2609,#2610,#1164,.T.);
#3293=EDGE_CURVE('',#2611,#2610,#1165,.T.);
#3294=EDGE_CURVE('',#2611,#2612,#1166,.T.);
#3295=EDGE_CURVE('',#2613,#2612,#1167,.T.);
#3296=EDGE_CURVE('',#2613,#2614,#1168,.T.);
#3297=EDGE_CURVE('',#2615,#2614,#1169,.T.);
#3298=EDGE_CURVE('',#2615,#2616,#1170,.T.);
#3299=EDGE_CURVE('',#2617,#2616,#1171,.T.);
#3300=EDGE_CURVE('',#2617,#2618,#1172,.T.);
#3301=EDGE_CURVE('',#2619,#2618,#1173,.T.);
#3302=EDGE_CURVE('',#2619,#2620,#1174,.T.);
#3303=EDGE_CURVE('',#2621,#2620,#1175,.T.);
#3304=EDGE_CURVE('',#2621,#2622,#1176,.T.);
#3305=EDGE_CURVE('',#2623,#2622,#1177,.T.);
#3306=EDGE_CURVE('',#2623,#2624,#1178,.T.);
#3307=EDGE_CURVE('',#2625,#2624,#1179,.T.);
#3308=EDGE_CURVE('',#2625,#2626,#1180,.T.);
#3309=EDGE_CURVE('',#2626,#2627,#1181,.T.);
#3310=EDGE_CURVE('',#2627,#2628,#1182,.T.);
#3311=EDGE_CURVE('',#2629,#2628,#1183,.T.);
#3312=EDGE_CURVE('',#2630,#2629,#1184,.T.);
#3313=EDGE_CURVE('',#2630,#2631,#1185,.T.);
#3314=EDGE_CURVE('',#2632,#2631,#1186,.T.);
#3315=EDGE_CURVE('',#2632,#2633,#1187,.T.);
#3316=EDGE_CURVE('',#2634,#2633,#1188,.T.);
#3317=EDGE_CURVE('',#2634,#2635,#1189,.T.);
#3318=EDGE_CURVE('',#2636,#2635,#1190,.T.);
#3319=EDGE_CURVE('',#2636,#2637,#1191,.T.);
#3320=EDGE_CURVE('',#2638,#2637,#1192,.T.);
#3321=EDGE_CURVE('',#2638,#2639,#1193,.T.);
#3322=EDGE_CURVE('',#2609,#2639,#1194,.T.);
#3323=EDGE_CURVE('',#2581,#2628,#1195,.T.);
#3324=EDGE_CURVE('',#2582,#2627,#1196,.T.);
#3325=EDGE_CURVE('',#2583,#2626,#1197,.T.);
#3326=EDGE_CURVE('',#2640,#2641,#1198,.T.);
#3327=EDGE_CURVE('',#2641,#2642,#1199,.T.);
#3328=EDGE_CURVE('',#2642,#2643,#1200,.T.);
#3329=EDGE_CURVE('',#2643,#2644,#1201,.T.);
#3330=EDGE_CURVE('',#2644,#2645,#1202,.T.);
#3331=EDGE_CURVE('',#2645,#2646,#1203,.T.);
#3332=EDGE_CURVE('',#2646,#2647,#1204,.T.);
#3333=EDGE_CURVE('',#2647,#2648,#1205,.T.);
#3334=EDGE_CURVE('',#2648,#2649,#1206,.T.);
#3335=EDGE_CURVE('',#2649,#2650,#1207,.T.);
#3336=EDGE_CURVE('',#2650,#2629,#1208,.T.);
#3337=EDGE_CURVE('',#2580,#2651,#1209,.T.);
#3338=EDGE_CURVE('',#2651,#2640,#1210,.T.);
#3339=EDGE_CURVE('',#2584,#2625,#1211,.T.);
#3340=EDGE_CURVE('',#2652,#2625,#1212,.T.);
#3341=EDGE_CURVE('',#2652,#2588,#1213,.T.);
#3342=EDGE_CURVE('',#2649,#2653,#1214,.T.);
#3343=EDGE_CURVE('',#2653,#2654,#1215,.T.);
#3344=EDGE_CURVE('',#2654,#2650,#1216,.T.);
#3345=EDGE_CURVE('',#2655,#2648,#1217,.T.);
#3346=EDGE_CURVE('',#2655,#2653,#1218,.T.);
#3347=EDGE_CURVE('',#2654,#2631,#1219,.T.);
#3348=EDGE_CURVE('',#2578,#2632,#1220,.T.);
#3349=EDGE_CURVE('',#2655,#2656,#1221,.T.);
#3350=EDGE_CURVE('',#2657,#2656,#1222,.T.);
#3351=EDGE_CURVE('',#2658,#2657,#1223,.T.);
#3352=EDGE_CURVE('',#2659,#2658,#1224,.T.);
#3353=EDGE_CURVE('',#2660,#2659,#1225,.T.);
#3354=EDGE_CURVE('',#2579,#2660,#1226,.T.);
#3355=EDGE_CURVE('',#2656,#2647,#1227,.T.);
#3356=EDGE_CURVE('',#2661,#2609,#1228,.T.);
#3357=EDGE_CURVE('',#2662,#2609,#1229,.T.);
#3358=EDGE_CURVE('',#2662,#2663,#1230,.T.);
#3359=EDGE_CURVE('',#2663,#2664,#1231,.T.);
#3360=EDGE_CURVE('',#2664,#2636,#1232,.T.);
#3361=EDGE_CURVE('',#2636,#2633,#1233,.T.);
#3362=EDGE_CURVE('',#2633,#2665,#1234,.T.);
#3363=EDGE_CURVE('',#2652,#2665,#1235,.T.);
#3364=EDGE_CURVE('',#2666,#2625,#1236,.T.);
#3365=EDGE_CURVE('',#2666,#2667,#1237,.T.);
#3366=EDGE_CURVE('',#2667,#2668,#1238,.T.);
#3367=EDGE_CURVE('',#2668,#2621,#1239,.T.);
#3368=EDGE_CURVE('',#2669,#2621,#1240,.T.);
#3369=EDGE_CURVE('',#2669,#2670,#1241,.T.);
#3370=EDGE_CURVE('',#2670,#2671,#1242,.T.);
#3371=EDGE_CURVE('',#2671,#2617,#1243,.T.);
#3372=EDGE_CURVE('',#2672,#2617,#1244,.T.);
#3373=EDGE_CURVE('',#2672,#2673,#1245,.T.);
#3374=EDGE_CURVE('',#2673,#2674,#1246,.T.);
#3375=EDGE_CURVE('',#2674,#2613,#1247,.T.);
#3376=EDGE_CURVE('',#2675,#2613,#1248,.T.);
#3377=EDGE_CURVE('',#2675,#2676,#1249,.T.);
#3378=EDGE_CURVE('',#2676,#2661,#1250,.T.);
#3379=EDGE_CURVE('',#2640,#2659,#1251,.T.);
#3380=EDGE_CURVE('',#2641,#2658,#1252,.T.);
#3381=EDGE_CURVE('',#2651,#2660,#1253,.T.);
#3382=EDGE_CURVE('',#2657,#2642,#1254,.T.);
#3383=EDGE_CURVE('',#2677,#2646,#1255,.T.);
#3384=EDGE_CURVE('',#2677,#2678,#1256,.T.);
#3385=EDGE_CURVE('',#2678,#2643,#1257,.T.);
#3386=EDGE_CURVE('',#2679,#2620,#1258,.T.);
#3387=EDGE_CURVE('',#2680,#2679,#1259,.T.);
#3388=EDGE_CURVE('',#2681,#2680,#1260,.T.);
#3389=EDGE_CURVE('',#2621,#2681,#1261,.T.);
#3390=EDGE_CURVE('',#2682,#2622,#1262,.T.);
#3391=EDGE_CURVE('',#2683,#2682,#1263,.T.);
#3392=EDGE_CURVE('',#2683,#2684,#1264,.T.);
#3393=EDGE_CURVE('',#2623,#2684,#1265,.T.);
#3394=EDGE_CURVE('',#2682,#2681,#1266,.T.);
#3395=EDGE_CURVE('',#2680,#2683,#1267,.T.);
#3396=EDGE_CURVE('',#2619,#2685,#1268,.T.);
#3397=EDGE_CURVE('',#2685,#2679,#1269,.T.);
#3398=EDGE_CURVE('',#2686,#2618,#1270,.T.);
#3399=EDGE_CURVE('',#2686,#2687,#1271,.T.);
#3400=EDGE_CURVE('',#2687,#2685,#1272,.T.);
#3401=EDGE_CURVE('',#2686,#2688,#1273,.T.);
#3402=EDGE_CURVE('',#2689,#2688,#1274,.T.);
#3403=EDGE_CURVE('',#2687,#2689,#1275,.T.);
#3404=EDGE_CURVE('',#2690,#2616,#1276,.T.);
#3405=EDGE_CURVE('',#2689,#2690,#1277,.T.);
#3406=EDGE_CURVE('',#2617,#2688,#1278,.T.);
#3407=EDGE_CURVE('',#2684,#2691,#1279,.T.);
#3408=EDGE_CURVE('',#2691,#2624,#1280,.T.);
#3409=EDGE_CURVE('',#2692,#2614,#1281,.T.);
#3410=EDGE_CURVE('',#2692,#2693,#1282,.T.);
#3411=EDGE_CURVE('',#2693,#2694,#1283,.T.);
#3412=EDGE_CURVE('',#2615,#2694,#1284,.T.);
#3413=EDGE_CURVE('',#2692,#2695,#1285,.T.);
#3414=EDGE_CURVE('',#2696,#2695,#1286,.T.);
#3415=EDGE_CURVE('',#2693,#2696,#1287,.T.);
#3416=EDGE_CURVE('',#2697,#2612,#1288,.T.);
#3417=EDGE_CURVE('',#2696,#2697,#1289,.T.);
#3418=EDGE_CURVE('',#2613,#2695,#1290,.T.);
#3419=EDGE_CURVE('',#2694,#2690,#1291,.T.);
#3420=EDGE_CURVE('',#2698,#2610,#1292,.T.);
#3421=EDGE_CURVE('',#2698,#2699,#1293,.T.);
#3422=EDGE_CURVE('',#2699,#2700,#1294,.T.);
#3423=EDGE_CURVE('',#2611,#2700,#1295,.T.);
#3424=EDGE_CURVE('',#2698,#2701,#1296,.T.);
#3425=EDGE_CURVE('',#2702,#2701,#1297,.T.);
#3426=EDGE_CURVE('',#2699,#2702,#1298,.T.);
#3427=EDGE_CURVE('',#2703,#2639,#1299,.T.);
#3428=EDGE_CURVE('',#2702,#2703,#1300,.T.);
#3429=EDGE_CURVE('',#2609,#2701,#1301,.T.);
#3430=EDGE_CURVE('',#2700,#2697,#1302,.T.);
#3431=EDGE_CURVE('',#2704,#2637,#1303,.T.);
#3432=EDGE_CURVE('',#2704,#2705,#1304,.T.);
#3433=EDGE_CURVE('',#2705,#2706,#1305,.T.);
#3434=EDGE_CURVE('',#2638,#2706,#1306,.T.);
#3435=EDGE_CURVE('',#2704,#2707,#1307,.T.);
#3436=EDGE_CURVE('',#2708,#2707,#1308,.T.);
#3437=EDGE_CURVE('',#2705,#2708,#1309,.T.);
#3438=EDGE_CURVE('',#2709,#2635,#1310,.T.);
#3439=EDGE_CURVE('',#2708,#2709,#1311,.T.);
#3440=EDGE_CURVE('',#2636,#2707,#1312,.T.);
#3441=EDGE_CURVE('',#2706,#2703,#1313,.T.);
#3442=EDGE_CURVE('',#2710,#2633,#1314,.T.);
#3443=EDGE_CURVE('',#2711,#2710,#1315,.T.);
#3444=EDGE_CURVE('',#2711,#2634,#1316,.T.);
#3445=EDGE_CURVE('',#2712,#2691,#1317,.T.);
#3446=EDGE_CURVE('',#2625,#2712,#1318,.T.);
#3447=EDGE_CURVE('',#2711,#2709,#1319,.T.);
#3448=EDGE_CURVE('',#2707,#2710,#1320,.T.);
#3449=EDGE_CURVE('',#2713,#2645,#1321,.T.);
#3450=EDGE_CURVE('',#2713,#2677,#1322,.T.);
#3451=EDGE_CURVE('',#2701,#2704,#1323,.T.);
#3452=EDGE_CURVE('',#2695,#2698,#1324,.T.);
#3453=EDGE_CURVE('',#2688,#2692,#1325,.T.);
#3454=EDGE_CURVE('',#2681,#2686,#1326,.T.);
#3455=EDGE_CURVE('',#2712,#2682,#1327,.T.);
#3456=EDGE_CURVE('',#2633,#2577,#1328,.T.);
#3457=EDGE_CURVE('',#2665,#2589,#1329,.T.);
#3458=EDGE_CURVE('',#2713,#2714,#1330,.T.);
#3459=EDGE_CURVE('',#2714,#2678,#1331,.T.);
#3460=EDGE_CURVE('',#2714,#2644,#1332,.T.);
#3461=EDGE_CURVE('',#2715,#2590,#1333,.T.);
#3462=EDGE_CURVE('',#2577,#2716,#1334,.T.);
#3463=EDGE_CURVE('',#2715,#2716,#1335,.T.);
#3464=EDGE_CURVE('',#2717,#2718,#1336,.T.);
#3465=EDGE_CURVE('',#2719,#2717,#1337,.T.);
#3466=EDGE_CURVE('',#2719,#2720,#1338,.T.);
#3467=EDGE_CURVE('',#2718,#2720,#1339,.T.);
#3468=EDGE_CURVE('',#2575,#2721,#1340,.T.);
#3469=EDGE_CURVE('',#2722,#2721,#1341,.T.);
#3470=EDGE_CURVE('',#2722,#2718,#1342,.T.);
#3471=EDGE_CURVE('',#2720,#2723,#1343,.T.);
#3472=EDGE_CURVE('',#2724,#2723,#1344,.T.);
#3473=EDGE_CURVE('',#2576,#2724,#1345,.T.);
#3474=EDGE_CURVE('',#2607,#2725,#1346,.T.);
#3475=EDGE_CURVE('',#2726,#2725,#1347,.T.);
#3476=EDGE_CURVE('',#2726,#2608,#1348,.T.);
#3477=EDGE_CURVE('',#2727,#2592,#1349,.T.);
#3478=EDGE_CURVE('',#2591,#2728,#1350,.T.);
#3479=EDGE_CURVE('',#2727,#2728,#1351,.T.);
#3480=EDGE_CURVE('',#2729,#2586,#1352,.T.);
#3481=EDGE_CURVE('',#2730,#2585,#1353,.T.);
#3482=EDGE_CURVE('',#2729,#2730,#1354,.T.);
#3483=EDGE_CURVE('',#2731,#2732,#1355,.T.);
#3484=EDGE_CURVE('',#2732,#2733,#1356,.T.);
#3485=EDGE_CURVE('',#2733,#2734,#1357,.T.);
#3486=EDGE_CURVE('',#2731,#2734,#1358,.T.);
#3487=EDGE_CURVE('',#2735,#2729,#1359,.T.);
#3488=EDGE_CURVE('',#2736,#2730,#1360,.T.);
#3489=EDGE_CURVE('',#2736,#2735,#1361,.T.);
#3490=EDGE_CURVE('',#2737,#2738,#1362,.T.);
#3491=EDGE_CURVE('',#2738,#2739,#1363,.T.);
#3492=EDGE_CURVE('',#2739,#2740,#1364,.T.);
#3493=EDGE_CURVE('',#2737,#2740,#1365,.T.);
#3494=EDGE_CURVE('',#2741,#2742,#1366,.T.);
#3495=EDGE_CURVE('',#2742,#2726,#1367,.T.);
#3496=EDGE_CURVE('',#2741,#2725,#1368,.T.);
#3497=EDGE_CURVE('',#2715,#2723,#1369,.T.);
#3498=EDGE_CURVE('',#2716,#2724,#1370,.T.);
#3499=EDGE_CURVE('',#2728,#2722,#1371,.T.);
#3500=EDGE_CURVE('',#2727,#2721,#1372,.T.);
#3501=EDGE_CURVE('',#2741,#2594,#1373,.T.);
#3502=EDGE_CURVE('',#2593,#2742,#1374,.T.);
#3503=EDGE_CURVE('',#2603,#2740,#1375,.T.);
#3504=EDGE_CURVE('',#2739,#2604,#1376,.T.);
#3505=EDGE_CURVE('',#2737,#2596,#1377,.T.);
#3506=EDGE_CURVE('',#2595,#2738,#1378,.T.);
#3507=EDGE_CURVE('',#2599,#2734,#1379,.T.);
#3508=EDGE_CURVE('',#2733,#2600,#1380,.T.);
#3509=EDGE_CURVE('',#2731,#2598,#1381,.T.);
#3510=EDGE_CURVE('',#2597,#2732,#1382,.T.);
#3511=EDGE_CURVE('',#2587,#2735,#1383,.T.);
#3512=EDGE_CURVE('',#2736,#2584,#1384,.T.);
#3513=EDGE_CURVE('',#2743,#2636,#1385,.T.);
#3514=EDGE_CURVE('',#2744,#2743,#1386,.T.);
#3515=EDGE_CURVE('',#2745,#2744,#1387,.T.);
#3516=EDGE_CURVE('',#2662,#2745,#1388,.T.);
#3517=EDGE_CURVE('',#2591,#2744,#1389,.T.);
#3518=EDGE_CURVE('',#2746,#2744,#1390,.T.);
#3519=EDGE_CURVE('',#2746,#2717,#1391,.T.);
#3520=EDGE_CURVE('',#2719,#2747,#1392,.T.);
#3521=EDGE_CURVE('',#2747,#2743,#1393,.T.);
#3522=EDGE_CURVE('',#2590,#2743,#1394,.T.);
#3523=EDGE_CURVE('',#2744,#2743,#1395,.T.);
#3524=EDGE_CURVE('',#2746,#2747,#1396,.T.);
#3525=EDGE_CURVE('',#2748,#2664,#1397,.T.);
#3526=EDGE_CURVE('',#2743,#2748,#1398,.T.);
#3527=EDGE_CURVE('',#2749,#2745,#1399,.T.);
#3528=EDGE_CURVE('',#2663,#2749,#1400,.T.);
#3529=EDGE_CURVE('',#2749,#2748,#1401,.T.);
#3530=EDGE_CURVE('',#2750,#2613,#1402,.T.);
#3531=EDGE_CURVE('',#2751,#2750,#1403,.T.);
#3532=EDGE_CURVE('',#2752,#2751,#1404,.T.);
#3533=EDGE_CURVE('',#2672,#2752,#1405,.T.);
#3534=EDGE_CURVE('',#2595,#2751,#1406,.T.);
#3535=EDGE_CURVE('',#2753,#2751,#1407,.T.);
#3536=EDGE_CURVE('',#2753,#2605,#1408,.T.);
#3537=EDGE_CURVE('',#2594,#2750,#1409,.T.);
#3538=EDGE_CURVE('',#2751,#2750,#1410,.T.);
#3539=EDGE_CURVE('',#2606,#2754,#1411,.T.);
#3540=EDGE_CURVE('',#2754,#2750,#1412,.T.);
#3541=EDGE_CURVE('',#2753,#2754,#1413,.T.);
#3542=EDGE_CURVE('',#2755,#2674,#1414,.T.);
#3543=EDGE_CURVE('',#2750,#2755,#1415,.T.);
#3544=EDGE_CURVE('',#2756,#2755,#1416,.T.);
#3545=EDGE_CURVE('',#2756,#2752,#1417,.T.);
#3546=EDGE_CURVE('',#2673,#2756,#1418,.T.);
#3547=EDGE_CURVE('',#2757,#2621,#1419,.T.);
#3548=EDGE_CURVE('',#2758,#2757,#1420,.T.);
#3549=EDGE_CURVE('',#2666,#2758,#1421,.T.);
#3550=EDGE_CURVE('',#2667,#2759,#1422,.T.);
#3551=EDGE_CURVE('',#2759,#2760,#1423,.T.);
#3552=EDGE_CURVE('',#2760,#2668,#1424,.T.);
#3553=EDGE_CURVE('',#2759,#2758,#1425,.T.);
#3554=EDGE_CURVE('',#2757,#2760,#1426,.T.);
#3555=EDGE_CURVE('',#2597,#2761,#1427,.T.);
#3556=EDGE_CURVE('',#2762,#2761,#1428,.T.);
#3557=EDGE_CURVE('',#2762,#2601,#1429,.T.);
#3558=EDGE_CURVE('',#2596,#2763,#1430,.T.);
#3559=EDGE_CURVE('',#2761,#2763,#1431,.T.);
#3560=EDGE_CURVE('',#2764,#2763,#1432,.T.);
#3561=EDGE_CURVE('',#2762,#2764,#1433,.T.);
#3562=EDGE_CURVE('',#2602,#2764,#1434,.T.);
#3563=EDGE_CURVE('',#2763,#2617,#1435,.T.);
#3564=EDGE_CURVE('',#2761,#2763,#1436,.T.);
#3565=EDGE_CURVE('',#2765,#2761,#1437,.T.);
#3566=EDGE_CURVE('',#2669,#2765,#1438,.T.);
#3567=EDGE_CURVE('',#2766,#2671,#1439,.T.);
#3568=EDGE_CURVE('',#2763,#2766,#1440,.T.);
#3569=EDGE_CURVE('',#2767,#2765,#1441,.T.);
#3570=EDGE_CURVE('',#2670,#2767,#1442,.T.);
#3571=EDGE_CURVE('',#2767,#2766,#1443,.T.);
#3572=EDGE_CURVE('',#2768,#2609,#1444,.T.);
#3573=EDGE_CURVE('',#2769,#2768,#1445,.T.);
#3574=EDGE_CURVE('',#2770,#2769,#1446,.T.);
#3575=EDGE_CURVE('',#2675,#2770,#1447,.T.);
#3576=EDGE_CURVE('',#2573,#2771,#1448,.T.);
#3577=EDGE_CURVE('',#2771,#2768,#1449,.T.);
#3578=EDGE_CURVE('',#2592,#2768,#1450,.T.);
#3579=EDGE_CURVE('',#2769,#2768,#1451,.T.);
#3580=EDGE_CURVE('',#2593,#2769,#1452,.T.);
#3581=EDGE_CURVE('',#2772,#2769,#1453,.T.);
#3582=EDGE_CURVE('',#2772,#2574,#1454,.T.);
#3583=EDGE_CURVE('',#2772,#2771,#1455,.T.);
#3584=EDGE_CURVE('',#2773,#2661,#1456,.T.);
#3585=EDGE_CURVE('',#2768,#2773,#1457,.T.);
#3586=EDGE_CURVE('',#2774,#2770,#1458,.T.);
#3587=EDGE_CURVE('',#2676,#2774,#1459,.T.);
#3588=EDGE_CURVE('',#2774,#2773,#1460,.T.);
#3589=EDGE_CURVE('',#2775,#2776,#1461,.T.);
#3590=EDGE_CURVE('',#2776,#2777,#1462,.T.);
#3591=EDGE_CURVE('',#2777,#2778,#1463,.T.);
#3592=EDGE_CURVE('',#2778,#2775,#1464,.T.);
#3593=EDGE_CURVE('',#2779,#2780,#1465,.T.);
#3594=EDGE_CURVE('',#2776,#2779,#1466,.T.);
#3595=EDGE_CURVE('',#2780,#2775,#1467,.T.);
#3596=EDGE_CURVE('',#2778,#2781,#1468,.T.);
#3597=EDGE_CURVE('',#2780,#2781,#1469,.T.);
#3598=EDGE_CURVE('',#2781,#2782,#1470,.T.);
#3599=EDGE_CURVE('',#2782,#2777,#1471,.T.);
#3600=EDGE_CURVE('',#2782,#2779,#1472,.T.);
#3601=EDGE_CURVE('',#2783,#2784,#1473,.T.);
#3602=EDGE_CURVE('',#2784,#2785,#1474,.T.);
#3603=EDGE_CURVE('',#2785,#2786,#1475,.T.);
#3604=EDGE_CURVE('',#2786,#2783,#1476,.T.);
#3605=EDGE_CURVE('',#2787,#2788,#1477,.T.);
#3606=EDGE_CURVE('',#2788,#2789,#1478,.T.);
#3607=EDGE_CURVE('',#2789,#2790,#1479,.T.);
#3608=EDGE_CURVE('',#2790,#2787,#1480,.T.);
#3609=EDGE_CURVE('',#2788,#2783,#1481,.T.);
#3610=EDGE_CURVE('',#2784,#2787,#1482,.T.);
#3611=EDGE_CURVE('',#2790,#2785,#1483,.T.);
#3612=EDGE_CURVE('',#2786,#2789,#1484,.T.);
#3613=EDGE_CURVE('',#2791,#2792,#1485,.T.);
#3614=EDGE_CURVE('',#2793,#2792,#1486,.T.);
#3615=EDGE_CURVE('',#2794,#2793,#1487,.T.);
#3616=EDGE_CURVE('',#2791,#2794,#1488,.T.);
#3617=EDGE_CURVE('',#2795,#2791,#1489,.T.);
#3618=EDGE_CURVE('',#2796,#2795,#1490,.T.);
#3619=EDGE_CURVE('',#2792,#2796,#1491,.T.);
#3620=EDGE_CURVE('',#2794,#2797,#1492,.T.);
#3621=EDGE_CURVE('',#2798,#2793,#1493,.T.);
#3622=EDGE_CURVE('',#2798,#2797,#1494,.T.);
#3623=EDGE_CURVE('',#2799,#2800,#1495,.T.);
#3624=EDGE_CURVE('',#2801,#2800,#1496,.T.);
#3625=EDGE_CURVE('',#2802,#2801,#1497,.T.);
#3626=EDGE_CURVE('',#2799,#2802,#1498,.T.);
#3627=EDGE_CURVE('',#2803,#2799,#1499,.T.);
#3628=EDGE_CURVE('',#2804,#2803,#1500,.T.);
#3629=EDGE_CURVE('',#2800,#2804,#1501,.T.);
#3630=EDGE_CURVE('',#2805,#2801,#1502,.T.);
#3631=EDGE_CURVE('',#2805,#2806,#1503,.T.);
#3632=EDGE_CURVE('',#2802,#2806,#1504,.T.);
#3633=EDGE_CURVE('',#2807,#2808,#1505,.T.);
#3634=EDGE_CURVE('',#2809,#2808,#1506,.T.);
#3635=EDGE_CURVE('',#2810,#2809,#1507,.T.);
#3636=EDGE_CURVE('',#2807,#2810,#1508,.T.);
#3637=EDGE_CURVE('',#2811,#2812,#1509,.T.);
#3638=EDGE_CURVE('',#2808,#2811,#1510,.T.);
#3639=EDGE_CURVE('',#2812,#2807,#1511,.T.);
#3640=EDGE_CURVE('',#2813,#2814,#1512,.T.);
#3641=EDGE_CURVE('',#2810,#2814,#1513,.T.);
#3642=EDGE_CURVE('',#2813,#2809,#1514,.T.);
#3643=EDGE_CURVE('',#2815,#2808,#1515,.T.);
#3644=EDGE_CURVE('',#2815,#2816,#1516,.T.);
#3645=EDGE_CURVE('',#2817,#2816,#1517,.T.);
#3646=EDGE_CURVE('',#2813,#2817,#1518,.T.);
#3647=EDGE_CURVE('',#2818,#2814,#1519,.T.);
#3648=EDGE_CURVE('',#2819,#2818,#1520,.T.);
#3649=EDGE_CURVE('',#2820,#2819,#1521,.T.);
#3650=EDGE_CURVE('',#2807,#2820,#1522,.T.);
#3651=EDGE_CURVE('',#2816,#2819,#1523,.T.);
#3652=EDGE_CURVE('',#2820,#2815,#1524,.T.);
#3653=EDGE_CURVE('',#2821,#2822,#1525,.T.);
#3654=EDGE_CURVE('',#2823,#2821,#1526,.T.);
#3655=EDGE_CURVE('',#2824,#2823,#1527,.T.);
#3656=EDGE_CURVE('',#2824,#2822,#1528,.T.);
#3657=EDGE_CURVE('',#2825,#2797,#1529,.T.);
#3658=EDGE_CURVE('',#2822,#2825,#1530,.T.);
#3659=EDGE_CURVE('',#2791,#2824,#1531,.T.);
#3660=EDGE_CURVE('',#2823,#2792,#1532,.T.);
#3661=EDGE_CURVE('',#2826,#2821,#1533,.T.);
#3662=EDGE_CURVE('',#2798,#2826,#1534,.T.);
#3663=EDGE_CURVE('',#2827,#2828,#1535,.T.);
#3664=EDGE_CURVE('',#2829,#2827,#1536,.T.);
#3665=EDGE_CURVE('',#2830,#2829,#1537,.T.);
#3666=EDGE_CURVE('',#2830,#2828,#1538,.T.);
#3667=EDGE_CURVE('',#2831,#2806,#1539,.T.);
#3668=EDGE_CURVE('',#2828,#2831,#1540,.T.);
#3669=EDGE_CURVE('',#2799,#2830,#1541,.T.);
#3670=EDGE_CURVE('',#2829,#2800,#1542,.T.);
#3671=EDGE_CURVE('',#2832,#2827,#1543,.T.);
#3672=EDGE_CURVE('',#2805,#2832,#1544,.T.);
#3673=EDGE_CURVE('',#2818,#2826,#1545,.T.);
#3674=EDGE_CURVE('',#2825,#2833,#1546,.T.);
#3675=EDGE_CURVE('',#2834,#2833,#1547,.T.);
#3676=EDGE_CURVE('',#2834,#2835,#1548,.T.);
#3677=EDGE_CURVE('',#2836,#2835,#1549,.T.);
#3678=EDGE_CURVE('',#2836,#2832,#1550,.T.);
#3679=EDGE_CURVE('',#2831,#2817,#1551,.T.);
#3680=EDGE_CURVE('',#2837,#2838,#1552,.T.);
#3681=EDGE_CURVE('',#2838,#2839,#1553,.T.);
#3682=EDGE_CURVE('',#2839,#2840,#1554,.T.);
#3683=EDGE_CURVE('',#2840,#2837,#1555,.T.);
#3684=EDGE_CURVE('',#2841,#2842,#1556,.T.);
#3685=EDGE_CURVE('',#2839,#2841,#1557,.T.);
#3686=EDGE_CURVE('',#2842,#2838,#1558,.T.);
#3687=EDGE_CURVE('',#2843,#2844,#1559,.T.);
#3688=EDGE_CURVE('',#2837,#2843,#1560,.T.);
#3689=EDGE_CURVE('',#2844,#2840,#1561,.T.);
#3690=EDGE_CURVE('',#2844,#2841,#1562,.T.);
#3691=EDGE_CURVE('',#2842,#2843,#1563,.T.);
#3692=EDGE_CURVE('',#2845,#2834,#1564,.T.);
#3693=EDGE_CURVE('',#2845,#2846,#1565,.T.);
#3694=EDGE_CURVE('',#2835,#2846,#1566,.T.);
#3695=EDGE_CURVE('',#2811,#2803,#1567,.T.);
#3696=EDGE_CURVE('',#2804,#2847,#1568,.T.);
#3697=EDGE_CURVE('',#2846,#2847,#1569,.T.);
#3698=EDGE_CURVE('',#2848,#2845,#1570,.T.);
#3699=EDGE_CURVE('',#2848,#2795,#1571,.T.);
#3700=EDGE_CURVE('',#2796,#2812,#1572,.T.);
#3701=EDGE_CURVE('',#2849,#2846,#1573,.T.);
#3702=EDGE_CURVE('',#2849,#2850,#1574,.T.);
#3703=EDGE_CURVE('',#2835,#2850,#1575,.T.);
#3704=EDGE_CURVE('',#2847,#2851,#1576,.T.);
#3705=EDGE_CURVE('',#2852,#2851,#1577,.T.);
#3706=EDGE_CURVE('',#2849,#2852,#1578,.F.);
#3707=EDGE_CURVE('',#2853,#2836,#1579,.T.);
#3708=EDGE_CURVE('',#2854,#2850,#1580,.F.);
#3709=EDGE_CURVE('',#2854,#2853,#1581,.F.);
#3710=EDGE_CURVE('',#2851,#2853,#1582,.T.);
#3711=EDGE_CURVE('',#2852,#2854,#1583,.F.);
#3712=EDGE_CURVE('',#2855,#2848,#1584,.T.);
#3713=EDGE_CURVE('',#2856,#2855,#1585,.T.);
#3714=EDGE_CURVE('',#2833,#2856,#1586,.T.);
#3715=EDGE_CURVE('',#2857,#2834,#1587,.T.);
#3716=EDGE_CURVE('',#2857,#2858,#1588,.T.);
#3717=EDGE_CURVE('',#2845,#2858,#1589,.T.);
#3718=EDGE_CURVE('',#2859,#2856,#1590,.T.);
#3719=EDGE_CURVE('',#2857,#2859,#1591,.F.);
#3720=EDGE_CURVE('',#2860,#2858,#1592,.F.);
#3721=EDGE_CURVE('',#2860,#2855,#1593,.F.);
#3722=EDGE_CURVE('',#2859,#2860,#1594,.F.);
#3723=ORIENTED_EDGE('',*,*,#2861,.F.);
#3724=ORIENTED_EDGE('',*,*,#2862,.F.);
#3725=ORIENTED_EDGE('',*,*,#2863,.F.);
#3726=ORIENTED_EDGE('',*,*,#2864,.F.);
#3727=ORIENTED_EDGE('',*,*,#2865,.F.);
#3728=ORIENTED_EDGE('',*,*,#2866,.F.);
#3729=ORIENTED_EDGE('',*,*,#2867,.F.);
#3730=ORIENTED_EDGE('',*,*,#2868,.F.);
#3731=ORIENTED_EDGE('',*,*,#2864,.T.);
#3732=ORIENTED_EDGE('',*,*,#2869,.F.);
#3733=ORIENTED_EDGE('',*,*,#2870,.T.);
#3734=ORIENTED_EDGE('',*,*,#2871,.F.);
#3735=ORIENTED_EDGE('',*,*,#2863,.T.);
#3736=ORIENTED_EDGE('',*,*,#2872,.F.);
#3737=ORIENTED_EDGE('',*,*,#2873,.F.);
#3738=ORIENTED_EDGE('',*,*,#2869,.T.);
#3739=ORIENTED_EDGE('',*,*,#2862,.T.);
#3740=ORIENTED_EDGE('',*,*,#2874,.T.);
#3741=ORIENTED_EDGE('',*,*,#2875,.T.);
#3742=ORIENTED_EDGE('',*,*,#2872,.T.);
#3743=ORIENTED_EDGE('',*,*,#2861,.T.);
#3744=ORIENTED_EDGE('',*,*,#2876,.F.);
#3745=ORIENTED_EDGE('',*,*,#2877,.F.);
#3746=ORIENTED_EDGE('',*,*,#2874,.F.);
#3747=ORIENTED_EDGE('',*,*,#2867,.T.);
#3748=ORIENTED_EDGE('',*,*,#2878,.F.);
#3749=ORIENTED_EDGE('',*,*,#2879,.T.);
#3750=ORIENTED_EDGE('',*,*,#2880,.F.);
#3751=ORIENTED_EDGE('',*,*,#2868,.T.);
#3752=ORIENTED_EDGE('',*,*,#2880,.T.);
#3753=ORIENTED_EDGE('',*,*,#2881,.T.);
#3754=ORIENTED_EDGE('',*,*,#2876,.T.);
#3755=ORIENTED_EDGE('',*,*,#2866,.T.);
#3756=ORIENTED_EDGE('',*,*,#2882,.F.);
#3757=ORIENTED_EDGE('',*,*,#2883,.F.);
#3758=ORIENTED_EDGE('',*,*,#2878,.T.);
#3759=ORIENTED_EDGE('',*,*,#2865,.T.);
#3760=ORIENTED_EDGE('',*,*,#2871,.T.);
#3761=ORIENTED_EDGE('',*,*,#2884,.T.);
#3762=ORIENTED_EDGE('',*,*,#2882,.T.);
#3763=ORIENTED_EDGE('',*,*,#2885,.T.);
#3764=ORIENTED_EDGE('',*,*,#2886,.F.);
#3765=ORIENTED_EDGE('',*,*,#2887,.T.);
#3766=ORIENTED_EDGE('',*,*,#2888,.T.);
#3767=ORIENTED_EDGE('',*,*,#2889,.F.);
#3768=ORIENTED_EDGE('',*,*,#2890,.T.);
#3769=ORIENTED_EDGE('',*,*,#2891,.T.);
#3770=ORIENTED_EDGE('',*,*,#2892,.F.);
#3771=ORIENTED_EDGE('',*,*,#2893,.T.);
#3772=ORIENTED_EDGE('',*,*,#2894,.T.);
#3773=ORIENTED_EDGE('',*,*,#2895,.T.);
#3774=ORIENTED_EDGE('',*,*,#2896,.T.);
#3775=ORIENTED_EDGE('',*,*,#2897,.T.);
#3776=ORIENTED_EDGE('',*,*,#2898,.T.);
#3777=ORIENTED_EDGE('',*,*,#2899,.T.);
#3778=ORIENTED_EDGE('',*,*,#2900,.T.);
#3779=ORIENTED_EDGE('',*,*,#2901,.T.);
#3780=ORIENTED_EDGE('',*,*,#2902,.T.);
#3781=ORIENTED_EDGE('',*,*,#2903,.T.);
#3782=ORIENTED_EDGE('',*,*,#2904,.T.);
#3783=ORIENTED_EDGE('',*,*,#2905,.T.);
#3784=ORIENTED_EDGE('',*,*,#2906,.T.);
#3785=ORIENTED_EDGE('',*,*,#2907,.T.);
#3786=ORIENTED_EDGE('',*,*,#2908,.T.);
#3787=ORIENTED_EDGE('',*,*,#2909,.T.);
#3788=ORIENTED_EDGE('',*,*,#2910,.T.);
#3789=ORIENTED_EDGE('',*,*,#2911,.T.);
#3790=ORIENTED_EDGE('',*,*,#2912,.T.);
#3791=ORIENTED_EDGE('',*,*,#2913,.T.);
#3792=ORIENTED_EDGE('',*,*,#2914,.T.);
#3793=ORIENTED_EDGE('',*,*,#2915,.T.);
#3794=ORIENTED_EDGE('',*,*,#2916,.T.);
#3795=ORIENTED_EDGE('',*,*,#2917,.T.);
#3796=ORIENTED_EDGE('',*,*,#2918,.T.);
#3797=ORIENTED_EDGE('',*,*,#2919,.T.);
#3798=ORIENTED_EDGE('',*,*,#2920,.T.);
#3799=ORIENTED_EDGE('',*,*,#2921,.T.);
#3800=ORIENTED_EDGE('',*,*,#2922,.T.);
#3801=ORIENTED_EDGE('',*,*,#2923,.T.);
#3802=ORIENTED_EDGE('',*,*,#2924,.T.);
#3803=ORIENTED_EDGE('',*,*,#2925,.T.);
#3804=ORIENTED_EDGE('',*,*,#2926,.T.);
#3805=ORIENTED_EDGE('',*,*,#2927,.T.);
#3806=ORIENTED_EDGE('',*,*,#2928,.T.);
#3807=ORIENTED_EDGE('',*,*,#2929,.T.);
#3808=ORIENTED_EDGE('',*,*,#2930,.T.);
#3809=ORIENTED_EDGE('',*,*,#2931,.T.);
#3810=ORIENTED_EDGE('',*,*,#2932,.T.);
#3811=ORIENTED_EDGE('',*,*,#2933,.T.);
#3812=ORIENTED_EDGE('',*,*,#2934,.T.);
#3813=ORIENTED_EDGE('',*,*,#2935,.T.);
#3814=ORIENTED_EDGE('',*,*,#2936,.T.);
#3815=ORIENTED_EDGE('',*,*,#2937,.T.);
#3816=ORIENTED_EDGE('',*,*,#2938,.T.);
#3817=ORIENTED_EDGE('',*,*,#2939,.T.);
#3818=ORIENTED_EDGE('',*,*,#2940,.T.);
#3819=ORIENTED_EDGE('',*,*,#2941,.T.);
#3820=ORIENTED_EDGE('',*,*,#2942,.T.);
#3821=ORIENTED_EDGE('',*,*,#2943,.T.);
#3822=ORIENTED_EDGE('',*,*,#2944,.T.);
#3823=ORIENTED_EDGE('',*,*,#2945,.T.);
#3824=ORIENTED_EDGE('',*,*,#2946,.T.);
#3825=ORIENTED_EDGE('',*,*,#2947,.T.);
#3826=ORIENTED_EDGE('',*,*,#2948,.T.);
#3827=ORIENTED_EDGE('',*,*,#2949,.T.);
#3828=ORIENTED_EDGE('',*,*,#2950,.T.);
#3829=ORIENTED_EDGE('',*,*,#2951,.T.);
#3830=ORIENTED_EDGE('',*,*,#2952,.T.);
#3831=ORIENTED_EDGE('',*,*,#2953,.T.);
#3832=ORIENTED_EDGE('',*,*,#2954,.T.);
#3833=ORIENTED_EDGE('',*,*,#2955,.T.);
#3834=ORIENTED_EDGE('',*,*,#2956,.T.);
#3835=ORIENTED_EDGE('',*,*,#2957,.T.);
#3836=ORIENTED_EDGE('',*,*,#2958,.T.);
#3837=ORIENTED_EDGE('',*,*,#2959,.T.);
#3838=ORIENTED_EDGE('',*,*,#2960,.T.);
#3839=ORIENTED_EDGE('',*,*,#2961,.T.);
#3840=ORIENTED_EDGE('',*,*,#2962,.T.);
#3841=ORIENTED_EDGE('',*,*,#2963,.T.);
#3842=ORIENTED_EDGE('',*,*,#2964,.T.);
#3843=ORIENTED_EDGE('',*,*,#2965,.T.);
#3844=ORIENTED_EDGE('',*,*,#2966,.T.);
#3845=ORIENTED_EDGE('',*,*,#2967,.T.);
#3846=ORIENTED_EDGE('',*,*,#2968,.T.);
#3847=ORIENTED_EDGE('',*,*,#2969,.T.);
#3848=ORIENTED_EDGE('',*,*,#2970,.T.);
#3849=ORIENTED_EDGE('',*,*,#2971,.T.);
#3850=ORIENTED_EDGE('',*,*,#2972,.T.);
#3851=ORIENTED_EDGE('',*,*,#2973,.T.);
#3852=ORIENTED_EDGE('',*,*,#2974,.T.);
#3853=ORIENTED_EDGE('',*,*,#2975,.T.);
#3854=ORIENTED_EDGE('',*,*,#2976,.T.);
#3855=ORIENTED_EDGE('',*,*,#2977,.T.);
#3856=ORIENTED_EDGE('',*,*,#2978,.T.);
#3857=ORIENTED_EDGE('',*,*,#2979,.T.);
#3858=ORIENTED_EDGE('',*,*,#2980,.T.);
#3859=ORIENTED_EDGE('',*,*,#2981,.T.);
#3860=ORIENTED_EDGE('',*,*,#2982,.T.);
#3861=ORIENTED_EDGE('',*,*,#2983,.T.);
#3862=ORIENTED_EDGE('',*,*,#2984,.T.);
#3863=ORIENTED_EDGE('',*,*,#2985,.T.);
#3864=ORIENTED_EDGE('',*,*,#2986,.T.);
#3865=ORIENTED_EDGE('',*,*,#2987,.T.);
#3866=ORIENTED_EDGE('',*,*,#2988,.T.);
#3867=ORIENTED_EDGE('',*,*,#2989,.T.);
#3868=ORIENTED_EDGE('',*,*,#2990,.T.);
#3869=ORIENTED_EDGE('',*,*,#2991,.T.);
#3870=ORIENTED_EDGE('',*,*,#2992,.T.);
#3871=ORIENTED_EDGE('',*,*,#2993,.T.);
#3872=ORIENTED_EDGE('',*,*,#2994,.F.);
#3873=ORIENTED_EDGE('',*,*,#2995,.F.);
#3874=ORIENTED_EDGE('',*,*,#2996,.F.);
#3875=ORIENTED_EDGE('',*,*,#2997,.F.);
#3876=ORIENTED_EDGE('',*,*,#2998,.F.);
#3877=ORIENTED_EDGE('',*,*,#2997,.T.);
#3878=ORIENTED_EDGE('',*,*,#2999,.T.);
#3879=ORIENTED_EDGE('',*,*,#2897,.F.);
#3880=ORIENTED_EDGE('',*,*,#2999,.F.);
#3881=ORIENTED_EDGE('',*,*,#2996,.T.);
#3882=ORIENTED_EDGE('',*,*,#3000,.T.);
#3883=ORIENTED_EDGE('',*,*,#2898,.F.);
#3884=ORIENTED_EDGE('',*,*,#3001,.T.);
#3885=ORIENTED_EDGE('',*,*,#2994,.T.);
#3886=ORIENTED_EDGE('',*,*,#2998,.T.);
#3887=ORIENTED_EDGE('',*,*,#2896,.F.);
#3888=ORIENTED_EDGE('',*,*,#3000,.F.);
#3889=ORIENTED_EDGE('',*,*,#2995,.T.);
#3890=ORIENTED_EDGE('',*,*,#3001,.F.);
#3891=ORIENTED_EDGE('',*,*,#2895,.F.);
#3892=ORIENTED_EDGE('',*,*,#3002,.T.);
#3893=ORIENTED_EDGE('',*,*,#2891,.F.);
#3894=ORIENTED_EDGE('',*,*,#3003,.T.);
#3895=ORIENTED_EDGE('',*,*,#3004,.F.);
#3896=ORIENTED_EDGE('',*,*,#3005,.T.);
#3897=ORIENTED_EDGE('',*,*,#3006,.F.);
#3898=ORIENTED_EDGE('',*,*,#3003,.F.);
#3899=ORIENTED_EDGE('',*,*,#2890,.F.);
#3900=ORIENTED_EDGE('',*,*,#3007,.T.);
#3901=ORIENTED_EDGE('',*,*,#3008,.F.);
#3902=ORIENTED_EDGE('',*,*,#3009,.F.);
#3903=ORIENTED_EDGE('',*,*,#3010,.F.);
#3904=ORIENTED_EDGE('',*,*,#3011,.F.);
#3905=ORIENTED_EDGE('',*,*,#3012,.F.);
#3906=ORIENTED_EDGE('',*,*,#3013,.F.);
#3907=ORIENTED_EDGE('',*,*,#3014,.F.);
#3908=ORIENTED_EDGE('',*,*,#3015,.F.);
#3909=ORIENTED_EDGE('',*,*,#3016,.F.);
#3910=ORIENTED_EDGE('',*,*,#2894,.F.);
#3911=ORIENTED_EDGE('',*,*,#3017,.F.);
#3912=ORIENTED_EDGE('',*,*,#3018,.F.);
#3913=ORIENTED_EDGE('',*,*,#3007,.F.);
#3914=ORIENTED_EDGE('',*,*,#3019,.T.);
#3915=ORIENTED_EDGE('',*,*,#2885,.F.);
#3916=ORIENTED_EDGE('',*,*,#3016,.T.);
#3917=ORIENTED_EDGE('',*,*,#3020,.F.);
#3918=ORIENTED_EDGE('',*,*,#3021,.T.);
#3919=ORIENTED_EDGE('',*,*,#3022,.F.);
#3920=ORIENTED_EDGE('',*,*,#3023,.T.);
#3921=ORIENTED_EDGE('',*,*,#2887,.F.);
#3922=ORIENTED_EDGE('',*,*,#2877,.T.);
#3923=ORIENTED_EDGE('',*,*,#2881,.F.);
#3924=ORIENTED_EDGE('',*,*,#2879,.F.);
#3925=ORIENTED_EDGE('',*,*,#2883,.T.);
#3926=ORIENTED_EDGE('',*,*,#2884,.F.);
#3927=ORIENTED_EDGE('',*,*,#2870,.F.);
#3928=ORIENTED_EDGE('',*,*,#2873,.T.);
#3929=ORIENTED_EDGE('',*,*,#2875,.F.);
#3930=ORIENTED_EDGE('',*,*,#3024,.T.);
#3931=ORIENTED_EDGE('',*,*,#3004,.T.);
#3932=ORIENTED_EDGE('',*,*,#3006,.T.);
#3933=ORIENTED_EDGE('',*,*,#3025,.T.);
#3934=ORIENTED_EDGE('',*,*,#3026,.T.);
#3935=ORIENTED_EDGE('',*,*,#3022,.T.);
#3936=ORIENTED_EDGE('',*,*,#3027,.T.);
#3937=ORIENTED_EDGE('',*,*,#3020,.T.);
#3938=ORIENTED_EDGE('',*,*,#3015,.T.);
#3939=ORIENTED_EDGE('',*,*,#3014,.T.);
#3940=ORIENTED_EDGE('',*,*,#3013,.T.);
#3941=ORIENTED_EDGE('',*,*,#3012,.T.);
#3942=ORIENTED_EDGE('',*,*,#3011,.T.);
#3943=ORIENTED_EDGE('',*,*,#3010,.T.);
#3944=ORIENTED_EDGE('',*,*,#3009,.T.);
#3945=ORIENTED_EDGE('',*,*,#3008,.T.);
#3946=ORIENTED_EDGE('',*,*,#3018,.T.);
#3947=ORIENTED_EDGE('',*,*,#3028,.T.);
#3948=ORIENTED_EDGE('',*,*,#3029,.T.);
#3949=ORIENTED_EDGE('',*,*,#2888,.F.);
#3950=ORIENTED_EDGE('',*,*,#3023,.F.);
#3951=ORIENTED_EDGE('',*,*,#3026,.F.);
#3952=ORIENTED_EDGE('',*,*,#3027,.F.);
#3953=ORIENTED_EDGE('',*,*,#3021,.F.);
#3954=ORIENTED_EDGE('',*,*,#2886,.T.);
#3955=ORIENTED_EDGE('',*,*,#3019,.F.);
#3956=ORIENTED_EDGE('',*,*,#3025,.F.);
#3957=ORIENTED_EDGE('',*,*,#3005,.F.);
#3958=ORIENTED_EDGE('',*,*,#2889,.T.);
#3959=ORIENTED_EDGE('',*,*,#3029,.F.);
#3960=ORIENTED_EDGE('',*,*,#3030,.T.);
#3961=ORIENTED_EDGE('',*,*,#3028,.F.);
#3962=ORIENTED_EDGE('',*,*,#3017,.T.);
#3963=ORIENTED_EDGE('',*,*,#2893,.F.);
#3964=ORIENTED_EDGE('',*,*,#3024,.F.);
#3965=ORIENTED_EDGE('',*,*,#3030,.F.);
#3966=ORIENTED_EDGE('',*,*,#2892,.T.);
#3967=ORIENTED_EDGE('',*,*,#3002,.F.);
#3968=ORIENTED_EDGE('',*,*,#3031,.T.);
#3969=ORIENTED_EDGE('',*,*,#3032,.T.);
#3970=ORIENTED_EDGE('',*,*,#3033,.T.);
#3971=ORIENTED_EDGE('',*,*,#3034,.T.);
#3972=ORIENTED_EDGE('',*,*,#3035,.T.);
#3973=ORIENTED_EDGE('',*,*,#3036,.T.);
#3974=ORIENTED_EDGE('',*,*,#3037,.T.);
#3975=ORIENTED_EDGE('',*,*,#3038,.T.);
#3976=ORIENTED_EDGE('',*,*,#3039,.T.);
#3977=ORIENTED_EDGE('',*,*,#3040,.T.);
#3978=ORIENTED_EDGE('',*,*,#3041,.T.);
#3979=ORIENTED_EDGE('',*,*,#3042,.F.);
#3980=ORIENTED_EDGE('',*,*,#3043,.F.);
#3981=ORIENTED_EDGE('',*,*,#3044,.F.);
#3982=ORIENTED_EDGE('',*,*,#3045,.F.);
#3983=ORIENTED_EDGE('',*,*,#3046,.F.);
#3984=ORIENTED_EDGE('',*,*,#3047,.F.);
#3985=ORIENTED_EDGE('',*,*,#3048,.F.);
#3986=ORIENTED_EDGE('',*,*,#3049,.F.);
#3987=ORIENTED_EDGE('',*,*,#3050,.F.);
#3988=ORIENTED_EDGE('',*,*,#3051,.F.);
#3989=ORIENTED_EDGE('',*,*,#3052,.F.);
#3990=ORIENTED_EDGE('',*,*,#3053,.F.);
#3991=ORIENTED_EDGE('',*,*,#3054,.F.);
#3992=ORIENTED_EDGE('',*,*,#3055,.F.);
#3993=ORIENTED_EDGE('',*,*,#3056,.F.);
#3994=ORIENTED_EDGE('',*,*,#3057,.F.);
#3995=ORIENTED_EDGE('',*,*,#3058,.F.);
#3996=ORIENTED_EDGE('',*,*,#3059,.F.);
#3997=ORIENTED_EDGE('',*,*,#3060,.F.);
#3998=ORIENTED_EDGE('',*,*,#3061,.F.);
#3999=ORIENTED_EDGE('',*,*,#3062,.F.);
#4000=ORIENTED_EDGE('',*,*,#3063,.F.);
#4001=ORIENTED_EDGE('',*,*,#3064,.F.);
#4002=ORIENTED_EDGE('',*,*,#3065,.F.);
#4003=ORIENTED_EDGE('',*,*,#3066,.F.);
#4004=ORIENTED_EDGE('',*,*,#3067,.F.);
#4005=ORIENTED_EDGE('',*,*,#3068,.F.);
#4006=ORIENTED_EDGE('',*,*,#3069,.F.);
#4007=ORIENTED_EDGE('',*,*,#3070,.F.);
#4008=ORIENTED_EDGE('',*,*,#3071,.F.);
#4009=ORIENTED_EDGE('',*,*,#3072,.F.);
#4010=ORIENTED_EDGE('',*,*,#3073,.F.);
#4011=ORIENTED_EDGE('',*,*,#3074,.F.);
#4012=ORIENTED_EDGE('',*,*,#3075,.F.);
#4013=ORIENTED_EDGE('',*,*,#3076,.F.);
#4014=ORIENTED_EDGE('',*,*,#2900,.F.);
#4015=ORIENTED_EDGE('',*,*,#3077,.T.);
#4016=ORIENTED_EDGE('',*,*,#3042,.T.);
#4017=ORIENTED_EDGE('',*,*,#3078,.F.);
#4018=ORIENTED_EDGE('',*,*,#2901,.F.);
#4019=ORIENTED_EDGE('',*,*,#3078,.T.);
#4020=ORIENTED_EDGE('',*,*,#3076,.T.);
#4021=ORIENTED_EDGE('',*,*,#3079,.F.);
#4022=ORIENTED_EDGE('',*,*,#2902,.F.);
#4023=ORIENTED_EDGE('',*,*,#3079,.T.);
#4024=ORIENTED_EDGE('',*,*,#3075,.T.);
#4025=ORIENTED_EDGE('',*,*,#3080,.F.);
#4026=ORIENTED_EDGE('',*,*,#2903,.F.);
#4027=ORIENTED_EDGE('',*,*,#3080,.T.);
#4028=ORIENTED_EDGE('',*,*,#3074,.T.);
#4029=ORIENTED_EDGE('',*,*,#3081,.F.);
#4030=ORIENTED_EDGE('',*,*,#2904,.F.);
#4031=ORIENTED_EDGE('',*,*,#3081,.T.);
#4032=ORIENTED_EDGE('',*,*,#3073,.T.);
#4033=ORIENTED_EDGE('',*,*,#3082,.F.);
#4034=ORIENTED_EDGE('',*,*,#2905,.F.);
#4035=ORIENTED_EDGE('',*,*,#3082,.T.);
#4036=ORIENTED_EDGE('',*,*,#3072,.T.);
#4037=ORIENTED_EDGE('',*,*,#3083,.F.);
#4038=ORIENTED_EDGE('',*,*,#2906,.F.);
#4039=ORIENTED_EDGE('',*,*,#3083,.T.);
#4040=ORIENTED_EDGE('',*,*,#3071,.T.);
#4041=ORIENTED_EDGE('',*,*,#3084,.F.);
#4042=ORIENTED_EDGE('',*,*,#2907,.F.);
#4043=ORIENTED_EDGE('',*,*,#3084,.T.);
#4044=ORIENTED_EDGE('',*,*,#3070,.T.);
#4045=ORIENTED_EDGE('',*,*,#3085,.F.);
#4046=ORIENTED_EDGE('',*,*,#2908,.F.);
#4047=ORIENTED_EDGE('',*,*,#3085,.T.);
#4048=ORIENTED_EDGE('',*,*,#3069,.T.);
#4049=ORIENTED_EDGE('',*,*,#3086,.F.);
#4050=ORIENTED_EDGE('',*,*,#2909,.F.);
#4051=ORIENTED_EDGE('',*,*,#3086,.T.);
#4052=ORIENTED_EDGE('',*,*,#3068,.T.);
#4053=ORIENTED_EDGE('',*,*,#3087,.F.);
#4054=ORIENTED_EDGE('',*,*,#2910,.F.);
#4055=ORIENTED_EDGE('',*,*,#3087,.T.);
#4056=ORIENTED_EDGE('',*,*,#3067,.T.);
#4057=ORIENTED_EDGE('',*,*,#3088,.F.);
#4058=ORIENTED_EDGE('',*,*,#2911,.F.);
#4059=ORIENTED_EDGE('',*,*,#3088,.T.);
#4060=ORIENTED_EDGE('',*,*,#3066,.T.);
#4061=ORIENTED_EDGE('',*,*,#3089,.F.);
#4062=ORIENTED_EDGE('',*,*,#2912,.F.);
#4063=ORIENTED_EDGE('',*,*,#3089,.T.);
#4064=ORIENTED_EDGE('',*,*,#3065,.T.);
#4065=ORIENTED_EDGE('',*,*,#3090,.F.);
#4066=ORIENTED_EDGE('',*,*,#2913,.F.);
#4067=ORIENTED_EDGE('',*,*,#3090,.T.);
#4068=ORIENTED_EDGE('',*,*,#3064,.T.);
#4069=ORIENTED_EDGE('',*,*,#3091,.F.);
#4070=ORIENTED_EDGE('',*,*,#2914,.F.);
#4071=ORIENTED_EDGE('',*,*,#3091,.T.);
#4072=ORIENTED_EDGE('',*,*,#3063,.T.);
#4073=ORIENTED_EDGE('',*,*,#3092,.F.);
#4074=ORIENTED_EDGE('',*,*,#2915,.F.);
#4075=ORIENTED_EDGE('',*,*,#3092,.T.);
#4076=ORIENTED_EDGE('',*,*,#3062,.T.);
#4077=ORIENTED_EDGE('',*,*,#3093,.F.);
#4078=ORIENTED_EDGE('',*,*,#2916,.F.);
#4079=ORIENTED_EDGE('',*,*,#3093,.T.);
#4080=ORIENTED_EDGE('',*,*,#3061,.T.);
#4081=ORIENTED_EDGE('',*,*,#3094,.F.);
#4082=ORIENTED_EDGE('',*,*,#2917,.F.);
#4083=ORIENTED_EDGE('',*,*,#3094,.T.);
#4084=ORIENTED_EDGE('',*,*,#3060,.T.);
#4085=ORIENTED_EDGE('',*,*,#3095,.F.);
#4086=ORIENTED_EDGE('',*,*,#2918,.F.);
#4087=ORIENTED_EDGE('',*,*,#3095,.T.);
#4088=ORIENTED_EDGE('',*,*,#3059,.T.);
#4089=ORIENTED_EDGE('',*,*,#3096,.F.);
#4090=ORIENTED_EDGE('',*,*,#2919,.F.);
#4091=ORIENTED_EDGE('',*,*,#3096,.T.);
#4092=ORIENTED_EDGE('',*,*,#3058,.T.);
#4093=ORIENTED_EDGE('',*,*,#3097,.F.);
#4094=ORIENTED_EDGE('',*,*,#2920,.F.);
#4095=ORIENTED_EDGE('',*,*,#3097,.T.);
#4096=ORIENTED_EDGE('',*,*,#3057,.T.);
#4097=ORIENTED_EDGE('',*,*,#3098,.F.);
#4098=ORIENTED_EDGE('',*,*,#2921,.F.);
#4099=ORIENTED_EDGE('',*,*,#3098,.T.);
#4100=ORIENTED_EDGE('',*,*,#3056,.T.);
#4101=ORIENTED_EDGE('',*,*,#3099,.F.);
#4102=ORIENTED_EDGE('',*,*,#2922,.F.);
#4103=ORIENTED_EDGE('',*,*,#3099,.T.);
#4104=ORIENTED_EDGE('',*,*,#3055,.T.);
#4105=ORIENTED_EDGE('',*,*,#3100,.F.);
#4106=ORIENTED_EDGE('',*,*,#2923,.F.);
#4107=ORIENTED_EDGE('',*,*,#3100,.T.);
#4108=ORIENTED_EDGE('',*,*,#3054,.T.);
#4109=ORIENTED_EDGE('',*,*,#3101,.F.);
#4110=ORIENTED_EDGE('',*,*,#2924,.F.);
#4111=ORIENTED_EDGE('',*,*,#3101,.T.);
#4112=ORIENTED_EDGE('',*,*,#3053,.T.);
#4113=ORIENTED_EDGE('',*,*,#3102,.F.);
#4114=ORIENTED_EDGE('',*,*,#2925,.F.);
#4115=ORIENTED_EDGE('',*,*,#3102,.T.);
#4116=ORIENTED_EDGE('',*,*,#3052,.T.);
#4117=ORIENTED_EDGE('',*,*,#3103,.F.);
#4118=ORIENTED_EDGE('',*,*,#2926,.F.);
#4119=ORIENTED_EDGE('',*,*,#3103,.T.);
#4120=ORIENTED_EDGE('',*,*,#3051,.T.);
#4121=ORIENTED_EDGE('',*,*,#3104,.F.);
#4122=ORIENTED_EDGE('',*,*,#2927,.F.);
#4123=ORIENTED_EDGE('',*,*,#3104,.T.);
#4124=ORIENTED_EDGE('',*,*,#3050,.T.);
#4125=ORIENTED_EDGE('',*,*,#3105,.F.);
#4126=ORIENTED_EDGE('',*,*,#2928,.F.);
#4127=ORIENTED_EDGE('',*,*,#3105,.T.);
#4128=ORIENTED_EDGE('',*,*,#3049,.T.);
#4129=ORIENTED_EDGE('',*,*,#3106,.F.);
#4130=ORIENTED_EDGE('',*,*,#2929,.F.);
#4131=ORIENTED_EDGE('',*,*,#3106,.T.);
#4132=ORIENTED_EDGE('',*,*,#3048,.T.);
#4133=ORIENTED_EDGE('',*,*,#3107,.F.);
#4134=ORIENTED_EDGE('',*,*,#2930,.F.);
#4135=ORIENTED_EDGE('',*,*,#3107,.T.);
#4136=ORIENTED_EDGE('',*,*,#3047,.T.);
#4137=ORIENTED_EDGE('',*,*,#3108,.F.);
#4138=ORIENTED_EDGE('',*,*,#2931,.F.);
#4139=ORIENTED_EDGE('',*,*,#3108,.T.);
#4140=ORIENTED_EDGE('',*,*,#3046,.T.);
#4141=ORIENTED_EDGE('',*,*,#3109,.F.);
#4142=ORIENTED_EDGE('',*,*,#2932,.F.);
#4143=ORIENTED_EDGE('',*,*,#3109,.T.);
#4144=ORIENTED_EDGE('',*,*,#3045,.T.);
#4145=ORIENTED_EDGE('',*,*,#3110,.F.);
#4146=ORIENTED_EDGE('',*,*,#2933,.F.);
#4147=ORIENTED_EDGE('',*,*,#3110,.T.);
#4148=ORIENTED_EDGE('',*,*,#3044,.T.);
#4149=ORIENTED_EDGE('',*,*,#3111,.F.);
#4150=ORIENTED_EDGE('',*,*,#2899,.F.);
#4151=ORIENTED_EDGE('',*,*,#3111,.T.);
#4152=ORIENTED_EDGE('',*,*,#3043,.T.);
#4153=ORIENTED_EDGE('',*,*,#3077,.F.);
#4154=ORIENTED_EDGE('',*,*,#3112,.F.);
#4155=ORIENTED_EDGE('',*,*,#3113,.F.);
#4156=ORIENTED_EDGE('',*,*,#3114,.F.);
#4157=ORIENTED_EDGE('',*,*,#3115,.F.);
#4158=ORIENTED_EDGE('',*,*,#3116,.F.);
#4159=ORIENTED_EDGE('',*,*,#3117,.F.);
#4160=ORIENTED_EDGE('',*,*,#3118,.F.);
#4161=ORIENTED_EDGE('',*,*,#3119,.F.);
#4162=ORIENTED_EDGE('',*,*,#3120,.F.);
#4163=ORIENTED_EDGE('',*,*,#2935,.F.);
#4164=ORIENTED_EDGE('',*,*,#3121,.T.);
#4165=ORIENTED_EDGE('',*,*,#3112,.T.);
#4166=ORIENTED_EDGE('',*,*,#3122,.F.);
#4167=ORIENTED_EDGE('',*,*,#2936,.F.);
#4168=ORIENTED_EDGE('',*,*,#3122,.T.);
#4169=ORIENTED_EDGE('',*,*,#3120,.T.);
#4170=ORIENTED_EDGE('',*,*,#3123,.F.);
#4171=ORIENTED_EDGE('',*,*,#2937,.F.);
#4172=ORIENTED_EDGE('',*,*,#3123,.T.);
#4173=ORIENTED_EDGE('',*,*,#3119,.T.);
#4174=ORIENTED_EDGE('',*,*,#3124,.F.);
#4175=ORIENTED_EDGE('',*,*,#2938,.F.);
#4176=ORIENTED_EDGE('',*,*,#3124,.T.);
#4177=ORIENTED_EDGE('',*,*,#3118,.T.);
#4178=ORIENTED_EDGE('',*,*,#3125,.F.);
#4179=ORIENTED_EDGE('',*,*,#2939,.F.);
#4180=ORIENTED_EDGE('',*,*,#3125,.T.);
#4181=ORIENTED_EDGE('',*,*,#3117,.T.);
#4182=ORIENTED_EDGE('',*,*,#3126,.F.);
#4183=ORIENTED_EDGE('',*,*,#2940,.F.);
#4184=ORIENTED_EDGE('',*,*,#3126,.T.);
#4185=ORIENTED_EDGE('',*,*,#3116,.T.);
#4186=ORIENTED_EDGE('',*,*,#3127,.F.);
#4187=ORIENTED_EDGE('',*,*,#2941,.F.);
#4188=ORIENTED_EDGE('',*,*,#3127,.T.);
#4189=ORIENTED_EDGE('',*,*,#3115,.T.);
#4190=ORIENTED_EDGE('',*,*,#3128,.F.);
#4191=ORIENTED_EDGE('',*,*,#2942,.F.);
#4192=ORIENTED_EDGE('',*,*,#3128,.T.);
#4193=ORIENTED_EDGE('',*,*,#3114,.T.);
#4194=ORIENTED_EDGE('',*,*,#3129,.F.);
#4195=ORIENTED_EDGE('',*,*,#2934,.F.);
#4196=ORIENTED_EDGE('',*,*,#3129,.T.);
#4197=ORIENTED_EDGE('',*,*,#3113,.T.);
#4198=ORIENTED_EDGE('',*,*,#3121,.F.);
#4199=ORIENTED_EDGE('',*,*,#3130,.F.);
#4200=ORIENTED_EDGE('',*,*,#3131,.F.);
#4201=ORIENTED_EDGE('',*,*,#3132,.F.);
#4202=ORIENTED_EDGE('',*,*,#3133,.F.);
#4203=ORIENTED_EDGE('',*,*,#3134,.F.);
#4204=ORIENTED_EDGE('',*,*,#3135,.F.);
#4205=ORIENTED_EDGE('',*,*,#3136,.F.);
#4206=ORIENTED_EDGE('',*,*,#3137,.F.);
#4207=ORIENTED_EDGE('',*,*,#3138,.F.);
#4208=ORIENTED_EDGE('',*,*,#3139,.F.);
#4209=ORIENTED_EDGE('',*,*,#3140,.F.);
#4210=ORIENTED_EDGE('',*,*,#3141,.F.);
#4211=ORIENTED_EDGE('',*,*,#3142,.F.);
#4212=ORIENTED_EDGE('',*,*,#3143,.F.);
#4213=ORIENTED_EDGE('',*,*,#2944,.F.);
#4214=ORIENTED_EDGE('',*,*,#3144,.T.);
#4215=ORIENTED_EDGE('',*,*,#3130,.T.);
#4216=ORIENTED_EDGE('',*,*,#3145,.F.);
#4217=ORIENTED_EDGE('',*,*,#2945,.F.);
#4218=ORIENTED_EDGE('',*,*,#3145,.T.);
#4219=ORIENTED_EDGE('',*,*,#3140,.T.);
#4220=ORIENTED_EDGE('',*,*,#3146,.F.);
#4221=ORIENTED_EDGE('',*,*,#2946,.F.);
#4222=ORIENTED_EDGE('',*,*,#3146,.T.);
#4223=ORIENTED_EDGE('',*,*,#3139,.T.);
#4224=ORIENTED_EDGE('',*,*,#3147,.F.);
#4225=ORIENTED_EDGE('',*,*,#2947,.F.);
#4226=ORIENTED_EDGE('',*,*,#3147,.T.);
#4227=ORIENTED_EDGE('',*,*,#3138,.T.);
#4228=ORIENTED_EDGE('',*,*,#3148,.F.);
#4229=ORIENTED_EDGE('',*,*,#2948,.F.);
#4230=ORIENTED_EDGE('',*,*,#3148,.T.);
#4231=ORIENTED_EDGE('',*,*,#3137,.T.);
#4232=ORIENTED_EDGE('',*,*,#3149,.F.);
#4233=ORIENTED_EDGE('',*,*,#2949,.F.);
#4234=ORIENTED_EDGE('',*,*,#3149,.T.);
#4235=ORIENTED_EDGE('',*,*,#3136,.T.);
#4236=ORIENTED_EDGE('',*,*,#3150,.F.);
#4237=ORIENTED_EDGE('',*,*,#2950,.F.);
#4238=ORIENTED_EDGE('',*,*,#3150,.T.);
#4239=ORIENTED_EDGE('',*,*,#3135,.T.);
#4240=ORIENTED_EDGE('',*,*,#3151,.F.);
#4241=ORIENTED_EDGE('',*,*,#2951,.F.);
#4242=ORIENTED_EDGE('',*,*,#3151,.T.);
#4243=ORIENTED_EDGE('',*,*,#3134,.T.);
#4244=ORIENTED_EDGE('',*,*,#3152,.F.);
#4245=ORIENTED_EDGE('',*,*,#2952,.F.);
#4246=ORIENTED_EDGE('',*,*,#3152,.T.);
#4247=ORIENTED_EDGE('',*,*,#3133,.T.);
#4248=ORIENTED_EDGE('',*,*,#3153,.F.);
#4249=ORIENTED_EDGE('',*,*,#2953,.F.);
#4250=ORIENTED_EDGE('',*,*,#3153,.T.);
#4251=ORIENTED_EDGE('',*,*,#3132,.T.);
#4252=ORIENTED_EDGE('',*,*,#3154,.F.);
#4253=ORIENTED_EDGE('',*,*,#2943,.F.);
#4254=ORIENTED_EDGE('',*,*,#3154,.T.);
#4255=ORIENTED_EDGE('',*,*,#3131,.T.);
#4256=ORIENTED_EDGE('',*,*,#3144,.F.);
#4257=ORIENTED_EDGE('',*,*,#3040,.F.);
#4258=ORIENTED_EDGE('',*,*,#3155,.T.);
#4259=ORIENTED_EDGE('',*,*,#3141,.T.);
#4260=ORIENTED_EDGE('',*,*,#3156,.F.);
#4261=ORIENTED_EDGE('',*,*,#3041,.F.);
#4262=ORIENTED_EDGE('',*,*,#3156,.T.);
#4263=ORIENTED_EDGE('',*,*,#3143,.T.);
#4264=ORIENTED_EDGE('',*,*,#3157,.F.);
#4265=ORIENTED_EDGE('',*,*,#3039,.F.);
#4266=ORIENTED_EDGE('',*,*,#3157,.T.);
#4267=ORIENTED_EDGE('',*,*,#3142,.T.);
#4268=ORIENTED_EDGE('',*,*,#3155,.F.);
#4269=ORIENTED_EDGE('',*,*,#3158,.F.);
#4270=ORIENTED_EDGE('',*,*,#3159,.F.);
#4271=ORIENTED_EDGE('',*,*,#3160,.F.);
#4272=ORIENTED_EDGE('',*,*,#3161,.F.);
#4273=ORIENTED_EDGE('',*,*,#3162,.F.);
#4274=ORIENTED_EDGE('',*,*,#3163,.F.);
#4275=ORIENTED_EDGE('',*,*,#3164,.F.);
#4276=ORIENTED_EDGE('',*,*,#3165,.F.);
#4277=ORIENTED_EDGE('',*,*,#3166,.F.);
#4278=ORIENTED_EDGE('',*,*,#3167,.F.);
#4279=ORIENTED_EDGE('',*,*,#3168,.F.);
#4280=ORIENTED_EDGE('',*,*,#3169,.F.);
#4281=ORIENTED_EDGE('',*,*,#3170,.F.);
#4282=ORIENTED_EDGE('',*,*,#3171,.F.);
#4283=ORIENTED_EDGE('',*,*,#3172,.F.);
#4284=ORIENTED_EDGE('',*,*,#3173,.F.);
#4285=ORIENTED_EDGE('',*,*,#3174,.F.);
#4286=ORIENTED_EDGE('',*,*,#3175,.F.);
#4287=ORIENTED_EDGE('',*,*,#3176,.F.);
#4288=ORIENTED_EDGE('',*,*,#2955,.F.);
#4289=ORIENTED_EDGE('',*,*,#3177,.T.);
#4290=ORIENTED_EDGE('',*,*,#3158,.T.);
#4291=ORIENTED_EDGE('',*,*,#3178,.F.);
#4292=ORIENTED_EDGE('',*,*,#2956,.F.);
#4293=ORIENTED_EDGE('',*,*,#3178,.T.);
#4294=ORIENTED_EDGE('',*,*,#3168,.T.);
#4295=ORIENTED_EDGE('',*,*,#3179,.F.);
#4296=ORIENTED_EDGE('',*,*,#2957,.F.);
#4297=ORIENTED_EDGE('',*,*,#3179,.T.);
#4298=ORIENTED_EDGE('',*,*,#3167,.T.);
#4299=ORIENTED_EDGE('',*,*,#3180,.F.);
#4300=ORIENTED_EDGE('',*,*,#2958,.F.);
#4301=ORIENTED_EDGE('',*,*,#3180,.T.);
#4302=ORIENTED_EDGE('',*,*,#3166,.T.);
#4303=ORIENTED_EDGE('',*,*,#3181,.F.);
#4304=ORIENTED_EDGE('',*,*,#2959,.F.);
#4305=ORIENTED_EDGE('',*,*,#3181,.T.);
#4306=ORIENTED_EDGE('',*,*,#3165,.T.);
#4307=ORIENTED_EDGE('',*,*,#3182,.F.);
#4308=ORIENTED_EDGE('',*,*,#2960,.F.);
#4309=ORIENTED_EDGE('',*,*,#3182,.T.);
#4310=ORIENTED_EDGE('',*,*,#3164,.T.);
#4311=ORIENTED_EDGE('',*,*,#3183,.F.);
#4312=ORIENTED_EDGE('',*,*,#2961,.F.);
#4313=ORIENTED_EDGE('',*,*,#3183,.T.);
#4314=ORIENTED_EDGE('',*,*,#3163,.T.);
#4315=ORIENTED_EDGE('',*,*,#3184,.F.);
#4316=ORIENTED_EDGE('',*,*,#2962,.F.);
#4317=ORIENTED_EDGE('',*,*,#3184,.T.);
#4318=ORIENTED_EDGE('',*,*,#3162,.T.);
#4319=ORIENTED_EDGE('',*,*,#3185,.F.);
#4320=ORIENTED_EDGE('',*,*,#2963,.F.);
#4321=ORIENTED_EDGE('',*,*,#3185,.T.);
#4322=ORIENTED_EDGE('',*,*,#3161,.T.);
#4323=ORIENTED_EDGE('',*,*,#3186,.F.);
#4324=ORIENTED_EDGE('',*,*,#2964,.F.);
#4325=ORIENTED_EDGE('',*,*,#3186,.T.);
#4326=ORIENTED_EDGE('',*,*,#3160,.T.);
#4327=ORIENTED_EDGE('',*,*,#3187,.F.);
#4328=ORIENTED_EDGE('',*,*,#2954,.F.);
#4329=ORIENTED_EDGE('',*,*,#3187,.T.);
#4330=ORIENTED_EDGE('',*,*,#3159,.T.);
#4331=ORIENTED_EDGE('',*,*,#3177,.F.);
#4332=ORIENTED_EDGE('',*,*,#3032,.F.);
#4333=ORIENTED_EDGE('',*,*,#3188,.T.);
#4334=ORIENTED_EDGE('',*,*,#3169,.T.);
#4335=ORIENTED_EDGE('',*,*,#3189,.F.);
#4336=ORIENTED_EDGE('',*,*,#3033,.F.);
#4337=ORIENTED_EDGE('',*,*,#3189,.T.);
#4338=ORIENTED_EDGE('',*,*,#3176,.T.);
#4339=ORIENTED_EDGE('',*,*,#3190,.F.);
#4340=ORIENTED_EDGE('',*,*,#3034,.F.);
#4341=ORIENTED_EDGE('',*,*,#3190,.T.);
#4342=ORIENTED_EDGE('',*,*,#3175,.T.);
#4343=ORIENTED_EDGE('',*,*,#3191,.F.);
#4344=ORIENTED_EDGE('',*,*,#3035,.F.);
#4345=ORIENTED_EDGE('',*,*,#3191,.T.);
#4346=ORIENTED_EDGE('',*,*,#3174,.T.);
#4347=ORIENTED_EDGE('',*,*,#3192,.F.);
#4348=ORIENTED_EDGE('',*,*,#3036,.F.);
#4349=ORIENTED_EDGE('',*,*,#3192,.T.);
#4350=ORIENTED_EDGE('',*,*,#3173,.T.);
#4351=ORIENTED_EDGE('',*,*,#3193,.F.);
#4352=ORIENTED_EDGE('',*,*,#3037,.F.);
#4353=ORIENTED_EDGE('',*,*,#3193,.T.);
#4354=ORIENTED_EDGE('',*,*,#3172,.T.);
#4355=ORIENTED_EDGE('',*,*,#3194,.F.);
#4356=ORIENTED_EDGE('',*,*,#3038,.F.);
#4357=ORIENTED_EDGE('',*,*,#3194,.T.);
#4358=ORIENTED_EDGE('',*,*,#3171,.T.);
#4359=ORIENTED_EDGE('',*,*,#3195,.F.);
#4360=ORIENTED_EDGE('',*,*,#3031,.F.);
#4361=ORIENTED_EDGE('',*,*,#3195,.T.);
#4362=ORIENTED_EDGE('',*,*,#3170,.T.);
#4363=ORIENTED_EDGE('',*,*,#3188,.F.);
#4364=ORIENTED_EDGE('',*,*,#3196,.F.);
#4365=ORIENTED_EDGE('',*,*,#3197,.F.);
#4366=ORIENTED_EDGE('',*,*,#3198,.F.);
#4367=ORIENTED_EDGE('',*,*,#3199,.F.);
#4368=ORIENTED_EDGE('',*,*,#3200,.F.);
#4369=ORIENTED_EDGE('',*,*,#3201,.F.);
#4370=ORIENTED_EDGE('',*,*,#3202,.F.);
#4371=ORIENTED_EDGE('',*,*,#3203,.F.);
#4372=ORIENTED_EDGE('',*,*,#3204,.F.);
#4373=ORIENTED_EDGE('',*,*,#3205,.F.);
#4374=ORIENTED_EDGE('',*,*,#3206,.F.);
#4375=ORIENTED_EDGE('',*,*,#3207,.F.);
#4376=ORIENTED_EDGE('',*,*,#3208,.F.);
#4377=ORIENTED_EDGE('',*,*,#3209,.F.);
#4378=ORIENTED_EDGE('',*,*,#3210,.F.);
#4379=ORIENTED_EDGE('',*,*,#3211,.F.);
#4380=ORIENTED_EDGE('',*,*,#3212,.F.);
#4381=ORIENTED_EDGE('',*,*,#3213,.F.);
#4382=ORIENTED_EDGE('',*,*,#3214,.F.);
#4383=ORIENTED_EDGE('',*,*,#3215,.F.);
#4384=ORIENTED_EDGE('',*,*,#3216,.F.);
#4385=ORIENTED_EDGE('',*,*,#3217,.F.);
#4386=ORIENTED_EDGE('',*,*,#3218,.F.);
#4387=ORIENTED_EDGE('',*,*,#3219,.F.);
#4388=ORIENTED_EDGE('',*,*,#3220,.F.);
#4389=ORIENTED_EDGE('',*,*,#3221,.F.);
#4390=ORIENTED_EDGE('',*,*,#3222,.F.);
#4391=ORIENTED_EDGE('',*,*,#3223,.F.);
#4392=ORIENTED_EDGE('',*,*,#3224,.F.);
#4393=ORIENTED_EDGE('',*,*,#2966,.F.);
#4394=ORIENTED_EDGE('',*,*,#3225,.T.);
#4395=ORIENTED_EDGE('',*,*,#3196,.T.);
#4396=ORIENTED_EDGE('',*,*,#3226,.F.);
#4397=ORIENTED_EDGE('',*,*,#2967,.F.);
#4398=ORIENTED_EDGE('',*,*,#3226,.T.);
#4399=ORIENTED_EDGE('',*,*,#3224,.T.);
#4400=ORIENTED_EDGE('',*,*,#3227,.F.);
#4401=ORIENTED_EDGE('',*,*,#2968,.F.);
#4402=ORIENTED_EDGE('',*,*,#3227,.T.);
#4403=ORIENTED_EDGE('',*,*,#3223,.T.);
#4404=ORIENTED_EDGE('',*,*,#3228,.F.);
#4405=ORIENTED_EDGE('',*,*,#2969,.F.);
#4406=ORIENTED_EDGE('',*,*,#3228,.T.);
#4407=ORIENTED_EDGE('',*,*,#3222,.T.);
#4408=ORIENTED_EDGE('',*,*,#3229,.F.);
#4409=ORIENTED_EDGE('',*,*,#2970,.F.);
#4410=ORIENTED_EDGE('',*,*,#3229,.T.);
#4411=ORIENTED_EDGE('',*,*,#3221,.T.);
#4412=ORIENTED_EDGE('',*,*,#3230,.F.);
#4413=ORIENTED_EDGE('',*,*,#2971,.F.);
#4414=ORIENTED_EDGE('',*,*,#3230,.T.);
#4415=ORIENTED_EDGE('',*,*,#3220,.T.);
#4416=ORIENTED_EDGE('',*,*,#3231,.F.);
#4417=ORIENTED_EDGE('',*,*,#2972,.F.);
#4418=ORIENTED_EDGE('',*,*,#3231,.T.);
#4419=ORIENTED_EDGE('',*,*,#3219,.T.);
#4420=ORIENTED_EDGE('',*,*,#3232,.F.);
#4421=ORIENTED_EDGE('',*,*,#2973,.F.);
#4422=ORIENTED_EDGE('',*,*,#3232,.T.);
#4423=ORIENTED_EDGE('',*,*,#3218,.T.);
#4424=ORIENTED_EDGE('',*,*,#3233,.F.);
#4425=ORIENTED_EDGE('',*,*,#2974,.F.);
#4426=ORIENTED_EDGE('',*,*,#3233,.T.);
#4427=ORIENTED_EDGE('',*,*,#3217,.T.);
#4428=ORIENTED_EDGE('',*,*,#3234,.F.);
#4429=ORIENTED_EDGE('',*,*,#2975,.F.);
#4430=ORIENTED_EDGE('',*,*,#3234,.T.);
#4431=ORIENTED_EDGE('',*,*,#3216,.T.);
#4432=ORIENTED_EDGE('',*,*,#3235,.F.);
#4433=ORIENTED_EDGE('',*,*,#2976,.F.);
#4434=ORIENTED_EDGE('',*,*,#3235,.T.);
#4435=ORIENTED_EDGE('',*,*,#3215,.T.);
#4436=ORIENTED_EDGE('',*,*,#3236,.F.);
#4437=ORIENTED_EDGE('',*,*,#2977,.F.);
#4438=ORIENTED_EDGE('',*,*,#3236,.T.);
#4439=ORIENTED_EDGE('',*,*,#3214,.T.);
#4440=ORIENTED_EDGE('',*,*,#3237,.F.);
#4441=ORIENTED_EDGE('',*,*,#2978,.F.);
#4442=ORIENTED_EDGE('',*,*,#3237,.T.);
#4443=ORIENTED_EDGE('',*,*,#3213,.T.);
#4444=ORIENTED_EDGE('',*,*,#3238,.F.);
#4445=ORIENTED_EDGE('',*,*,#2979,.F.);
#4446=ORIENTED_EDGE('',*,*,#3238,.T.);
#4447=ORIENTED_EDGE('',*,*,#3212,.T.);
#4448=ORIENTED_EDGE('',*,*,#3239,.F.);
#4449=ORIENTED_EDGE('',*,*,#2980,.F.);
#4450=ORIENTED_EDGE('',*,*,#3239,.T.);
#4451=ORIENTED_EDGE('',*,*,#3211,.T.);
#4452=ORIENTED_EDGE('',*,*,#3240,.F.);
#4453=ORIENTED_EDGE('',*,*,#2981,.F.);
#4454=ORIENTED_EDGE('',*,*,#3240,.T.);
#4455=ORIENTED_EDGE('',*,*,#3210,.T.);
#4456=ORIENTED_EDGE('',*,*,#3241,.F.);
#4457=ORIENTED_EDGE('',*,*,#2982,.F.);
#4458=ORIENTED_EDGE('',*,*,#3241,.T.);
#4459=ORIENTED_EDGE('',*,*,#3209,.T.);
#4460=ORIENTED_EDGE('',*,*,#3242,.F.);
#4461=ORIENTED_EDGE('',*,*,#2983,.F.);
#4462=ORIENTED_EDGE('',*,*,#3242,.T.);
#4463=ORIENTED_EDGE('',*,*,#3208,.T.);
#4464=ORIENTED_EDGE('',*,*,#3243,.F.);
#4465=ORIENTED_EDGE('',*,*,#2984,.F.);
#4466=ORIENTED_EDGE('',*,*,#3243,.T.);
#4467=ORIENTED_EDGE('',*,*,#3207,.T.);
#4468=ORIENTED_EDGE('',*,*,#3244,.F.);
#4469=ORIENTED_EDGE('',*,*,#2985,.F.);
#4470=ORIENTED_EDGE('',*,*,#3244,.T.);
#4471=ORIENTED_EDGE('',*,*,#3206,.T.);
#4472=ORIENTED_EDGE('',*,*,#3245,.F.);
#4473=ORIENTED_EDGE('',*,*,#2986,.F.);
#4474=ORIENTED_EDGE('',*,*,#3245,.T.);
#4475=ORIENTED_EDGE('',*,*,#3205,.T.);
#4476=ORIENTED_EDGE('',*,*,#3246,.F.);
#4477=ORIENTED_EDGE('',*,*,#2987,.F.);
#4478=ORIENTED_EDGE('',*,*,#3246,.T.);
#4479=ORIENTED_EDGE('',*,*,#3204,.T.);
#4480=ORIENTED_EDGE('',*,*,#3247,.F.);
#4481=ORIENTED_EDGE('',*,*,#2988,.F.);
#4482=ORIENTED_EDGE('',*,*,#3247,.T.);
#4483=ORIENTED_EDGE('',*,*,#3203,.T.);
#4484=ORIENTED_EDGE('',*,*,#3248,.F.);
#4485=ORIENTED_EDGE('',*,*,#2989,.F.);
#4486=ORIENTED_EDGE('',*,*,#3248,.T.);
#4487=ORIENTED_EDGE('',*,*,#3202,.T.);
#4488=ORIENTED_EDGE('',*,*,#3249,.F.);
#4489=ORIENTED_EDGE('',*,*,#2990,.F.);
#4490=ORIENTED_EDGE('',*,*,#3249,.T.);
#4491=ORIENTED_EDGE('',*,*,#3201,.T.);
#4492=ORIENTED_EDGE('',*,*,#3250,.F.);
#4493=ORIENTED_EDGE('',*,*,#2991,.F.);
#4494=ORIENTED_EDGE('',*,*,#3250,.T.);
#4495=ORIENTED_EDGE('',*,*,#3200,.T.);
#4496=ORIENTED_EDGE('',*,*,#3251,.F.);
#4497=ORIENTED_EDGE('',*,*,#2992,.F.);
#4498=ORIENTED_EDGE('',*,*,#3251,.T.);
#4499=ORIENTED_EDGE('',*,*,#3199,.T.);
#4500=ORIENTED_EDGE('',*,*,#3252,.F.);
#4501=ORIENTED_EDGE('',*,*,#2993,.F.);
#4502=ORIENTED_EDGE('',*,*,#3252,.T.);
#4503=ORIENTED_EDGE('',*,*,#3198,.T.);
#4504=ORIENTED_EDGE('',*,*,#3253,.F.);
#4505=ORIENTED_EDGE('',*,*,#2965,.F.);
#4506=ORIENTED_EDGE('',*,*,#3253,.T.);
#4507=ORIENTED_EDGE('',*,*,#3197,.T.);
#4508=ORIENTED_EDGE('',*,*,#3225,.F.);
#4509=ORIENTED_EDGE('',*,*,#3254,.F.);
#4510=ORIENTED_EDGE('',*,*,#3255,.T.);
#4511=ORIENTED_EDGE('',*,*,#3256,.T.);
#4512=ORIENTED_EDGE('',*,*,#3257,.T.);
#4513=ORIENTED_EDGE('',*,*,#3258,.T.);
#4514=ORIENTED_EDGE('',*,*,#3259,.T.);
#4515=ORIENTED_EDGE('',*,*,#3260,.T.);
#4516=ORIENTED_EDGE('',*,*,#3261,.F.);
#4517=ORIENTED_EDGE('',*,*,#3262,.T.);
#4518=ORIENTED_EDGE('',*,*,#3263,.T.);
#4519=ORIENTED_EDGE('',*,*,#3264,.T.);
#4520=ORIENTED_EDGE('',*,*,#3265,.T.);
#4521=ORIENTED_EDGE('',*,*,#3266,.T.);
#4522=ORIENTED_EDGE('',*,*,#3267,.F.);
#4523=ORIENTED_EDGE('',*,*,#3268,.F.);
#4524=ORIENTED_EDGE('',*,*,#3269,.T.);
#4525=ORIENTED_EDGE('',*,*,#3270,.T.);
#4526=ORIENTED_EDGE('',*,*,#3271,.T.);
#4527=ORIENTED_EDGE('',*,*,#3272,.F.);
#4528=ORIENTED_EDGE('',*,*,#3273,.F.);
#4529=ORIENTED_EDGE('',*,*,#3274,.F.);
#4530=ORIENTED_EDGE('',*,*,#3275,.F.);
#4531=ORIENTED_EDGE('',*,*,#3276,.F.);
#4532=ORIENTED_EDGE('',*,*,#3277,.F.);
#4533=ORIENTED_EDGE('',*,*,#3278,.F.);
#4534=ORIENTED_EDGE('',*,*,#3279,.F.);
#4535=ORIENTED_EDGE('',*,*,#3280,.F.);
#4536=ORIENTED_EDGE('',*,*,#3281,.F.);
#4537=ORIENTED_EDGE('',*,*,#3282,.T.);
#4538=ORIENTED_EDGE('',*,*,#3283,.T.);
#4539=ORIENTED_EDGE('',*,*,#3284,.F.);
#4540=ORIENTED_EDGE('',*,*,#3285,.F.);
#4541=ORIENTED_EDGE('',*,*,#3286,.T.);
#4542=ORIENTED_EDGE('',*,*,#3287,.T.);
#4543=ORIENTED_EDGE('',*,*,#3288,.F.);
#4544=ORIENTED_EDGE('',*,*,#3289,.T.);
#4545=ORIENTED_EDGE('',*,*,#3290,.T.);
#4546=ORIENTED_EDGE('',*,*,#3291,.T.);
#4547=ORIENTED_EDGE('',*,*,#3292,.T.);
#4548=ORIENTED_EDGE('',*,*,#3293,.F.);
#4549=ORIENTED_EDGE('',*,*,#3294,.T.);
#4550=ORIENTED_EDGE('',*,*,#3295,.F.);
#4551=ORIENTED_EDGE('',*,*,#3296,.T.);
#4552=ORIENTED_EDGE('',*,*,#3297,.F.);
#4553=ORIENTED_EDGE('',*,*,#3298,.T.);
#4554=ORIENTED_EDGE('',*,*,#3299,.F.);
#4555=ORIENTED_EDGE('',*,*,#3300,.T.);
#4556=ORIENTED_EDGE('',*,*,#3301,.F.);
#4557=ORIENTED_EDGE('',*,*,#3302,.T.);
#4558=ORIENTED_EDGE('',*,*,#3303,.F.);
#4559=ORIENTED_EDGE('',*,*,#3304,.T.);
#4560=ORIENTED_EDGE('',*,*,#3305,.F.);
#4561=ORIENTED_EDGE('',*,*,#3306,.T.);
#4562=ORIENTED_EDGE('',*,*,#3307,.F.);
#4563=ORIENTED_EDGE('',*,*,#3308,.T.);
#4564=ORIENTED_EDGE('',*,*,#3309,.T.);
#4565=ORIENTED_EDGE('',*,*,#3310,.T.);
#4566=ORIENTED_EDGE('',*,*,#3311,.F.);
#4567=ORIENTED_EDGE('',*,*,#3312,.F.);
#4568=ORIENTED_EDGE('',*,*,#3313,.T.);
#4569=ORIENTED_EDGE('',*,*,#3314,.F.);
#4570=ORIENTED_EDGE('',*,*,#3315,.T.);
#4571=ORIENTED_EDGE('',*,*,#3316,.F.);
#4572=ORIENTED_EDGE('',*,*,#3317,.T.);
#4573=ORIENTED_EDGE('',*,*,#3318,.F.);
#4574=ORIENTED_EDGE('',*,*,#3319,.T.);
#4575=ORIENTED_EDGE('',*,*,#3320,.F.);
#4576=ORIENTED_EDGE('',*,*,#3321,.T.);
#4577=ORIENTED_EDGE('',*,*,#3322,.F.);
#4578=ORIENTED_EDGE('',*,*,#3323,.T.);
#4579=ORIENTED_EDGE('',*,*,#3310,.F.);
#4580=ORIENTED_EDGE('',*,*,#3324,.F.);
#4581=ORIENTED_EDGE('',*,*,#3262,.F.);
#4582=ORIENTED_EDGE('',*,*,#3325,.F.);
#4583=ORIENTED_EDGE('',*,*,#3263,.F.);
#4584=ORIENTED_EDGE('',*,*,#3324,.T.);
#4585=ORIENTED_EDGE('',*,*,#3309,.F.);
#4586=ORIENTED_EDGE('',*,*,#3326,.T.);
#4587=ORIENTED_EDGE('',*,*,#3327,.T.);
#4588=ORIENTED_EDGE('',*,*,#3328,.T.);
#4589=ORIENTED_EDGE('',*,*,#3329,.T.);
#4590=ORIENTED_EDGE('',*,*,#3330,.T.);
#4591=ORIENTED_EDGE('',*,*,#3331,.T.);
#4592=ORIENTED_EDGE('',*,*,#3332,.T.);
#4593=ORIENTED_EDGE('',*,*,#3333,.T.);
#4594=ORIENTED_EDGE('',*,*,#3334,.T.);
#4595=ORIENTED_EDGE('',*,*,#3335,.T.);
#4596=ORIENTED_EDGE('',*,*,#3336,.T.);
#4597=ORIENTED_EDGE('',*,*,#3311,.T.);
#4598=ORIENTED_EDGE('',*,*,#3323,.F.);
#4599=ORIENTED_EDGE('',*,*,#3261,.T.);
#4600=ORIENTED_EDGE('',*,*,#3337,.T.);
#4601=ORIENTED_EDGE('',*,*,#3338,.T.);
#4602=ORIENTED_EDGE('',*,*,#3339,.T.);
#4603=ORIENTED_EDGE('',*,*,#3340,.F.);
#4604=ORIENTED_EDGE('',*,*,#3341,.T.);
#4605=ORIENTED_EDGE('',*,*,#3269,.F.);
#4606=ORIENTED_EDGE('',*,*,#3325,.T.);
#4607=ORIENTED_EDGE('',*,*,#3308,.F.);
#4608=ORIENTED_EDGE('',*,*,#3339,.F.);
#4609=ORIENTED_EDGE('',*,*,#3264,.F.);
#4610=ORIENTED_EDGE('',*,*,#3342,.T.);
#4611=ORIENTED_EDGE('',*,*,#3343,.T.);
#4612=ORIENTED_EDGE('',*,*,#3344,.T.);
#4613=ORIENTED_EDGE('',*,*,#3335,.F.);
#4614=ORIENTED_EDGE('',*,*,#3345,.F.);
#4615=ORIENTED_EDGE('',*,*,#3346,.T.);
#4616=ORIENTED_EDGE('',*,*,#3342,.F.);
#4617=ORIENTED_EDGE('',*,*,#3334,.F.);
#4618=ORIENTED_EDGE('',*,*,#3344,.F.);
#4619=ORIENTED_EDGE('',*,*,#3347,.T.);
#4620=ORIENTED_EDGE('',*,*,#3313,.F.);
#4621=ORIENTED_EDGE('',*,*,#3312,.T.);
#4622=ORIENTED_EDGE('',*,*,#3336,.F.);
#4623=ORIENTED_EDGE('',*,*,#3259,.F.);
#4624=ORIENTED_EDGE('',*,*,#3348,.T.);
#4625=ORIENTED_EDGE('',*,*,#3314,.T.);
#4626=ORIENTED_EDGE('',*,*,#3347,.F.);
#4627=ORIENTED_EDGE('',*,*,#3343,.F.);
#4628=ORIENTED_EDGE('',*,*,#3346,.F.);
#4629=ORIENTED_EDGE('',*,*,#3349,.T.);
#4630=ORIENTED_EDGE('',*,*,#3350,.F.);
#4631=ORIENTED_EDGE('',*,*,#3351,.F.);
#4632=ORIENTED_EDGE('',*,*,#3352,.F.);
#4633=ORIENTED_EDGE('',*,*,#3353,.F.);
#4634=ORIENTED_EDGE('',*,*,#3354,.F.);
#4635=ORIENTED_EDGE('',*,*,#3345,.T.);
#4636=ORIENTED_EDGE('',*,*,#3333,.F.);
#4637=ORIENTED_EDGE('',*,*,#3355,.F.);
#4638=ORIENTED_EDGE('',*,*,#3349,.F.);
#4639=ORIENTED_EDGE('',*,*,#3356,.T.);
#4640=ORIENTED_EDGE('',*,*,#3357,.F.);
#4641=ORIENTED_EDGE('',*,*,#3358,.T.);
#4642=ORIENTED_EDGE('',*,*,#3359,.T.);
#4643=ORIENTED_EDGE('',*,*,#3360,.T.);
#4644=ORIENTED_EDGE('',*,*,#3361,.T.);
#4645=ORIENTED_EDGE('',*,*,#3362,.T.);
#4646=ORIENTED_EDGE('',*,*,#3363,.F.);
#4647=ORIENTED_EDGE('',*,*,#3340,.T.);
#4648=ORIENTED_EDGE('',*,*,#3364,.F.);
#4649=ORIENTED_EDGE('',*,*,#3365,.T.);
#4650=ORIENTED_EDGE('',*,*,#3366,.T.);
#4651=ORIENTED_EDGE('',*,*,#3367,.T.);
#4652=ORIENTED_EDGE('',*,*,#3368,.F.);
#4653=ORIENTED_EDGE('',*,*,#3369,.T.);
#4654=ORIENTED_EDGE('',*,*,#3370,.T.);
#4655=ORIENTED_EDGE('',*,*,#3371,.T.);
#4656=ORIENTED_EDGE('',*,*,#3372,.F.);
#4657=ORIENTED_EDGE('',*,*,#3373,.T.);
#4658=ORIENTED_EDGE('',*,*,#3374,.T.);
#4659=ORIENTED_EDGE('',*,*,#3375,.T.);
#4660=ORIENTED_EDGE('',*,*,#3376,.F.);
#4661=ORIENTED_EDGE('',*,*,#3377,.T.);
#4662=ORIENTED_EDGE('',*,*,#3378,.T.);
#4663=ORIENTED_EDGE('',*,*,#3379,.T.);
#4664=ORIENTED_EDGE('',*,*,#3352,.T.);
#4665=ORIENTED_EDGE('',*,*,#3380,.F.);
#4666=ORIENTED_EDGE('',*,*,#3326,.F.);
#4667=ORIENTED_EDGE('',*,*,#3381,.T.);
#4668=ORIENTED_EDGE('',*,*,#3353,.T.);
#4669=ORIENTED_EDGE('',*,*,#3379,.F.);
#4670=ORIENTED_EDGE('',*,*,#3338,.F.);
#4671=ORIENTED_EDGE('',*,*,#3260,.F.);
#4672=ORIENTED_EDGE('',*,*,#3354,.T.);
#4673=ORIENTED_EDGE('',*,*,#3381,.F.);
#4674=ORIENTED_EDGE('',*,*,#3337,.F.);
#4675=ORIENTED_EDGE('',*,*,#3380,.T.);
#4676=ORIENTED_EDGE('',*,*,#3351,.T.);
#4677=ORIENTED_EDGE('',*,*,#3382,.T.);
#4678=ORIENTED_EDGE('',*,*,#3327,.F.);
#4679=ORIENTED_EDGE('',*,*,#3382,.F.);
#4680=ORIENTED_EDGE('',*,*,#3350,.T.);
#4681=ORIENTED_EDGE('',*,*,#3355,.T.);
#4682=ORIENTED_EDGE('',*,*,#3332,.F.);
#4683=ORIENTED_EDGE('',*,*,#3383,.F.);
#4684=ORIENTED_EDGE('',*,*,#3384,.T.);
#4685=ORIENTED_EDGE('',*,*,#3385,.T.);
#4686=ORIENTED_EDGE('',*,*,#3328,.F.);
#4687=ORIENTED_EDGE('',*,*,#3303,.T.);
#4688=ORIENTED_EDGE('',*,*,#3386,.F.);
#4689=ORIENTED_EDGE('',*,*,#3387,.F.);
#4690=ORIENTED_EDGE('',*,*,#3388,.F.);
#4691=ORIENTED_EDGE('',*,*,#3389,.F.);
#4692=ORIENTED_EDGE('',*,*,#3305,.T.);
#4693=ORIENTED_EDGE('',*,*,#3390,.F.);
#4694=ORIENTED_EDGE('',*,*,#3391,.F.);
#4695=ORIENTED_EDGE('',*,*,#3392,.T.);
#4696=ORIENTED_EDGE('',*,*,#3393,.F.);
#4697=ORIENTED_EDGE('',*,*,#3394,.T.);
#4698=ORIENTED_EDGE('',*,*,#3388,.T.);
#4699=ORIENTED_EDGE('',*,*,#3395,.T.);
#4700=ORIENTED_EDGE('',*,*,#3391,.T.);
#4701=ORIENTED_EDGE('',*,*,#3386,.T.);
#4702=ORIENTED_EDGE('',*,*,#3302,.F.);
#4703=ORIENTED_EDGE('',*,*,#3396,.T.);
#4704=ORIENTED_EDGE('',*,*,#3397,.T.);
#4705=ORIENTED_EDGE('',*,*,#3301,.T.);
#4706=ORIENTED_EDGE('',*,*,#3398,.F.);
#4707=ORIENTED_EDGE('',*,*,#3399,.T.);
#4708=ORIENTED_EDGE('',*,*,#3400,.T.);
#4709=ORIENTED_EDGE('',*,*,#3396,.F.);
#4710=ORIENTED_EDGE('',*,*,#3399,.F.);
#4711=ORIENTED_EDGE('',*,*,#3401,.T.);
#4712=ORIENTED_EDGE('',*,*,#3402,.F.);
#4713=ORIENTED_EDGE('',*,*,#3403,.F.);
#4714=ORIENTED_EDGE('',*,*,#3299,.T.);
#4715=ORIENTED_EDGE('',*,*,#3404,.F.);
#4716=ORIENTED_EDGE('',*,*,#3405,.F.);
#4717=ORIENTED_EDGE('',*,*,#3402,.T.);
#4718=ORIENTED_EDGE('',*,*,#3406,.F.);
#4719=ORIENTED_EDGE('',*,*,#3393,.T.);
#4720=ORIENTED_EDGE('',*,*,#3407,.T.);
#4721=ORIENTED_EDGE('',*,*,#3408,.T.);
#4722=ORIENTED_EDGE('',*,*,#3306,.F.);
#4723=ORIENTED_EDGE('',*,*,#3297,.T.);
#4724=ORIENTED_EDGE('',*,*,#3409,.F.);
#4725=ORIENTED_EDGE('',*,*,#3410,.T.);
#4726=ORIENTED_EDGE('',*,*,#3411,.T.);
#4727=ORIENTED_EDGE('',*,*,#3412,.F.);
#4728=ORIENTED_EDGE('',*,*,#3410,.F.);
#4729=ORIENTED_EDGE('',*,*,#3413,.T.);
#4730=ORIENTED_EDGE('',*,*,#3414,.F.);
#4731=ORIENTED_EDGE('',*,*,#3415,.F.);
#4732=ORIENTED_EDGE('',*,*,#3295,.T.);
#4733=ORIENTED_EDGE('',*,*,#3416,.F.);
#4734=ORIENTED_EDGE('',*,*,#3417,.F.);
#4735=ORIENTED_EDGE('',*,*,#3414,.T.);
#4736=ORIENTED_EDGE('',*,*,#3418,.F.);
#4737=ORIENTED_EDGE('',*,*,#3404,.T.);
#4738=ORIENTED_EDGE('',*,*,#3298,.F.);
#4739=ORIENTED_EDGE('',*,*,#3412,.T.);
#4740=ORIENTED_EDGE('',*,*,#3419,.T.);
#4741=ORIENTED_EDGE('',*,*,#3293,.T.);
#4742=ORIENTED_EDGE('',*,*,#3420,.F.);
#4743=ORIENTED_EDGE('',*,*,#3421,.T.);
#4744=ORIENTED_EDGE('',*,*,#3422,.T.);
#4745=ORIENTED_EDGE('',*,*,#3423,.F.);
#4746=ORIENTED_EDGE('',*,*,#3421,.F.);
#4747=ORIENTED_EDGE('',*,*,#3424,.T.);
#4748=ORIENTED_EDGE('',*,*,#3425,.F.);
#4749=ORIENTED_EDGE('',*,*,#3426,.F.);
#4750=ORIENTED_EDGE('',*,*,#3322,.T.);
#4751=ORIENTED_EDGE('',*,*,#3427,.F.);
#4752=ORIENTED_EDGE('',*,*,#3428,.F.);
#4753=ORIENTED_EDGE('',*,*,#3425,.T.);
#4754=ORIENTED_EDGE('',*,*,#3429,.F.);
#4755=ORIENTED_EDGE('',*,*,#3416,.T.);
#4756=ORIENTED_EDGE('',*,*,#3294,.F.);
#4757=ORIENTED_EDGE('',*,*,#3423,.T.);
#4758=ORIENTED_EDGE('',*,*,#3430,.T.);
#4759=ORIENTED_EDGE('',*,*,#3320,.T.);
#4760=ORIENTED_EDGE('',*,*,#3431,.F.);
#4761=ORIENTED_EDGE('',*,*,#3432,.T.);
#4762=ORIENTED_EDGE('',*,*,#3433,.T.);
#4763=ORIENTED_EDGE('',*,*,#3434,.F.);
#4764=ORIENTED_EDGE('',*,*,#3432,.F.);
#4765=ORIENTED_EDGE('',*,*,#3435,.T.);
#4766=ORIENTED_EDGE('',*,*,#3436,.F.);
#4767=ORIENTED_EDGE('',*,*,#3437,.F.);
#4768=ORIENTED_EDGE('',*,*,#3318,.T.);
#4769=ORIENTED_EDGE('',*,*,#3438,.F.);
#4770=ORIENTED_EDGE('',*,*,#3439,.F.);
#4771=ORIENTED_EDGE('',*,*,#3436,.T.);
#4772=ORIENTED_EDGE('',*,*,#3440,.F.);
#4773=ORIENTED_EDGE('',*,*,#3427,.T.);
#4774=ORIENTED_EDGE('',*,*,#3321,.F.);
#4775=ORIENTED_EDGE('',*,*,#3434,.T.);
#4776=ORIENTED_EDGE('',*,*,#3441,.T.);
#4777=ORIENTED_EDGE('',*,*,#3316,.T.);
#4778=ORIENTED_EDGE('',*,*,#3442,.F.);
#4779=ORIENTED_EDGE('',*,*,#3443,.F.);
#4780=ORIENTED_EDGE('',*,*,#3444,.T.);
#4781=ORIENTED_EDGE('',*,*,#3307,.T.);
#4782=ORIENTED_EDGE('',*,*,#3408,.F.);
#4783=ORIENTED_EDGE('',*,*,#3445,.F.);
#4784=ORIENTED_EDGE('',*,*,#3446,.F.);
#4785=ORIENTED_EDGE('',*,*,#3438,.T.);
#4786=ORIENTED_EDGE('',*,*,#3317,.F.);
#4787=ORIENTED_EDGE('',*,*,#3444,.F.);
#4788=ORIENTED_EDGE('',*,*,#3447,.T.);
#4789=ORIENTED_EDGE('',*,*,#3440,.T.);
#4790=ORIENTED_EDGE('',*,*,#3448,.T.);
#4791=ORIENTED_EDGE('',*,*,#3442,.T.);
#4792=ORIENTED_EDGE('',*,*,#3361,.F.);
#4793=ORIENTED_EDGE('',*,*,#3449,.F.);
#4794=ORIENTED_EDGE('',*,*,#3450,.T.);
#4795=ORIENTED_EDGE('',*,*,#3383,.T.);
#4796=ORIENTED_EDGE('',*,*,#3331,.F.);
#4797=ORIENTED_EDGE('',*,*,#3447,.F.);
#4798=ORIENTED_EDGE('',*,*,#3443,.T.);
#4799=ORIENTED_EDGE('',*,*,#3448,.F.);
#4800=ORIENTED_EDGE('',*,*,#3435,.F.);
#4801=ORIENTED_EDGE('',*,*,#3451,.F.);
#4802=ORIENTED_EDGE('',*,*,#3424,.F.);
#4803=ORIENTED_EDGE('',*,*,#3452,.F.);
#4804=ORIENTED_EDGE('',*,*,#3413,.F.);
#4805=ORIENTED_EDGE('',*,*,#3453,.F.);
#4806=ORIENTED_EDGE('',*,*,#3401,.F.);
#4807=ORIENTED_EDGE('',*,*,#3454,.F.);
#4808=ORIENTED_EDGE('',*,*,#3394,.F.);
#4809=ORIENTED_EDGE('',*,*,#3455,.F.);
#4810=ORIENTED_EDGE('',*,*,#3445,.T.);
#4811=ORIENTED_EDGE('',*,*,#3407,.F.);
#4812=ORIENTED_EDGE('',*,*,#3392,.F.);
#4813=ORIENTED_EDGE('',*,*,#3395,.F.);
#4814=ORIENTED_EDGE('',*,*,#3387,.T.);
#4815=ORIENTED_EDGE('',*,*,#3397,.F.);
#4816=ORIENTED_EDGE('',*,*,#3400,.F.);
#4817=ORIENTED_EDGE('',*,*,#3403,.T.);
#4818=ORIENTED_EDGE('',*,*,#3405,.T.);
#4819=ORIENTED_EDGE('',*,*,#3419,.F.);
#4820=ORIENTED_EDGE('',*,*,#3411,.F.);
#4821=ORIENTED_EDGE('',*,*,#3415,.T.);
#4822=ORIENTED_EDGE('',*,*,#3417,.T.);
#4823=ORIENTED_EDGE('',*,*,#3430,.F.);
#4824=ORIENTED_EDGE('',*,*,#3422,.F.);
#4825=ORIENTED_EDGE('',*,*,#3426,.T.);
#4826=ORIENTED_EDGE('',*,*,#3428,.T.);
#4827=ORIENTED_EDGE('',*,*,#3441,.F.);
#4828=ORIENTED_EDGE('',*,*,#3433,.F.);
#4829=ORIENTED_EDGE('',*,*,#3437,.T.);
#4830=ORIENTED_EDGE('',*,*,#3439,.T.);
#4831=ORIENTED_EDGE('',*,*,#3456,.T.);
#4832=ORIENTED_EDGE('',*,*,#3271,.F.);
#4833=ORIENTED_EDGE('',*,*,#3457,.F.);
#4834=ORIENTED_EDGE('',*,*,#3362,.F.);
#4835=ORIENTED_EDGE('',*,*,#3348,.F.);
#4836=ORIENTED_EDGE('',*,*,#3258,.F.);
#4837=ORIENTED_EDGE('',*,*,#3456,.F.);
#4838=ORIENTED_EDGE('',*,*,#3315,.F.);
#4839=ORIENTED_EDGE('',*,*,#3458,.T.);
#4840=ORIENTED_EDGE('',*,*,#3459,.T.);
#4841=ORIENTED_EDGE('',*,*,#3384,.F.);
#4842=ORIENTED_EDGE('',*,*,#3450,.F.);
#4843=ORIENTED_EDGE('',*,*,#3460,.F.);
#4844=ORIENTED_EDGE('',*,*,#3458,.F.);
#4845=ORIENTED_EDGE('',*,*,#3449,.T.);
#4846=ORIENTED_EDGE('',*,*,#3330,.F.);
#4847=ORIENTED_EDGE('',*,*,#3363,.T.);
#4848=ORIENTED_EDGE('',*,*,#3457,.T.);
#4849=ORIENTED_EDGE('',*,*,#3270,.F.);
#4850=ORIENTED_EDGE('',*,*,#3341,.F.);
#4851=ORIENTED_EDGE('',*,*,#3461,.T.);
#4852=ORIENTED_EDGE('',*,*,#3272,.T.);
#4853=ORIENTED_EDGE('',*,*,#3462,.T.);
#4854=ORIENTED_EDGE('',*,*,#3463,.F.);
#4855=ORIENTED_EDGE('',*,*,#3464,.F.);
#4856=ORIENTED_EDGE('',*,*,#3465,.F.);
#4857=ORIENTED_EDGE('',*,*,#3466,.T.);
#4858=ORIENTED_EDGE('',*,*,#3467,.F.);
#4859=ORIENTED_EDGE('',*,*,#3468,.T.);
#4860=ORIENTED_EDGE('',*,*,#3469,.F.);
#4861=ORIENTED_EDGE('',*,*,#3470,.T.);
#4862=ORIENTED_EDGE('',*,*,#3467,.T.);
#4863=ORIENTED_EDGE('',*,*,#3471,.T.);
#4864=ORIENTED_EDGE('',*,*,#3472,.F.);
#4865=ORIENTED_EDGE('',*,*,#3473,.F.);
#4866=ORIENTED_EDGE('',*,*,#3256,.F.);
#4867=ORIENTED_EDGE('',*,*,#3474,.T.);
#4868=ORIENTED_EDGE('',*,*,#3475,.F.);
#4869=ORIENTED_EDGE('',*,*,#3476,.T.);
#4870=ORIENTED_EDGE('',*,*,#3290,.F.);
#4871=ORIENTED_EDGE('',*,*,#3477,.T.);
#4872=ORIENTED_EDGE('',*,*,#3274,.T.);
#4873=ORIENTED_EDGE('',*,*,#3478,.T.);
#4874=ORIENTED_EDGE('',*,*,#3479,.F.);
#4875=ORIENTED_EDGE('',*,*,#3480,.T.);
#4876=ORIENTED_EDGE('',*,*,#3266,.F.);
#4877=ORIENTED_EDGE('',*,*,#3481,.F.);
#4878=ORIENTED_EDGE('',*,*,#3482,.F.);
#4879=ORIENTED_EDGE('',*,*,#3385,.F.);
#4880=ORIENTED_EDGE('',*,*,#3459,.F.);
#4881=ORIENTED_EDGE('',*,*,#3460,.T.);
#4882=ORIENTED_EDGE('',*,*,#3329,.F.);
#4883=ORIENTED_EDGE('',*,*,#3483,.T.);
#4884=ORIENTED_EDGE('',*,*,#3484,.T.);
#4885=ORIENTED_EDGE('',*,*,#3485,.T.);
#4886=ORIENTED_EDGE('',*,*,#3486,.F.);
#4887=ORIENTED_EDGE('',*,*,#3487,.T.);
#4888=ORIENTED_EDGE('',*,*,#3482,.T.);
#4889=ORIENTED_EDGE('',*,*,#3488,.F.);
#4890=ORIENTED_EDGE('',*,*,#3489,.T.);
#4891=ORIENTED_EDGE('',*,*,#3490,.T.);
#4892=ORIENTED_EDGE('',*,*,#3491,.T.);
#4893=ORIENTED_EDGE('',*,*,#3492,.T.);
#4894=ORIENTED_EDGE('',*,*,#3493,.F.);
#4895=ORIENTED_EDGE('',*,*,#3494,.T.);
#4896=ORIENTED_EDGE('',*,*,#3495,.T.);
#4897=ORIENTED_EDGE('',*,*,#3475,.T.);
#4898=ORIENTED_EDGE('',*,*,#3496,.F.);
#4899=ORIENTED_EDGE('',*,*,#3497,.F.);
#4900=ORIENTED_EDGE('',*,*,#3463,.T.);
#4901=ORIENTED_EDGE('',*,*,#3498,.T.);
#4902=ORIENTED_EDGE('',*,*,#3472,.T.);
#4903=ORIENTED_EDGE('',*,*,#3479,.T.);
#4904=ORIENTED_EDGE('',*,*,#3499,.T.);
#4905=ORIENTED_EDGE('',*,*,#3469,.T.);
#4906=ORIENTED_EDGE('',*,*,#3500,.F.);
#4907=ORIENTED_EDGE('',*,*,#3501,.T.);
#4908=ORIENTED_EDGE('',*,*,#3276,.T.);
#4909=ORIENTED_EDGE('',*,*,#3502,.T.);
#4910=ORIENTED_EDGE('',*,*,#3494,.F.);
#4911=ORIENTED_EDGE('',*,*,#3503,.T.);
#4912=ORIENTED_EDGE('',*,*,#3492,.F.);
#4913=ORIENTED_EDGE('',*,*,#3504,.T.);
#4914=ORIENTED_EDGE('',*,*,#3286,.F.);
#4915=ORIENTED_EDGE('',*,*,#3505,.T.);
#4916=ORIENTED_EDGE('',*,*,#3278,.T.);
#4917=ORIENTED_EDGE('',*,*,#3506,.T.);
#4918=ORIENTED_EDGE('',*,*,#3490,.F.);
#4919=ORIENTED_EDGE('',*,*,#3507,.T.);
#4920=ORIENTED_EDGE('',*,*,#3485,.F.);
#4921=ORIENTED_EDGE('',*,*,#3508,.T.);
#4922=ORIENTED_EDGE('',*,*,#3282,.F.);
#4923=ORIENTED_EDGE('',*,*,#3509,.T.);
#4924=ORIENTED_EDGE('',*,*,#3280,.T.);
#4925=ORIENTED_EDGE('',*,*,#3510,.T.);
#4926=ORIENTED_EDGE('',*,*,#3483,.F.);
#4927=ORIENTED_EDGE('',*,*,#3511,.T.);
#4928=ORIENTED_EDGE('',*,*,#3489,.F.);
#4929=ORIENTED_EDGE('',*,*,#3512,.T.);
#4930=ORIENTED_EDGE('',*,*,#3268,.T.);
#4931=ORIENTED_EDGE('',*,*,#3507,.F.);
#4932=ORIENTED_EDGE('',*,*,#3281,.T.);
#4933=ORIENTED_EDGE('',*,*,#3509,.F.);
#4934=ORIENTED_EDGE('',*,*,#3486,.T.);
#4935=ORIENTED_EDGE('',*,*,#3480,.F.);
#4936=ORIENTED_EDGE('',*,*,#3487,.F.);
#4937=ORIENTED_EDGE('',*,*,#3511,.F.);
#4938=ORIENTED_EDGE('',*,*,#3267,.T.);
#4939=ORIENTED_EDGE('',*,*,#3265,.F.);
#4940=ORIENTED_EDGE('',*,*,#3512,.F.);
#4941=ORIENTED_EDGE('',*,*,#3488,.T.);
#4942=ORIENTED_EDGE('',*,*,#3481,.T.);
#4943=ORIENTED_EDGE('',*,*,#3257,.F.);
#4944=ORIENTED_EDGE('',*,*,#3473,.T.);
#4945=ORIENTED_EDGE('',*,*,#3498,.F.);
#4946=ORIENTED_EDGE('',*,*,#3462,.F.);
#4947=ORIENTED_EDGE('',*,*,#3319,.F.);
#4948=ORIENTED_EDGE('',*,*,#3513,.F.);
#4949=ORIENTED_EDGE('',*,*,#3514,.F.);
#4950=ORIENTED_EDGE('',*,*,#3515,.F.);
#4951=ORIENTED_EDGE('',*,*,#3516,.F.);
#4952=ORIENTED_EDGE('',*,*,#3357,.T.);
#4953=ORIENTED_EDGE('',*,*,#3429,.T.);
#4954=ORIENTED_EDGE('',*,*,#3451,.T.);
#4955=ORIENTED_EDGE('',*,*,#3431,.T.);
#4956=ORIENTED_EDGE('',*,*,#3517,.T.);
#4957=ORIENTED_EDGE('',*,*,#3518,.F.);
#4958=ORIENTED_EDGE('',*,*,#3519,.T.);
#4959=ORIENTED_EDGE('',*,*,#3464,.T.);
#4960=ORIENTED_EDGE('',*,*,#3470,.F.);
#4961=ORIENTED_EDGE('',*,*,#3499,.F.);
#4962=ORIENTED_EDGE('',*,*,#3478,.F.);
#4963=ORIENTED_EDGE('',*,*,#3520,.T.);
#4964=ORIENTED_EDGE('',*,*,#3521,.T.);
#4965=ORIENTED_EDGE('',*,*,#3522,.F.);
#4966=ORIENTED_EDGE('',*,*,#3461,.F.);
#4967=ORIENTED_EDGE('',*,*,#3497,.T.);
#4968=ORIENTED_EDGE('',*,*,#3471,.F.);
#4969=ORIENTED_EDGE('',*,*,#3466,.F.);
#4970=ORIENTED_EDGE('',*,*,#3518,.T.);
#4971=ORIENTED_EDGE('',*,*,#3523,.T.);
#4972=ORIENTED_EDGE('',*,*,#3521,.F.);
#4973=ORIENTED_EDGE('',*,*,#3524,.F.);
#4974=ORIENTED_EDGE('',*,*,#3519,.F.);
#4975=ORIENTED_EDGE('',*,*,#3524,.T.);
#4976=ORIENTED_EDGE('',*,*,#3520,.F.);
#4977=ORIENTED_EDGE('',*,*,#3465,.T.);
#4978=ORIENTED_EDGE('',*,*,#3273,.T.);
#4979=ORIENTED_EDGE('',*,*,#3522,.T.);
#4980=ORIENTED_EDGE('',*,*,#3523,.F.);
#4981=ORIENTED_EDGE('',*,*,#3517,.F.);
#4982=ORIENTED_EDGE('',*,*,#3513,.T.);
#4983=ORIENTED_EDGE('',*,*,#3360,.F.);
#4984=ORIENTED_EDGE('',*,*,#3525,.F.);
#4985=ORIENTED_EDGE('',*,*,#3526,.F.);
#4986=ORIENTED_EDGE('',*,*,#3516,.T.);
#4987=ORIENTED_EDGE('',*,*,#3527,.F.);
#4988=ORIENTED_EDGE('',*,*,#3528,.F.);
#4989=ORIENTED_EDGE('',*,*,#3358,.F.);
#4990=ORIENTED_EDGE('',*,*,#3515,.T.);
#4991=ORIENTED_EDGE('',*,*,#3514,.T.);
#4992=ORIENTED_EDGE('',*,*,#3526,.T.);
#4993=ORIENTED_EDGE('',*,*,#3529,.F.);
#4994=ORIENTED_EDGE('',*,*,#3527,.T.);
#4995=ORIENTED_EDGE('',*,*,#3359,.F.);
#4996=ORIENTED_EDGE('',*,*,#3528,.T.);
#4997=ORIENTED_EDGE('',*,*,#3529,.T.);
#4998=ORIENTED_EDGE('',*,*,#3525,.T.);
#4999=ORIENTED_EDGE('',*,*,#3296,.F.);
#5000=ORIENTED_EDGE('',*,*,#3530,.F.);
#5001=ORIENTED_EDGE('',*,*,#3531,.F.);
#5002=ORIENTED_EDGE('',*,*,#3532,.F.);
#5003=ORIENTED_EDGE('',*,*,#3533,.F.);
#5004=ORIENTED_EDGE('',*,*,#3372,.T.);
#5005=ORIENTED_EDGE('',*,*,#3406,.T.);
#5006=ORIENTED_EDGE('',*,*,#3453,.T.);
#5007=ORIENTED_EDGE('',*,*,#3409,.T.);
#5008=ORIENTED_EDGE('',*,*,#3534,.T.);
#5009=ORIENTED_EDGE('',*,*,#3535,.F.);
#5010=ORIENTED_EDGE('',*,*,#3536,.T.);
#5011=ORIENTED_EDGE('',*,*,#3287,.F.);
#5012=ORIENTED_EDGE('',*,*,#3504,.F.);
#5013=ORIENTED_EDGE('',*,*,#3491,.F.);
#5014=ORIENTED_EDGE('',*,*,#3506,.F.);
#5015=ORIENTED_EDGE('',*,*,#3277,.T.);
#5016=ORIENTED_EDGE('',*,*,#3537,.T.);
#5017=ORIENTED_EDGE('',*,*,#3538,.F.);
#5018=ORIENTED_EDGE('',*,*,#3534,.F.);
#5019=ORIENTED_EDGE('',*,*,#3539,.T.);
#5020=ORIENTED_EDGE('',*,*,#3540,.T.);
#5021=ORIENTED_EDGE('',*,*,#3537,.F.);
#5022=ORIENTED_EDGE('',*,*,#3501,.F.);
#5023=ORIENTED_EDGE('',*,*,#3496,.T.);
#5024=ORIENTED_EDGE('',*,*,#3474,.F.);
#5025=ORIENTED_EDGE('',*,*,#3289,.F.);
#5026=ORIENTED_EDGE('',*,*,#3535,.T.);
#5027=ORIENTED_EDGE('',*,*,#3538,.T.);
#5028=ORIENTED_EDGE('',*,*,#3540,.F.);
#5029=ORIENTED_EDGE('',*,*,#3541,.F.);
#5030=ORIENTED_EDGE('',*,*,#3541,.T.);
#5031=ORIENTED_EDGE('',*,*,#3539,.F.);
#5032=ORIENTED_EDGE('',*,*,#3288,.T.);
#5033=ORIENTED_EDGE('',*,*,#3536,.F.);
#5034=ORIENTED_EDGE('',*,*,#3530,.T.);
#5035=ORIENTED_EDGE('',*,*,#3375,.F.);
#5036=ORIENTED_EDGE('',*,*,#3542,.F.);
#5037=ORIENTED_EDGE('',*,*,#3543,.F.);
#5038=ORIENTED_EDGE('',*,*,#3532,.T.);
#5039=ORIENTED_EDGE('',*,*,#3531,.T.);
#5040=ORIENTED_EDGE('',*,*,#3543,.T.);
#5041=ORIENTED_EDGE('',*,*,#3544,.F.);
#5042=ORIENTED_EDGE('',*,*,#3545,.T.);
#5043=ORIENTED_EDGE('',*,*,#3533,.T.);
#5044=ORIENTED_EDGE('',*,*,#3545,.F.);
#5045=ORIENTED_EDGE('',*,*,#3546,.F.);
#5046=ORIENTED_EDGE('',*,*,#3373,.F.);
#5047=ORIENTED_EDGE('',*,*,#3374,.F.);
#5048=ORIENTED_EDGE('',*,*,#3546,.T.);
#5049=ORIENTED_EDGE('',*,*,#3544,.T.);
#5050=ORIENTED_EDGE('',*,*,#3542,.T.);
#5051=ORIENTED_EDGE('',*,*,#3304,.F.);
#5052=ORIENTED_EDGE('',*,*,#3547,.F.);
#5053=ORIENTED_EDGE('',*,*,#3548,.F.);
#5054=ORIENTED_EDGE('',*,*,#3549,.F.);
#5055=ORIENTED_EDGE('',*,*,#3364,.T.);
#5056=ORIENTED_EDGE('',*,*,#3446,.T.);
#5057=ORIENTED_EDGE('',*,*,#3455,.T.);
#5058=ORIENTED_EDGE('',*,*,#3390,.T.);
#5059=ORIENTED_EDGE('',*,*,#3366,.F.);
#5060=ORIENTED_EDGE('',*,*,#3550,.T.);
#5061=ORIENTED_EDGE('',*,*,#3551,.T.);
#5062=ORIENTED_EDGE('',*,*,#3552,.T.);
#5063=ORIENTED_EDGE('',*,*,#3549,.T.);
#5064=ORIENTED_EDGE('',*,*,#3553,.F.);
#5065=ORIENTED_EDGE('',*,*,#3550,.F.);
#5066=ORIENTED_EDGE('',*,*,#3365,.F.);
#5067=ORIENTED_EDGE('',*,*,#3548,.T.);
#5068=ORIENTED_EDGE('',*,*,#3554,.T.);
#5069=ORIENTED_EDGE('',*,*,#3551,.F.);
#5070=ORIENTED_EDGE('',*,*,#3553,.T.);
#5071=ORIENTED_EDGE('',*,*,#3547,.T.);
#5072=ORIENTED_EDGE('',*,*,#3367,.F.);
#5073=ORIENTED_EDGE('',*,*,#3552,.F.);
#5074=ORIENTED_EDGE('',*,*,#3554,.F.);
#5075=ORIENTED_EDGE('',*,*,#3555,.T.);
#5076=ORIENTED_EDGE('',*,*,#3556,.F.);
#5077=ORIENTED_EDGE('',*,*,#3557,.T.);
#5078=ORIENTED_EDGE('',*,*,#3283,.F.);
#5079=ORIENTED_EDGE('',*,*,#3508,.F.);
#5080=ORIENTED_EDGE('',*,*,#3484,.F.);
#5081=ORIENTED_EDGE('',*,*,#3510,.F.);
#5082=ORIENTED_EDGE('',*,*,#3279,.T.);
#5083=ORIENTED_EDGE('',*,*,#3558,.T.);
#5084=ORIENTED_EDGE('',*,*,#3559,.F.);
#5085=ORIENTED_EDGE('',*,*,#3555,.F.);
#5086=ORIENTED_EDGE('',*,*,#3556,.T.);
#5087=ORIENTED_EDGE('',*,*,#3559,.T.);
#5088=ORIENTED_EDGE('',*,*,#3560,.F.);
#5089=ORIENTED_EDGE('',*,*,#3561,.F.);
#5090=ORIENTED_EDGE('',*,*,#3561,.T.);
#5091=ORIENTED_EDGE('',*,*,#3562,.F.);
#5092=ORIENTED_EDGE('',*,*,#3284,.T.);
#5093=ORIENTED_EDGE('',*,*,#3557,.F.);
#5094=ORIENTED_EDGE('',*,*,#3562,.T.);
#5095=ORIENTED_EDGE('',*,*,#3560,.T.);
#5096=ORIENTED_EDGE('',*,*,#3558,.F.);
#5097=ORIENTED_EDGE('',*,*,#3505,.F.);
#5098=ORIENTED_EDGE('',*,*,#3493,.T.);
#5099=ORIENTED_EDGE('',*,*,#3503,.F.);
#5100=ORIENTED_EDGE('',*,*,#3285,.T.);
#5101=ORIENTED_EDGE('',*,*,#3300,.F.);
#5102=ORIENTED_EDGE('',*,*,#3563,.F.);
#5103=ORIENTED_EDGE('',*,*,#3564,.F.);
#5104=ORIENTED_EDGE('',*,*,#3565,.F.);
#5105=ORIENTED_EDGE('',*,*,#3566,.F.);
#5106=ORIENTED_EDGE('',*,*,#3368,.T.);
#5107=ORIENTED_EDGE('',*,*,#3389,.T.);
#5108=ORIENTED_EDGE('',*,*,#3454,.T.);
#5109=ORIENTED_EDGE('',*,*,#3398,.T.);
#5110=ORIENTED_EDGE('',*,*,#3563,.T.);
#5111=ORIENTED_EDGE('',*,*,#3371,.F.);
#5112=ORIENTED_EDGE('',*,*,#3567,.F.);
#5113=ORIENTED_EDGE('',*,*,#3568,.F.);
#5114=ORIENTED_EDGE('',*,*,#3566,.T.);
#5115=ORIENTED_EDGE('',*,*,#3569,.F.);
#5116=ORIENTED_EDGE('',*,*,#3570,.F.);
#5117=ORIENTED_EDGE('',*,*,#3369,.F.);
#5118=ORIENTED_EDGE('',*,*,#3565,.T.);
#5119=ORIENTED_EDGE('',*,*,#3564,.T.);
#5120=ORIENTED_EDGE('',*,*,#3568,.T.);
#5121=ORIENTED_EDGE('',*,*,#3571,.F.);
#5122=ORIENTED_EDGE('',*,*,#3569,.T.);
#5123=ORIENTED_EDGE('',*,*,#3370,.F.);
#5124=ORIENTED_EDGE('',*,*,#3570,.T.);
#5125=ORIENTED_EDGE('',*,*,#3571,.T.);
#5126=ORIENTED_EDGE('',*,*,#3567,.T.);
#5127=ORIENTED_EDGE('',*,*,#3292,.F.);
#5128=ORIENTED_EDGE('',*,*,#3572,.F.);
#5129=ORIENTED_EDGE('',*,*,#3573,.F.);
#5130=ORIENTED_EDGE('',*,*,#3574,.F.);
#5131=ORIENTED_EDGE('',*,*,#3575,.F.);
#5132=ORIENTED_EDGE('',*,*,#3376,.T.);
#5133=ORIENTED_EDGE('',*,*,#3418,.T.);
#5134=ORIENTED_EDGE('',*,*,#3452,.T.);
#5135=ORIENTED_EDGE('',*,*,#3420,.T.);
#5136=ORIENTED_EDGE('',*,*,#3576,.T.);
#5137=ORIENTED_EDGE('',*,*,#3577,.T.);
#5138=ORIENTED_EDGE('',*,*,#3578,.F.);
#5139=ORIENTED_EDGE('',*,*,#3477,.F.);
#5140=ORIENTED_EDGE('',*,*,#3500,.T.);
#5141=ORIENTED_EDGE('',*,*,#3468,.F.);
#5142=ORIENTED_EDGE('',*,*,#3255,.F.);
#5143=ORIENTED_EDGE('',*,*,#3275,.T.);
#5144=ORIENTED_EDGE('',*,*,#3578,.T.);
#5145=ORIENTED_EDGE('',*,*,#3579,.F.);
#5146=ORIENTED_EDGE('',*,*,#3580,.F.);
#5147=ORIENTED_EDGE('',*,*,#3580,.T.);
#5148=ORIENTED_EDGE('',*,*,#3581,.F.);
#5149=ORIENTED_EDGE('',*,*,#3582,.T.);
#5150=ORIENTED_EDGE('',*,*,#3291,.F.);
#5151=ORIENTED_EDGE('',*,*,#3476,.F.);
#5152=ORIENTED_EDGE('',*,*,#3495,.F.);
#5153=ORIENTED_EDGE('',*,*,#3502,.F.);
#5154=ORIENTED_EDGE('',*,*,#3581,.T.);
#5155=ORIENTED_EDGE('',*,*,#3579,.T.);
#5156=ORIENTED_EDGE('',*,*,#3577,.F.);
#5157=ORIENTED_EDGE('',*,*,#3583,.F.);
#5158=ORIENTED_EDGE('',*,*,#3583,.T.);
#5159=ORIENTED_EDGE('',*,*,#3576,.F.);
#5160=ORIENTED_EDGE('',*,*,#3254,.T.);
#5161=ORIENTED_EDGE('',*,*,#3582,.F.);
#5162=ORIENTED_EDGE('',*,*,#3572,.T.);
#5163=ORIENTED_EDGE('',*,*,#3356,.F.);
#5164=ORIENTED_EDGE('',*,*,#3584,.F.);
#5165=ORIENTED_EDGE('',*,*,#3585,.F.);
#5166=ORIENTED_EDGE('',*,*,#3575,.T.);
#5167=ORIENTED_EDGE('',*,*,#3586,.F.);
#5168=ORIENTED_EDGE('',*,*,#3587,.F.);
#5169=ORIENTED_EDGE('',*,*,#3377,.F.);
#5170=ORIENTED_EDGE('',*,*,#3574,.T.);
#5171=ORIENTED_EDGE('',*,*,#3573,.T.);
#5172=ORIENTED_EDGE('',*,*,#3585,.T.);
#5173=ORIENTED_EDGE('',*,*,#3588,.F.);
#5174=ORIENTED_EDGE('',*,*,#3586,.T.);
#5175=ORIENTED_EDGE('',*,*,#3378,.F.);
#5176=ORIENTED_EDGE('',*,*,#3587,.T.);
#5177=ORIENTED_EDGE('',*,*,#3588,.T.);
#5178=ORIENTED_EDGE('',*,*,#3584,.T.);
#5179=ORIENTED_EDGE('',*,*,#3589,.T.);
#5180=ORIENTED_EDGE('',*,*,#3590,.T.);
#5181=ORIENTED_EDGE('',*,*,#3591,.T.);
#5182=ORIENTED_EDGE('',*,*,#3592,.T.);
#5183=ORIENTED_EDGE('',*,*,#3593,.F.);
#5184=ORIENTED_EDGE('',*,*,#3594,.F.);
#5185=ORIENTED_EDGE('',*,*,#3589,.F.);
#5186=ORIENTED_EDGE('',*,*,#3595,.F.);
#5187=ORIENTED_EDGE('',*,*,#3595,.T.);
#5188=ORIENTED_EDGE('',*,*,#3592,.F.);
#5189=ORIENTED_EDGE('',*,*,#3596,.T.);
#5190=ORIENTED_EDGE('',*,*,#3597,.F.);
#5191=ORIENTED_EDGE('',*,*,#3598,.F.);
#5192=ORIENTED_EDGE('',*,*,#3596,.F.);
#5193=ORIENTED_EDGE('',*,*,#3591,.F.);
#5194=ORIENTED_EDGE('',*,*,#3599,.F.);
#5195=ORIENTED_EDGE('',*,*,#3594,.T.);
#5196=ORIENTED_EDGE('',*,*,#3600,.F.);
#5197=ORIENTED_EDGE('',*,*,#3599,.T.);
#5198=ORIENTED_EDGE('',*,*,#3590,.F.);
#5199=ORIENTED_EDGE('',*,*,#3601,.T.);
#5200=ORIENTED_EDGE('',*,*,#3602,.T.);
#5201=ORIENTED_EDGE('',*,*,#3603,.T.);
#5202=ORIENTED_EDGE('',*,*,#3604,.T.);
#5203=ORIENTED_EDGE('',*,*,#3605,.T.);
#5204=ORIENTED_EDGE('',*,*,#3606,.T.);
#5205=ORIENTED_EDGE('',*,*,#3607,.T.);
#5206=ORIENTED_EDGE('',*,*,#3608,.T.);
#5207=ORIENTED_EDGE('',*,*,#3609,.F.);
#5208=ORIENTED_EDGE('',*,*,#3605,.F.);
#5209=ORIENTED_EDGE('',*,*,#3610,.F.);
#5210=ORIENTED_EDGE('',*,*,#3601,.F.);
#5211=ORIENTED_EDGE('',*,*,#3597,.T.);
#5212=ORIENTED_EDGE('',*,*,#3598,.T.);
#5213=ORIENTED_EDGE('',*,*,#3600,.T.);
#5214=ORIENTED_EDGE('',*,*,#3593,.T.);
#5215=ORIENTED_EDGE('',*,*,#3610,.T.);
#5216=ORIENTED_EDGE('',*,*,#3608,.F.);
#5217=ORIENTED_EDGE('',*,*,#3611,.T.);
#5218=ORIENTED_EDGE('',*,*,#3602,.F.);
#5219=ORIENTED_EDGE('',*,*,#3609,.T.);
#5220=ORIENTED_EDGE('',*,*,#3604,.F.);
#5221=ORIENTED_EDGE('',*,*,#3612,.T.);
#5222=ORIENTED_EDGE('',*,*,#3606,.F.);
#5223=ORIENTED_EDGE('',*,*,#3612,.F.);
#5224=ORIENTED_EDGE('',*,*,#3603,.F.);
#5225=ORIENTED_EDGE('',*,*,#3611,.F.);
#5226=ORIENTED_EDGE('',*,*,#3607,.F.);
#5227=ORIENTED_EDGE('',*,*,#3613,.T.);
#5228=ORIENTED_EDGE('',*,*,#3614,.F.);
#5229=ORIENTED_EDGE('',*,*,#3615,.F.);
#5230=ORIENTED_EDGE('',*,*,#3616,.F.);
#5231=ORIENTED_EDGE('',*,*,#3617,.F.);
#5232=ORIENTED_EDGE('',*,*,#3618,.F.);
#5233=ORIENTED_EDGE('',*,*,#3619,.F.);
#5234=ORIENTED_EDGE('',*,*,#3613,.F.);
#5235=ORIENTED_EDGE('',*,*,#3620,.F.);
#5236=ORIENTED_EDGE('',*,*,#3615,.T.);
#5237=ORIENTED_EDGE('',*,*,#3621,.F.);
#5238=ORIENTED_EDGE('',*,*,#3622,.T.);
#5239=ORIENTED_EDGE('',*,*,#3623,.T.);
#5240=ORIENTED_EDGE('',*,*,#3624,.F.);
#5241=ORIENTED_EDGE('',*,*,#3625,.F.);
#5242=ORIENTED_EDGE('',*,*,#3626,.F.);
#5243=ORIENTED_EDGE('',*,*,#3623,.F.);
#5244=ORIENTED_EDGE('',*,*,#3627,.F.);
#5245=ORIENTED_EDGE('',*,*,#3628,.F.);
#5246=ORIENTED_EDGE('',*,*,#3629,.F.);
#5247=ORIENTED_EDGE('',*,*,#3625,.T.);
#5248=ORIENTED_EDGE('',*,*,#3630,.F.);
#5249=ORIENTED_EDGE('',*,*,#3631,.T.);
#5250=ORIENTED_EDGE('',*,*,#3632,.F.);
#5251=ORIENTED_EDGE('',*,*,#3633,.T.);
#5252=ORIENTED_EDGE('',*,*,#3634,.F.);
#5253=ORIENTED_EDGE('',*,*,#3635,.F.);
#5254=ORIENTED_EDGE('',*,*,#3636,.F.);
#5255=ORIENTED_EDGE('',*,*,#3637,.F.);
#5256=ORIENTED_EDGE('',*,*,#3638,.F.);
#5257=ORIENTED_EDGE('',*,*,#3633,.F.);
#5258=ORIENTED_EDGE('',*,*,#3639,.F.);
#5259=ORIENTED_EDGE('',*,*,#3640,.T.);
#5260=ORIENTED_EDGE('',*,*,#3641,.F.);
#5261=ORIENTED_EDGE('',*,*,#3635,.T.);
#5262=ORIENTED_EDGE('',*,*,#3642,.F.);
#5263=ORIENTED_EDGE('',*,*,#3642,.T.);
#5264=ORIENTED_EDGE('',*,*,#3634,.T.);
#5265=ORIENTED_EDGE('',*,*,#3643,.F.);
#5266=ORIENTED_EDGE('',*,*,#3644,.T.);
#5267=ORIENTED_EDGE('',*,*,#3645,.F.);
#5268=ORIENTED_EDGE('',*,*,#3646,.F.);
#5269=ORIENTED_EDGE('',*,*,#3636,.T.);
#5270=ORIENTED_EDGE('',*,*,#3641,.T.);
#5271=ORIENTED_EDGE('',*,*,#3647,.F.);
#5272=ORIENTED_EDGE('',*,*,#3648,.F.);
#5273=ORIENTED_EDGE('',*,*,#3649,.F.);
#5274=ORIENTED_EDGE('',*,*,#3650,.F.);
#5275=ORIENTED_EDGE('',*,*,#3651,.F.);
#5276=ORIENTED_EDGE('',*,*,#3644,.F.);
#5277=ORIENTED_EDGE('',*,*,#3652,.F.);
#5278=ORIENTED_EDGE('',*,*,#3649,.T.);
#5279=ORIENTED_EDGE('',*,*,#3653,.F.);
#5280=ORIENTED_EDGE('',*,*,#3654,.F.);
#5281=ORIENTED_EDGE('',*,*,#3655,.F.);
#5282=ORIENTED_EDGE('',*,*,#3656,.T.);
#5283=ORIENTED_EDGE('',*,*,#3620,.T.);
#5284=ORIENTED_EDGE('',*,*,#3657,.F.);
#5285=ORIENTED_EDGE('',*,*,#3658,.F.);
#5286=ORIENTED_EDGE('',*,*,#3656,.F.);
#5287=ORIENTED_EDGE('',*,*,#3659,.F.);
#5288=ORIENTED_EDGE('',*,*,#3616,.T.);
#5289=ORIENTED_EDGE('',*,*,#3614,.T.);
#5290=ORIENTED_EDGE('',*,*,#3660,.F.);
#5291=ORIENTED_EDGE('',*,*,#3654,.T.);
#5292=ORIENTED_EDGE('',*,*,#3661,.F.);
#5293=ORIENTED_EDGE('',*,*,#3662,.F.);
#5294=ORIENTED_EDGE('',*,*,#3621,.T.);
#5295=ORIENTED_EDGE('',*,*,#3663,.F.);
#5296=ORIENTED_EDGE('',*,*,#3664,.F.);
#5297=ORIENTED_EDGE('',*,*,#3665,.F.);
#5298=ORIENTED_EDGE('',*,*,#3666,.T.);
#5299=ORIENTED_EDGE('',*,*,#3632,.T.);
#5300=ORIENTED_EDGE('',*,*,#3667,.F.);
#5301=ORIENTED_EDGE('',*,*,#3668,.F.);
#5302=ORIENTED_EDGE('',*,*,#3666,.F.);
#5303=ORIENTED_EDGE('',*,*,#3669,.F.);
#5304=ORIENTED_EDGE('',*,*,#3626,.T.);
#5305=ORIENTED_EDGE('',*,*,#3624,.T.);
#5306=ORIENTED_EDGE('',*,*,#3670,.F.);
#5307=ORIENTED_EDGE('',*,*,#3664,.T.);
#5308=ORIENTED_EDGE('',*,*,#3671,.F.);
#5309=ORIENTED_EDGE('',*,*,#3672,.F.);
#5310=ORIENTED_EDGE('',*,*,#3630,.T.);
#5311=ORIENTED_EDGE('',*,*,#3645,.T.);
#5312=ORIENTED_EDGE('',*,*,#3651,.T.);
#5313=ORIENTED_EDGE('',*,*,#3648,.T.);
#5314=ORIENTED_EDGE('',*,*,#3673,.T.);
#5315=ORIENTED_EDGE('',*,*,#3661,.T.);
#5316=ORIENTED_EDGE('',*,*,#3653,.T.);
#5317=ORIENTED_EDGE('',*,*,#3658,.T.);
#5318=ORIENTED_EDGE('',*,*,#3674,.T.);
#5319=ORIENTED_EDGE('',*,*,#3675,.F.);
#5320=ORIENTED_EDGE('',*,*,#3676,.T.);
#5321=ORIENTED_EDGE('',*,*,#3677,.F.);
#5322=ORIENTED_EDGE('',*,*,#3678,.T.);
#5323=ORIENTED_EDGE('',*,*,#3671,.T.);
#5324=ORIENTED_EDGE('',*,*,#3663,.T.);
#5325=ORIENTED_EDGE('',*,*,#3668,.T.);
#5326=ORIENTED_EDGE('',*,*,#3679,.T.);
#5327=ORIENTED_EDGE('',*,*,#3680,.T.);
#5328=ORIENTED_EDGE('',*,*,#3681,.T.);
#5329=ORIENTED_EDGE('',*,*,#3682,.T.);
#5330=ORIENTED_EDGE('',*,*,#3683,.T.);
#5331=ORIENTED_EDGE('',*,*,#3684,.F.);
#5332=ORIENTED_EDGE('',*,*,#3685,.F.);
#5333=ORIENTED_EDGE('',*,*,#3681,.F.);
#5334=ORIENTED_EDGE('',*,*,#3686,.F.);
#5335=ORIENTED_EDGE('',*,*,#3687,.F.);
#5336=ORIENTED_EDGE('',*,*,#3688,.F.);
#5337=ORIENTED_EDGE('',*,*,#3683,.F.);
#5338=ORIENTED_EDGE('',*,*,#3689,.F.);
#5339=ORIENTED_EDGE('',*,*,#3690,.F.);
#5340=ORIENTED_EDGE('',*,*,#3689,.T.);
#5341=ORIENTED_EDGE('',*,*,#3682,.F.);
#5342=ORIENTED_EDGE('',*,*,#3685,.T.);
#5343=ORIENTED_EDGE('',*,*,#3691,.F.);
#5344=ORIENTED_EDGE('',*,*,#3686,.T.);
#5345=ORIENTED_EDGE('',*,*,#3680,.F.);
#5346=ORIENTED_EDGE('',*,*,#3688,.T.);
#5347=ORIENTED_EDGE('',*,*,#3692,.F.);
#5348=ORIENTED_EDGE('',*,*,#3693,.T.);
#5349=ORIENTED_EDGE('',*,*,#3694,.F.);
#5350=ORIENTED_EDGE('',*,*,#3676,.F.);
#5351=ORIENTED_EDGE('',*,*,#3643,.T.);
#5352=ORIENTED_EDGE('',*,*,#3638,.T.);
#5353=ORIENTED_EDGE('',*,*,#3695,.T.);
#5354=ORIENTED_EDGE('',*,*,#3627,.T.);
#5355=ORIENTED_EDGE('',*,*,#3669,.T.);
#5356=ORIENTED_EDGE('',*,*,#3665,.T.);
#5357=ORIENTED_EDGE('',*,*,#3670,.T.);
#5358=ORIENTED_EDGE('',*,*,#3629,.T.);
#5359=ORIENTED_EDGE('',*,*,#3696,.T.);
#5360=ORIENTED_EDGE('',*,*,#3697,.F.);
#5361=ORIENTED_EDGE('',*,*,#3693,.F.);
#5362=ORIENTED_EDGE('',*,*,#3698,.F.);
#5363=ORIENTED_EDGE('',*,*,#3699,.T.);
#5364=ORIENTED_EDGE('',*,*,#3617,.T.);
#5365=ORIENTED_EDGE('',*,*,#3659,.T.);
#5366=ORIENTED_EDGE('',*,*,#3655,.T.);
#5367=ORIENTED_EDGE('',*,*,#3660,.T.);
#5368=ORIENTED_EDGE('',*,*,#3619,.T.);
#5369=ORIENTED_EDGE('',*,*,#3700,.T.);
#5370=ORIENTED_EDGE('',*,*,#3639,.T.);
#5371=ORIENTED_EDGE('',*,*,#3650,.T.);
#5372=ORIENTED_EDGE('',*,*,#3652,.T.);
#5373=ORIENTED_EDGE('',*,*,#3691,.T.);
#5374=ORIENTED_EDGE('',*,*,#3687,.T.);
#5375=ORIENTED_EDGE('',*,*,#3690,.T.);
#5376=ORIENTED_EDGE('',*,*,#3684,.T.);
#5377=ORIENTED_EDGE('',*,*,#3694,.T.);
#5378=ORIENTED_EDGE('',*,*,#3701,.F.);
#5379=ORIENTED_EDGE('',*,*,#3702,.T.);
#5380=ORIENTED_EDGE('',*,*,#3703,.F.);
#5381=ORIENTED_EDGE('',*,*,#3704,.T.);
#5382=ORIENTED_EDGE('',*,*,#3705,.F.);
#5383=ORIENTED_EDGE('',*,*,#3706,.F.);
#5384=ORIENTED_EDGE('',*,*,#3701,.T.);
#5385=ORIENTED_EDGE('',*,*,#3697,.T.);
#5386=ORIENTED_EDGE('',*,*,#3707,.T.);
#5387=ORIENTED_EDGE('',*,*,#3677,.T.);
#5388=ORIENTED_EDGE('',*,*,#3703,.T.);
#5389=ORIENTED_EDGE('',*,*,#3708,.F.);
#5390=ORIENTED_EDGE('',*,*,#3709,.T.);
#5391=ORIENTED_EDGE('',*,*,#3710,.T.);
#5392=ORIENTED_EDGE('',*,*,#3709,.F.);
#5393=ORIENTED_EDGE('',*,*,#3711,.F.);
#5394=ORIENTED_EDGE('',*,*,#3705,.T.);
#5395=ORIENTED_EDGE('',*,*,#3702,.F.);
#5396=ORIENTED_EDGE('',*,*,#3706,.T.);
#5397=ORIENTED_EDGE('',*,*,#3711,.T.);
#5398=ORIENTED_EDGE('',*,*,#3708,.T.);
#5399=ORIENTED_EDGE('',*,*,#3646,.T.);
#5400=ORIENTED_EDGE('',*,*,#3679,.F.);
#5401=ORIENTED_EDGE('',*,*,#3667,.T.);
#5402=ORIENTED_EDGE('',*,*,#3631,.F.);
#5403=ORIENTED_EDGE('',*,*,#3672,.T.);
#5404=ORIENTED_EDGE('',*,*,#3678,.F.);
#5405=ORIENTED_EDGE('',*,*,#3707,.F.);
#5406=ORIENTED_EDGE('',*,*,#3710,.F.);
#5407=ORIENTED_EDGE('',*,*,#3704,.F.);
#5408=ORIENTED_EDGE('',*,*,#3696,.F.);
#5409=ORIENTED_EDGE('',*,*,#3628,.T.);
#5410=ORIENTED_EDGE('',*,*,#3695,.F.);
#5411=ORIENTED_EDGE('',*,*,#3637,.T.);
#5412=ORIENTED_EDGE('',*,*,#3700,.F.);
#5413=ORIENTED_EDGE('',*,*,#3618,.T.);
#5414=ORIENTED_EDGE('',*,*,#3699,.F.);
#5415=ORIENTED_EDGE('',*,*,#3712,.F.);
#5416=ORIENTED_EDGE('',*,*,#3713,.F.);
#5417=ORIENTED_EDGE('',*,*,#3714,.F.);
#5418=ORIENTED_EDGE('',*,*,#3674,.F.);
#5419=ORIENTED_EDGE('',*,*,#3657,.T.);
#5420=ORIENTED_EDGE('',*,*,#3622,.F.);
#5421=ORIENTED_EDGE('',*,*,#3662,.T.);
#5422=ORIENTED_EDGE('',*,*,#3673,.F.);
#5423=ORIENTED_EDGE('',*,*,#3647,.T.);
#5424=ORIENTED_EDGE('',*,*,#3640,.F.);
#5425=ORIENTED_EDGE('',*,*,#3692,.T.);
#5426=ORIENTED_EDGE('',*,*,#3715,.F.);
#5427=ORIENTED_EDGE('',*,*,#3716,.T.);
#5428=ORIENTED_EDGE('',*,*,#3717,.F.);
#5429=ORIENTED_EDGE('',*,*,#3714,.T.);
#5430=ORIENTED_EDGE('',*,*,#3718,.F.);
#5431=ORIENTED_EDGE('',*,*,#3719,.F.);
#5432=ORIENTED_EDGE('',*,*,#3715,.T.);
#5433=ORIENTED_EDGE('',*,*,#3675,.T.);
#5434=ORIENTED_EDGE('',*,*,#3712,.T.);
#5435=ORIENTED_EDGE('',*,*,#3698,.T.);
#5436=ORIENTED_EDGE('',*,*,#3717,.T.);
#5437=ORIENTED_EDGE('',*,*,#3720,.F.);
#5438=ORIENTED_EDGE('',*,*,#3721,.T.);
#5439=ORIENTED_EDGE('',*,*,#3713,.T.);
#5440=ORIENTED_EDGE('',*,*,#3721,.F.);
#5441=ORIENTED_EDGE('',*,*,#3722,.F.);
#5442=ORIENTED_EDGE('',*,*,#3718,.T.);
#5443=ORIENTED_EDGE('',*,*,#3716,.F.);
#5444=ORIENTED_EDGE('',*,*,#3719,.T.);
#5445=ORIENTED_EDGE('',*,*,#3722,.T.);
#5446=ORIENTED_EDGE('',*,*,#3720,.T.);
#5447=PLANE('',#5983);
#5448=PLANE('',#5984);
#5449=PLANE('',#5985);
#5450=PLANE('',#5986);
#5451=PLANE('',#5987);
#5452=PLANE('',#5988);
#5453=PLANE('',#5989);
#5454=PLANE('',#5990);
#5455=PLANE('',#5991);
#5456=PLANE('',#5992);
#5457=PLANE('',#5996);
#5458=PLANE('',#5997);
#5459=PLANE('',#5998);
#5460=PLANE('',#5999);
#5461=PLANE('',#6000);
#5462=PLANE('',#6001);
#5463=PLANE('',#6002);
#5464=PLANE('',#6003);
#5465=PLANE('',#6004);
#5466=PLANE('',#6005);
#5467=PLANE('',#6006);
#5468=PLANE('',#6007);
#5469=PLANE('',#6011);
#5470=PLANE('',#6012);
#5471=PLANE('',#6013);
#5472=PLANE('',#6014);
#5473=PLANE('',#6015);
#5474=PLANE('',#6016);
#5475=PLANE('',#6017);
#5476=PLANE('',#6018);
#5477=PLANE('',#6019);
#5478=PLANE('',#6020);
#5479=PLANE('',#6021);
#5480=PLANE('',#6022);
#5481=PLANE('',#6023);
#5482=PLANE('',#6024);
#5483=PLANE('',#6025);
#5484=PLANE('',#6026);
#5485=PLANE('',#6027);
#5486=PLANE('',#6028);
#5487=PLANE('',#6029);
#5488=PLANE('',#6030);
#5489=PLANE('',#6031);
#5490=PLANE('',#6032);
#5491=PLANE('',#6033);
#5492=PLANE('',#6034);
#5493=PLANE('',#6035);
#5494=PLANE('',#6036);
#5495=PLANE('',#6037);
#5496=PLANE('',#6038);
#5497=PLANE('',#6039);
#5498=PLANE('',#6040);
#5499=PLANE('',#6041);
#5500=PLANE('',#6042);
#5501=PLANE('',#6043);
#5502=PLANE('',#6044);
#5503=PLANE('',#6045);
#5504=PLANE('',#6046);
#5505=PLANE('',#6047);
#5506=PLANE('',#6048);
#5507=PLANE('',#6049);
#5508=PLANE('',#6050);
#5509=PLANE('',#6051);
#5510=PLANE('',#6052);
#5511=PLANE('',#6053);
#5512=PLANE('',#6054);
#5513=PLANE('',#6055);
#5514=PLANE('',#6056);
#5515=PLANE('',#6057);
#5516=PLANE('',#6058);
#5517=PLANE('',#6059);
#5518=PLANE('',#6060);
#5519=PLANE('',#6061);
#5520=PLANE('',#6062);
#5521=PLANE('',#6063);
#5522=PLANE('',#6064);
#5523=PLANE('',#6065);
#5524=PLANE('',#6066);
#5525=PLANE('',#6067);
#5526=PLANE('',#6068);
#5527=PLANE('',#6069);
#5528=PLANE('',#6070);
#5529=PLANE('',#6071);
#5530=PLANE('',#6072);
#5531=PLANE('',#6073);
#5532=PLANE('',#6074);
#5533=PLANE('',#6075);
#5534=PLANE('',#6076);
#5535=PLANE('',#6077);
#5536=PLANE('',#6078);
#5537=PLANE('',#6079);
#5538=PLANE('',#6080);
#5539=PLANE('',#6081);
#5540=PLANE('',#6082);
#5541=PLANE('',#6083);
#5542=PLANE('',#6084);
#5543=PLANE('',#6085);
#5544=PLANE('',#6086);
#5545=PLANE('',#6087);
#5546=PLANE('',#6088);
#5547=PLANE('',#6089);
#5548=PLANE('',#6090);
#5549=PLANE('',#6091);
#5550=PLANE('',#6092);
#5551=PLANE('',#6093);
#5552=PLANE('',#6094);
#5553=PLANE('',#6095);
#5554=PLANE('',#6096);
#5555=PLANE('',#6097);
#5556=PLANE('',#6098);
#5557=PLANE('',#6099);
#5558=PLANE('',#6100);
#5559=PLANE('',#6101);
#5560=PLANE('',#6102);
#5561=PLANE('',#6103);
#5562=PLANE('',#6104);
#5563=PLANE('',#6105);
#5564=PLANE('',#6106);
#5565=PLANE('',#6107);
#5566=PLANE('',#6108);
#5567=PLANE('',#6109);
#5568=PLANE('',#6110);
#5569=PLANE('',#6111);
#5570=PLANE('',#6112);
#5571=PLANE('',#6113);
#5572=PLANE('',#6114);
#5573=PLANE('',#6115);
#5574=PLANE('',#6116);
#5575=PLANE('',#6117);
#5576=PLANE('',#6118);
#5577=PLANE('',#6119);
#5578=PLANE('',#6120);
#5579=PLANE('',#6121);
#5580=PLANE('',#6122);
#5581=PLANE('',#6123);
#5582=PLANE('',#6124);
#5583=PLANE('',#6125);
#5584=PLANE('',#6126);
#5585=PLANE('',#6127);
#5586=PLANE('',#6128);
#5587=PLANE('',#6129);
#5588=PLANE('',#6130);
#5589=PLANE('',#6131);
#5590=PLANE('',#6132);
#5591=PLANE('',#6133);
#5592=PLANE('',#6134);
#5593=PLANE('',#6135);
#5594=PLANE('',#6136);
#5595=PLANE('',#6137);
#5596=PLANE('',#6138);
#5597=PLANE('',#6139);
#5598=PLANE('',#6140);
#5599=PLANE('',#6141);
#5600=PLANE('',#6142);
#5601=PLANE('',#6143);
#5602=PLANE('',#6144);
#5603=PLANE('',#6145);
#5604=PLANE('',#6146);
#5605=PLANE('',#6147);
#5606=PLANE('',#6148);
#5607=PLANE('',#6149);
#5608=PLANE('',#6150);
#5609=PLANE('',#6151);
#5610=PLANE('',#6152);
#5611=PLANE('',#6153);
#5612=PLANE('',#6154);
#5613=PLANE('',#6155);
#5614=PLANE('',#6156);
#5615=PLANE('',#6157);
#5616=PLANE('',#6158);
#5617=PLANE('',#6159);
#5618=PLANE('',#6160);
#5619=PLANE('',#6161);
#5620=PLANE('',#6162);
#5621=PLANE('',#6163);
#5622=PLANE('',#6164);
#5623=PLANE('',#6165);
#5624=PLANE('',#6166);
#5625=PLANE('',#6167);
#5626=PLANE('',#6168);
#5627=PLANE('',#6169);
#5628=PLANE('',#6170);
#5629=PLANE('',#6171);
#5630=PLANE('',#6172);
#5631=PLANE('',#6173);
#5632=PLANE('',#6174);
#5633=PLANE('',#6175);
#5634=PLANE('',#6176);
#5635=PLANE('',#6177);
#5636=PLANE('',#6178);
#5637=PLANE('',#6179);
#5638=PLANE('',#6180);
#5639=PLANE('',#6181);
#5640=PLANE('',#6182);
#5641=PLANE('',#6183);
#5642=PLANE('',#6184);
#5643=PLANE('',#6185);
#5644=PLANE('',#6186);
#5645=PLANE('',#6187);
#5646=PLANE('',#6188);
#5647=PLANE('',#6189);
#5648=PLANE('',#6190);
#5649=PLANE('',#6191);
#5650=PLANE('',#6192);
#5651=PLANE('',#6193);
#5652=PLANE('',#6194);
#5653=PLANE('',#6195);
#5654=PLANE('',#6196);
#5655=PLANE('',#6197);
#5656=PLANE('',#6198);
#5657=PLANE('',#6199);
#5658=PLANE('',#6200);
#5659=PLANE('',#6201);
#5660=PLANE('',#6202);
#5661=PLANE('',#6203);
#5662=PLANE('',#6204);
#5663=PLANE('',#6205);
#5664=PLANE('',#6206);
#5665=PLANE('',#6207);
#5666=PLANE('',#6208);
#5667=PLANE('',#6209);
#5668=PLANE('',#6210);
#5669=ADVANCED_FACE('',(#269),#5447,.F.);
#5670=ADVANCED_FACE('',(#270),#5448,.T.);
#5671=ADVANCED_FACE('',(#271),#5449,.T.);
#5672=ADVANCED_FACE('',(#272),#5450,.T.);
#5673=ADVANCED_FACE('',(#273),#5451,.T.);
#5674=ADVANCED_FACE('',(#274),#5452,.T.);
#5675=ADVANCED_FACE('',(#275),#5453,.T.);
#5676=ADVANCED_FACE('',(#276),#5454,.T.);
#5677=ADVANCED_FACE('',(#277),#5455,.T.);
#5678=ADVANCED_FACE('',(#278,#243,#244,#245,#246,#247,#248),#5456,.T.);
#5679=ADVANCED_FACE('',(#279),#5457,.F.);
#5680=ADVANCED_FACE('',(#280),#5458,.F.);
#5681=ADVANCED_FACE('',(#281),#5459,.F.);
#5682=ADVANCED_FACE('',(#282),#5460,.F.);
#5683=ADVANCED_FACE('',(#283),#5461,.F.);
#5684=ADVANCED_FACE('',(#284),#5462,.F.);
#5685=ADVANCED_FACE('',(#285),#5463,.F.);
#5686=ADVANCED_FACE('',(#286),#5464,.F.);
#5687=ADVANCED_FACE('',(#287),#5465,.F.);
#5688=ADVANCED_FACE('',(#288),#5466,.F.);
#5689=ADVANCED_FACE('',(#289),#5467,.F.);
#5690=ADVANCED_FACE('',(#290,#249),#5468,.F.);
#5691=ADVANCED_FACE('',(#291),#5469,.F.);
#5692=ADVANCED_FACE('',(#292),#98,.T.);
#5693=ADVANCED_FACE('',(#293),#99,.T.);
#5694=ADVANCED_FACE('',(#294),#5470,.F.);
#5695=ADVANCED_FACE('',(#295),#100,.T.);
#5696=ADVANCED_FACE('',(#296),#5471,.T.);
#5697=ADVANCED_FACE('',(#297),#5472,.T.);
#5698=ADVANCED_FACE('',(#298),#5473,.T.);
#5699=ADVANCED_FACE('',(#299),#27,.F.);
#5700=ADVANCED_FACE('',(#300),#5474,.F.);
#5701=ADVANCED_FACE('',(#301),#28,.F.);
#5702=ADVANCED_FACE('',(#302),#29,.F.);
#5703=ADVANCED_FACE('',(#303),#30,.F.);
#5704=ADVANCED_FACE('',(#304),#31,.F.);
#5705=ADVANCED_FACE('',(#305),#32,.F.);
#5706=ADVANCED_FACE('',(#306),#33,.F.);
#5707=ADVANCED_FACE('',(#307),#34,.F.);
#5708=ADVANCED_FACE('',(#308),#35,.F.);
#5709=ADVANCED_FACE('',(#309),#36,.F.);
#5710=ADVANCED_FACE('',(#310),#37,.F.);
#5711=ADVANCED_FACE('',(#311),#38,.F.);
#5712=ADVANCED_FACE('',(#312),#39,.F.);
#5713=ADVANCED_FACE('',(#313),#40,.F.);
#5714=ADVANCED_FACE('',(#314),#41,.F.);
#5715=ADVANCED_FACE('',(#315),#42,.F.);
#5716=ADVANCED_FACE('',(#316),#43,.F.);
#5717=ADVANCED_FACE('',(#317),#44,.F.);
#5718=ADVANCED_FACE('',(#318),#45,.F.);
#5719=ADVANCED_FACE('',(#319),#5475,.F.);
#5720=ADVANCED_FACE('',(#320),#46,.F.);
#5721=ADVANCED_FACE('',(#321),#47,.F.);
#5722=ADVANCED_FACE('',(#322),#48,.F.);
#5723=ADVANCED_FACE('',(#323),#49,.F.);
#5724=ADVANCED_FACE('',(#324),#50,.F.);
#5725=ADVANCED_FACE('',(#325),#51,.F.);
#5726=ADVANCED_FACE('',(#326),#52,.F.);
#5727=ADVANCED_FACE('',(#327),#53,.F.);
#5728=ADVANCED_FACE('',(#328),#54,.F.);
#5729=ADVANCED_FACE('',(#329),#55,.F.);
#5730=ADVANCED_FACE('',(#330),#56,.F.);
#5731=ADVANCED_FACE('',(#331),#57,.F.);
#5732=ADVANCED_FACE('',(#332),#58,.F.);
#5733=ADVANCED_FACE('',(#333),#59,.F.);
#5734=ADVANCED_FACE('',(#334),#5476,.T.);
#5735=ADVANCED_FACE('',(#335),#5477,.F.);
#5736=ADVANCED_FACE('',(#336),#5478,.F.);
#5737=ADVANCED_FACE('',(#337),#5479,.F.);
#5738=ADVANCED_FACE('',(#338),#60,.F.);
#5739=ADVANCED_FACE('',(#339),#61,.F.);
#5740=ADVANCED_FACE('',(#340),#5480,.F.);
#5741=ADVANCED_FACE('',(#341),#62,.F.);
#5742=ADVANCED_FACE('',(#342),#63,.F.);
#5743=ADVANCED_FACE('',(#343),#5481,.F.);
#5744=ADVANCED_FACE('',(#344,#250),#5482,.F.);
#5745=ADVANCED_FACE('',(#345),#5483,.F.);
#5746=ADVANCED_FACE('',(#346),#5484,.F.);
#5747=ADVANCED_FACE('',(#347),#5485,.F.);
#5748=ADVANCED_FACE('',(#348),#5486,.F.);
#5749=ADVANCED_FACE('',(#349),#5487,.F.);
#5750=ADVANCED_FACE('',(#350),#5488,.F.);
#5751=ADVANCED_FACE('',(#351),#5489,.F.);
#5752=ADVANCED_FACE('',(#352),#5490,.F.);
#5753=ADVANCED_FACE('',(#353),#5491,.F.);
#5754=ADVANCED_FACE('',(#354),#5492,.F.);
#5755=ADVANCED_FACE('',(#355),#5493,.F.);
#5756=ADVANCED_FACE('',(#356),#5494,.F.);
#5757=ADVANCED_FACE('',(#357),#5495,.F.);
#5758=ADVANCED_FACE('',(#358),#5496,.F.);
#5759=ADVANCED_FACE('',(#359,#251),#5497,.T.);
#5760=ADVANCED_FACE('',(#360),#5498,.F.);
#5761=ADVANCED_FACE('',(#361),#5499,.F.);
#5762=ADVANCED_FACE('',(#362),#5500,.F.);
#5763=ADVANCED_FACE('',(#363),#64,.F.);
#5764=ADVANCED_FACE('',(#364),#65,.F.);
#5765=ADVANCED_FACE('',(#365),#66,.F.);
#5766=ADVANCED_FACE('',(#366),#67,.F.);
#5767=ADVANCED_FACE('',(#367),#68,.F.);
#5768=ADVANCED_FACE('',(#368),#69,.F.);
#5769=ADVANCED_FACE('',(#369),#5501,.F.);
#5770=ADVANCED_FACE('',(#370),#5502,.F.);
#5771=ADVANCED_FACE('',(#371),#5503,.F.);
#5772=ADVANCED_FACE('',(#372),#5504,.F.);
#5773=ADVANCED_FACE('',(#373),#70,.F.);
#5774=ADVANCED_FACE('',(#374),#71,.F.);
#5775=ADVANCED_FACE('',(#375),#72,.F.);
#5776=ADVANCED_FACE('',(#376),#73,.F.);
#5777=ADVANCED_FACE('',(#377),#74,.F.);
#5778=ADVANCED_FACE('',(#378),#5505,.F.);
#5779=ADVANCED_FACE('',(#379),#5506,.T.);
#5780=ADVANCED_FACE('',(#380),#5507,.F.);
#5781=ADVANCED_FACE('',(#381),#5508,.F.);
#5782=ADVANCED_FACE('',(#382),#5509,.F.);
#5783=ADVANCED_FACE('',(#383),#5510,.F.);
#5784=ADVANCED_FACE('',(#384),#75,.F.);
#5785=ADVANCED_FACE('',(#385),#76,.F.);
#5786=ADVANCED_FACE('',(#386),#77,.F.);
#5787=ADVANCED_FACE('',(#387),#78,.F.);
#5788=ADVANCED_FACE('',(#388),#79,.F.);
#5789=ADVANCED_FACE('',(#389),#80,.F.);
#5790=ADVANCED_FACE('',(#390),#81,.F.);
#5791=ADVANCED_FACE('',(#391),#82,.F.);
#5792=ADVANCED_FACE('',(#392),#83,.F.);
#5793=ADVANCED_FACE('',(#393),#84,.F.);
#5794=ADVANCED_FACE('',(#394),#85,.F.);
#5795=ADVANCED_FACE('',(#395),#5511,.F.);
#5796=ADVANCED_FACE('',(#396),#86,.F.);
#5797=ADVANCED_FACE('',(#397),#87,.F.);
#5798=ADVANCED_FACE('',(#398),#88,.F.);
#5799=ADVANCED_FACE('',(#399),#89,.F.);
#5800=ADVANCED_FACE('',(#400),#90,.F.);
#5801=ADVANCED_FACE('',(#401),#91,.F.);
#5802=ADVANCED_FACE('',(#402),#92,.F.);
#5803=ADVANCED_FACE('',(#403),#93,.F.);
#5804=ADVANCED_FACE('',(#404),#94,.F.);
#5805=ADVANCED_FACE('',(#405),#95,.F.);
#5806=ADVANCED_FACE('',(#406),#96,.F.);
#5807=ADVANCED_FACE('',(#407),#97,.F.);
#5808=ADVANCED_FACE('',(#408),#5512,.F.);
#5809=ADVANCED_FACE('',(#409),#5513,.F.);
#5810=ADVANCED_FACE('',(#410),#5514,.F.);
#5811=ADVANCED_FACE('',(#411),#5515,.T.);
#5812=ADVANCED_FACE('',(#412),#5516,.T.);
#5813=ADVANCED_FACE('',(#413),#5517,.T.);
#5814=ADVANCED_FACE('',(#414),#5518,.F.);
#5815=ADVANCED_FACE('',(#415),#5519,.F.);
#5816=ADVANCED_FACE('',(#416),#5520,.F.);
#5817=ADVANCED_FACE('',(#417),#5521,.F.);
#5818=ADVANCED_FACE('',(#418),#5522,.F.);
#5819=ADVANCED_FACE('',(#419),#5523,.T.);
#5820=ADVANCED_FACE('',(#420),#5524,.F.);
#5821=ADVANCED_FACE('',(#421),#5525,.F.);
#5822=ADVANCED_FACE('',(#422),#5526,.F.);
#5823=ADVANCED_FACE('',(#423),#5527,.F.);
#5824=ADVANCED_FACE('',(#424),#5528,.F.);
#5825=ADVANCED_FACE('',(#425),#5529,.F.);
#5826=ADVANCED_FACE('',(#426),#5530,.T.);
#5827=ADVANCED_FACE('',(#427),#5531,.T.);
#5828=ADVANCED_FACE('',(#428),#5532,.T.);
#5829=ADVANCED_FACE('',(#429),#5533,.T.);
#5830=ADVANCED_FACE('',(#430),#5534,.T.);
#5831=ADVANCED_FACE('',(#431),#5535,.T.);
#5832=ADVANCED_FACE('',(#432),#5536,.F.);
#5833=ADVANCED_FACE('',(#433),#5537,.T.);
#5834=ADVANCED_FACE('',(#434),#5538,.T.);
#5835=ADVANCED_FACE('',(#435),#5539,.T.);
#5836=ADVANCED_FACE('',(#436),#5540,.F.);
#5837=ADVANCED_FACE('',(#437),#5541,.T.);
#5838=ADVANCED_FACE('',(#438),#5542,.T.);
#5839=ADVANCED_FACE('',(#439),#5543,.T.);
#5840=ADVANCED_FACE('',(#440),#5544,.F.);
#5841=ADVANCED_FACE('',(#441),#5545,.T.);
#5842=ADVANCED_FACE('',(#442),#5546,.T.);
#5843=ADVANCED_FACE('',(#443),#5547,.T.);
#5844=ADVANCED_FACE('',(#444),#5548,.F.);
#5845=ADVANCED_FACE('',(#445),#5549,.T.);
#5846=ADVANCED_FACE('',(#446),#5550,.T.);
#5847=ADVANCED_FACE('',(#447),#5551,.F.);
#5848=ADVANCED_FACE('',(#448),#5552,.F.);
#5849=ADVANCED_FACE('',(#449),#5553,.T.);
#5850=ADVANCED_FACE('',(#450),#5554,.T.);
#5851=ADVANCED_FACE('',(#451,#252),#5555,.F.);
#5852=ADVANCED_FACE('',(#452),#5556,.F.);
#5853=ADVANCED_FACE('',(#453),#5557,.F.);
#5854=ADVANCED_FACE('',(#454),#5558,.T.);
#5855=ADVANCED_FACE('',(#455,#253),#5559,.F.);
#5856=ADVANCED_FACE('',(#456),#5560,.T.);
#5857=ADVANCED_FACE('',(#457),#5561,.F.);
#5858=ADVANCED_FACE('',(#458),#5562,.F.);
#5859=ADVANCED_FACE('',(#459),#5563,.F.);
#5860=ADVANCED_FACE('',(#460),#5564,.T.);
#5861=ADVANCED_FACE('',(#461),#5565,.F.);
#5862=ADVANCED_FACE('',(#462,#254,#255,#256,#257,#258,#259),#5566,.F.);
#5863=ADVANCED_FACE('',(#463),#5567,.T.);
#5864=ADVANCED_FACE('',(#464),#5568,.F.);
#5865=ADVANCED_FACE('',(#465),#5569,.T.);
#5866=ADVANCED_FACE('',(#466),#5570,.F.);
#5867=ADVANCED_FACE('',(#467),#5571,.T.);
#5868=ADVANCED_FACE('',(#468),#5572,.T.);
#5869=ADVANCED_FACE('',(#469),#5573,.T.);
#5870=ADVANCED_FACE('',(#470),#5574,.T.);
#5871=ADVANCED_FACE('',(#471),#5575,.F.);
#5872=ADVANCED_FACE('',(#472),#5576,.F.);
#5873=ADVANCED_FACE('',(#473),#5577,.T.);
#5874=ADVANCED_FACE('',(#474),#5578,.T.);
#5875=ADVANCED_FACE('',(#475),#5579,.T.);
#5876=ADVANCED_FACE('',(#476),#5580,.F.);
#5877=ADVANCED_FACE('',(#477),#5581,.F.);
#5878=ADVANCED_FACE('',(#478),#5582,.T.);
#5879=ADVANCED_FACE('',(#479),#5583,.T.);
#5880=ADVANCED_FACE('',(#480),#5584,.T.);
#5881=ADVANCED_FACE('',(#481),#5585,.F.);
#5882=ADVANCED_FACE('',(#482),#5586,.T.);
#5883=ADVANCED_FACE('',(#483),#5587,.T.);
#5884=ADVANCED_FACE('',(#484),#5588,.T.);
#5885=ADVANCED_FACE('',(#485),#5589,.T.);
#5886=ADVANCED_FACE('',(#486),#5590,.T.);
#5887=ADVANCED_FACE('',(#487),#5591,.F.);
#5888=ADVANCED_FACE('',(#488),#5592,.F.);
#5889=ADVANCED_FACE('',(#489),#5593,.T.);
#5890=ADVANCED_FACE('',(#490),#5594,.F.);
#5891=ADVANCED_FACE('',(#491),#5595,.T.);
#5892=ADVANCED_FACE('',(#492),#5596,.T.);
#5893=ADVANCED_FACE('',(#493),#5597,.T.);
#5894=ADVANCED_FACE('',(#494),#5598,.T.);
#5895=ADVANCED_FACE('',(#495),#5599,.T.);
#5896=ADVANCED_FACE('',(#496),#5600,.F.);
#5897=ADVANCED_FACE('',(#497),#5601,.T.);
#5898=ADVANCED_FACE('',(#498),#5602,.T.);
#5899=ADVANCED_FACE('',(#499),#5603,.T.);
#5900=ADVANCED_FACE('',(#500),#5604,.F.);
#5901=ADVANCED_FACE('',(#501),#5605,.F.);
#5902=ADVANCED_FACE('',(#502),#5606,.T.);
#5903=ADVANCED_FACE('',(#503),#5607,.T.);
#5904=ADVANCED_FACE('',(#504),#5608,.T.);
#5905=ADVANCED_FACE('',(#505),#5609,.T.);
#5906=ADVANCED_FACE('',(#506),#5610,.F.);
#5907=ADVANCED_FACE('',(#507),#5611,.T.);
#5908=ADVANCED_FACE('',(#508),#5612,.T.);
#5909=ADVANCED_FACE('',(#509),#5613,.T.);
#5910=ADVANCED_FACE('',(#510),#5614,.T.);
#5911=ADVANCED_FACE('',(#511),#5615,.T.);
#5912=ADVANCED_FACE('',(#512),#5616,.F.);
#5913=ADVANCED_FACE('',(#513),#5617,.F.);
#5914=ADVANCED_FACE('',(#514),#5618,.T.);
#5915=ADVANCED_FACE('',(#515),#5619,.T.);
#5916=ADVANCED_FACE('',(#516),#5620,.F.);
#5917=ADVANCED_FACE('',(#517),#5621,.T.);
#5918=ADVANCED_FACE('',(#518),#5622,.T.);
#5919=ADVANCED_FACE('',(#519),#5623,.F.);
#5920=ADVANCED_FACE('',(#520),#5624,.T.);
#5921=ADVANCED_FACE('',(#521),#5625,.F.);
#5922=ADVANCED_FACE('',(#522),#5626,.T.);
#5923=ADVANCED_FACE('',(#523),#5627,.T.);
#5924=ADVANCED_FACE('',(#524),#5628,.T.);
#5925=ADVANCED_FACE('',(#525,#260),#5629,.T.);
#5926=ADVANCED_FACE('',(#526),#5630,.T.);
#5927=ADVANCED_FACE('',(#527),#5631,.T.);
#5928=ADVANCED_FACE('',(#528),#5632,.T.);
#5929=ADVANCED_FACE('',(#529),#5633,.T.);
#5930=ADVANCED_FACE('',(#530),#5634,.T.);
#5931=ADVANCED_FACE('',(#531),#5635,.T.);
#5932=ADVANCED_FACE('',(#532),#5636,.T.);
#5933=ADVANCED_FACE('',(#533),#5637,.T.);
#5934=ADVANCED_FACE('',(#534),#5638,.T.);
#5935=ADVANCED_FACE('',(#535),#5639,.T.);
#5936=ADVANCED_FACE('',(#536),#5640,.T.);
#5937=ADVANCED_FACE('',(#537),#5641,.T.);
#5938=ADVANCED_FACE('',(#538),#5642,.F.);
#5939=ADVANCED_FACE('',(#539),#5643,.F.);
#5940=ADVANCED_FACE('',(#540),#5644,.F.);
#5941=ADVANCED_FACE('',(#541),#5645,.F.);
#5942=ADVANCED_FACE('',(#542),#5646,.F.);
#5943=ADVANCED_FACE('',(#543),#5647,.F.);
#5944=ADVANCED_FACE('',(#544),#5648,.F.);
#5945=ADVANCED_FACE('',(#545),#5649,.F.);
#5946=ADVANCED_FACE('',(#546),#5650,.F.);
#5947=ADVANCED_FACE('',(#547,#261),#5651,.T.);
#5948=ADVANCED_FACE('',(#548),#5652,.F.);
#5949=ADVANCED_FACE('',(#549),#5653,.F.);
#5950=ADVANCED_FACE('',(#550),#5654,.F.);
#5951=ADVANCED_FACE('',(#551),#5655,.F.);
#5952=ADVANCED_FACE('',(#552),#5656,.T.);
#5953=ADVANCED_FACE('',(#553,#262),#5657,.T.);
#5954=ADVANCED_FACE('',(#554),#5658,.T.);
#5955=ADVANCED_FACE('',(#555),#5659,.T.);
#5956=ADVANCED_FACE('',(#556),#5660,.T.);
#5957=ADVANCED_FACE('',(#557),#5661,.T.);
#5958=ADVANCED_FACE('',(#558),#5662,.T.);
#5959=ADVANCED_FACE('',(#559),#5663,.F.);
#5960=ADVANCED_FACE('',(#560),#5664,.T.);
#5961=ADVANCED_FACE('',(#561),#5665,.T.);
#5962=ADVANCED_FACE('',(#562),#5666,.T.);
#5963=ADVANCED_FACE('',(#563),#5667,.T.);
#5964=ADVANCED_FACE('',(#564),#5668,.T.);
#5965=CLOSED_SHELL('',(#5669,#5670,#5671,#5672,#5673,#5674,#5675,#5676,
#5677,#5678,#5679,#5680,#5681,#5682,#5683,#5684,#5685,#5686,#5687,#5688,
#5689,#5690,#5691,#5692,#5693,#5694,#5695,#5696,#5697,#5698,#5699,#5700,
#5701,#5702,#5703,#5704,#5705,#5706,#5707,#5708,#5709,#5710,#5711,#5712,
#5713,#5714,#5715,#5716,#5717,#5718,#5719,#5720,#5721,#5722,#5723,#5724,
#5725,#5726,#5727,#5728,#5729,#5730,#5731,#5732,#5733,#5734,#5735,#5736,
#5737,#5738,#5739,#5740,#5741,#5742,#5743,#5744,#5745,#5746,#5747,#5748,
#5749,#5750,#5751,#5752,#5753,#5754,#5755,#5756,#5757,#5758,#5759,#5760,
#5761,#5762,#5763,#5764,#5765,#5766,#5767,#5768,#5769,#5770,#5771,#5772,
#5773,#5774,#5775,#5776,#5777,#5778,#5779,#5780,#5781,#5782,#5783,#5784,
#5785,#5786,#5787,#5788,#5789,#5790,#5791,#5792,#5793,#5794,#5795,#5796,
#5797,#5798,#5799,#5800,#5801,#5802,#5803,#5804,#5805,#5806,#5807,#5808));
#5966=CLOSED_SHELL('',(#5809,#5810,#5811,#5812,#5813,#5814,#5815,#5816,
#5817,#5818,#5819,#5820,#5821,#5822,#5823,#5824,#5825,#5826,#5827,#5828,
#5829,#5830,#5831,#5832,#5833,#5834,#5835,#5836,#5837,#5838,#5839,#5840,
#5841,#5842,#5843,#5844,#5845,#5846,#5847,#5848,#5849,#5850,#5851,#5852,
#5853,#5854,#5855,#5856,#5857,#5858,#5859,#5860,#5861,#5862,#5863,#5864,
#5865,#5866,#5867,#5868,#5869,#5870,#5871,#5872,#5873,#5874,#5875,#5876,
#5877,#5878,#5879,#5880,#5881,#5882,#5883,#5884,#5885,#5886,#5887,#5888,
#5889,#5890,#5891,#5892,#5893,#5894,#5895,#5896,#5897,#5898,#5899,#5900,
#5901,#5902,#5903,#5904,#5905,#5906,#5907,#5908,#5909,#5910,#5911,#5912,
#5913,#5914,#5915,#5916,#5917));
#5967=CLOSED_SHELL('',(#5918,#5919,#5920,#5921,#5922,#5923,#5924,#5925,
#5926,#5927,#5928));
#5968=CLOSED_SHELL('',(#5929,#5930,#5931,#5932,#5933,#5934,#5935,#5936,
#5937,#5938,#5939,#5940,#5941,#5942,#5943,#5944,#5945,#5946,#5947,#5948,
#5949,#5950,#5951,#5952,#5953,#5954,#5955,#5956,#5957,#5958,#5959,#5960,
#5961,#5962,#5963,#5964));
#5969=DERIVED_UNIT_ELEMENT(#5971,1.);
#5970=DERIVED_UNIT_ELEMENT(#9774,-3.);
#5971=(
MASS_UNIT()
NAMED_UNIT(*)
SI_UNIT(.KILO.,.GRAM.)
);
#5972=DERIVED_UNIT((#5969,#5970));
#5973=MEASURE_REPRESENTATION_ITEM('density measure',
POSITIVE_RATIO_MEASURE(7850.),#5972);
#5974=PROPERTY_DEFINITION_REPRESENTATION(#5979,#5976);
#5975=PROPERTY_DEFINITION_REPRESENTATION(#5980,#5977);
#5976=REPRESENTATION('material name',(#5978),#9771);
#5977=REPRESENTATION('density',(#5973),#9771);
#5978=DESCRIPTIVE_REPRESENTATION_ITEM('Steel','Steel');
#5979=PROPERTY_DEFINITION('material property','material name',#9786);
#5980=PROPERTY_DEFINITION('material property','density of part',#9786);
#5981=AXIS2_PLACEMENT_3D('',#7388,#6212,#6213);
#5982=AXIS2_PLACEMENT_3D('',#7389,#6214,#6215);
#5983=AXIS2_PLACEMENT_3D('',#7390,#6216,#6217);
#5984=AXIS2_PLACEMENT_3D('',#7407,#6226,#6227);
#5985=AXIS2_PLACEMENT_3D('',#7413,#6231,#6232);
#5986=AXIS2_PLACEMENT_3D('',#7417,#6235,#6236);
#5987=AXIS2_PLACEMENT_3D('',#7421,#6239,#6240);
#5988=AXIS2_PLACEMENT_3D('',#7425,#6243,#6244);
#5989=AXIS2_PLACEMENT_3D('',#7431,#6248,#6249);
#5990=AXIS2_PLACEMENT_3D('',#7433,#6251,#6252);
#5991=AXIS2_PLACEMENT_3D('',#7437,#6255,#6256);
#5992=AXIS2_PLACEMENT_3D('',#7439,#6258,#6259);
#5993=AXIS2_PLACEMENT_3D('',#7444,#6261,#6262);
#5994=AXIS2_PLACEMENT_3D('',#7450,#6265,#6266);
#5995=AXIS2_PLACEMENT_3D('',#7456,#6269,#6270);
#5996=AXIS2_PLACEMENT_3D('',#7790,#6306,#6307);
#5997=AXIS2_PLACEMENT_3D('',#7799,#6312,#6313);
#5998=AXIS2_PLACEMENT_3D('',#7802,#6316,#6317);
#5999=AXIS2_PLACEMENT_3D('',#7804,#6319,#6320);
#6000=AXIS2_PLACEMENT_3D('',#7806,#6322,#6323);
#6001=AXIS2_PLACEMENT_3D('',#7807,#6324,#6325);
#6002=AXIS2_PLACEMENT_3D('',#7813,#6329,#6330);
#6003=AXIS2_PLACEMENT_3D('',#7817,#6333,#6334);
#6004=AXIS2_PLACEMENT_3D('',#7834,#6343,#6344);
#6005=AXIS2_PLACEMENT_3D('',#7841,#6349,#6350);
#6006=AXIS2_PLACEMENT_3D('',#7845,#6353,#6354);
#6007=AXIS2_PLACEMENT_3D('',#7851,#6358,#6359);
#6008=AXIS2_PLACEMENT_3D('',#7853,#6360,#6361);
#6009=AXIS2_PLACEMENT_3D('',#7855,#6362,#6363);
#6010=AXIS2_PLACEMENT_3D('',#7857,#6365,#6366);
#6011=AXIS2_PLACEMENT_3D('',#7859,#6368,#6369);
#6012=AXIS2_PLACEMENT_3D('',#7881,#6371,#6372);
#6013=AXIS2_PLACEMENT_3D('',#7893,#6374,#6375);
#6014=AXIS2_PLACEMENT_3D('',#7920,#6379,#6380);
#6015=AXIS2_PLACEMENT_3D('',#7927,#6384,#6385);
#6016=AXIS2_PLACEMENT_3D('',#8072,#6390,#6391);
#6017=AXIS2_PLACEMENT_3D('',#8200,#6411,#6412);
#6018=AXIS2_PLACEMENT_3D('',#8299,#6427,#6428);
#6019=AXIS2_PLACEMENT_3D('',#8326,#6434,#6435);
#6020=AXIS2_PLACEMENT_3D('',#8329,#6438,#6439);
#6021=AXIS2_PLACEMENT_3D('',#8331,#6441,#6442);
#6022=AXIS2_PLACEMENT_3D('',#8347,#6446,#6447);
#6023=AXIS2_PLACEMENT_3D('',#8363,#6451,#6452);
#6024=AXIS2_PLACEMENT_3D('',#8364,#6453,#6454);
#6025=AXIS2_PLACEMENT_3D('',#8393,#6469,#6470);
#6026=AXIS2_PLACEMENT_3D('',#8396,#6473,#6474);
#6027=AXIS2_PLACEMENT_3D('',#8398,#6476,#6477);
#6028=AXIS2_PLACEMENT_3D('',#8400,#6479,#6480);
#6029=AXIS2_PLACEMENT_3D('',#8402,#6482,#6483);
#6030=AXIS2_PLACEMENT_3D('',#8404,#6485,#6486);
#6031=AXIS2_PLACEMENT_3D('',#8406,#6488,#6489);
#6032=AXIS2_PLACEMENT_3D('',#8408,#6491,#6492);
#6033=AXIS2_PLACEMENT_3D('',#8410,#6494,#6495);
#6034=AXIS2_PLACEMENT_3D('',#8412,#6497,#6498);
#6035=AXIS2_PLACEMENT_3D('',#8414,#6500,#6501);
#6036=AXIS2_PLACEMENT_3D('',#8415,#6502,#6503);
#6037=AXIS2_PLACEMENT_3D('',#8418,#6506,#6507);
#6038=AXIS2_PLACEMENT_3D('',#8420,#6509,#6510);
#6039=AXIS2_PLACEMENT_3D('',#8421,#6511,#6512);
#6040=AXIS2_PLACEMENT_3D('',#8482,#6521,#6522);
#6041=AXIS2_PLACEMENT_3D('',#8485,#6525,#6526);
#6042=AXIS2_PLACEMENT_3D('',#8487,#6528,#6529);
#6043=AXIS2_PLACEMENT_3D('',#8531,#6537,#6538);
#6044=AXIS2_PLACEMENT_3D('',#8533,#6540,#6541);
#6045=AXIS2_PLACEMENT_3D('',#8534,#6542,#6543);
#6046=AXIS2_PLACEMENT_3D('',#8537,#6546,#6547);
#6047=AXIS2_PLACEMENT_3D('',#8574,#6554,#6555);
#6048=AXIS2_PLACEMENT_3D('',#8575,#6556,#6557);
#6049=AXIS2_PLACEMENT_3D('',#8680,#6564,#6565);
#6050=AXIS2_PLACEMENT_3D('',#8683,#6568,#6569);
#6051=AXIS2_PLACEMENT_3D('',#8685,#6571,#6572);
#6052=AXIS2_PLACEMENT_3D('',#8687,#6574,#6575);
#6053=AXIS2_PLACEMENT_3D('',#8766,#6588,#6589);
#6054=AXIS2_PLACEMENT_3D('',#8852,#6603,#6604);
#6055=AXIS2_PLACEMENT_3D('',#8853,#6605,#6606);
#6056=AXIS2_PLACEMENT_3D('',#8928,#6645,#6646);
#6057=AXIS2_PLACEMENT_3D('',#8991,#6678,#6679);
#6058=AXIS2_PLACEMENT_3D('',#8994,#6682,#6683);
#6059=AXIS2_PLACEMENT_3D('',#8996,#6685,#6686);
#6060=AXIS2_PLACEMENT_3D('',#9022,#6700,#6701);
#6061=AXIS2_PLACEMENT_3D('',#9027,#6705,#6706);
#6062=AXIS2_PLACEMENT_3D('',#9028,#6707,#6708);
#6063=AXIS2_PLACEMENT_3D('',#9034,#6712,#6713);
#6064=AXIS2_PLACEMENT_3D('',#9038,#6716,#6717);
#6065=AXIS2_PLACEMENT_3D('',#9040,#6719,#6720);
#6066=AXIS2_PLACEMENT_3D('',#9053,#6728,#6729);
#6067=AXIS2_PLACEMENT_3D('',#9055,#6731,#6732);
#6068=AXIS2_PLACEMENT_3D('',#9095,#6756,#6757);
#6069=AXIS2_PLACEMENT_3D('',#9098,#6760,#6761);
#6070=AXIS2_PLACEMENT_3D('',#9100,#6763,#6764);
#6071=AXIS2_PLACEMENT_3D('',#9101,#6765,#6766);
#6072=AXIS2_PLACEMENT_3D('',#9103,#6768,#6769);
#6073=AXIS2_PLACEMENT_3D('',#9109,#6773,#6774);
#6074=AXIS2_PLACEMENT_3D('',#9117,#6779,#6780);
#6075=AXIS2_PLACEMENT_3D('',#9125,#6785,#6786);
#6076=AXIS2_PLACEMENT_3D('',#9128,#6789,#6790);
#6077=AXIS2_PLACEMENT_3D('',#9132,#6793,#6794);
#6078=AXIS2_PLACEMENT_3D('',#9138,#6798,#6799);
#6079=AXIS2_PLACEMENT_3D('',#9144,#6803,#6804);
#6080=AXIS2_PLACEMENT_3D('',#9149,#6808,#6809);
#6081=AXIS2_PLACEMENT_3D('',#9153,#6812,#6813);
#6082=AXIS2_PLACEMENT_3D('',#9161,#6818,#6819);
#6083=AXIS2_PLACEMENT_3D('',#9167,#6823,#6824);
#6084=AXIS2_PLACEMENT_3D('',#9172,#6828,#6829);
#6085=AXIS2_PLACEMENT_3D('',#9174,#6831,#6832);
#6086=AXIS2_PLACEMENT_3D('',#9182,#6837,#6838);
#6087=AXIS2_PLACEMENT_3D('',#9188,#6842,#6843);
#6088=AXIS2_PLACEMENT_3D('',#9193,#6847,#6848);
#6089=AXIS2_PLACEMENT_3D('',#9195,#6850,#6851);
#6090=AXIS2_PLACEMENT_3D('',#9203,#6856,#6857);
#6091=AXIS2_PLACEMENT_3D('',#9209,#6861,#6862);
#6092=AXIS2_PLACEMENT_3D('',#9214,#6866,#6867);
#6093=AXIS2_PLACEMENT_3D('',#9216,#6869,#6870);
#6094=AXIS2_PLACEMENT_3D('',#9222,#6874,#6875);
#6095=AXIS2_PLACEMENT_3D('',#9226,#6878,#6879);
#6096=AXIS2_PLACEMENT_3D('',#9228,#6881,#6882);
#6097=AXIS2_PLACEMENT_3D('',#9230,#6884,#6885);
#6098=AXIS2_PLACEMENT_3D('',#9239,#6893,#6894);
#6099=AXIS2_PLACEMENT_3D('',#9242,#6897,#6898);
#6100=AXIS2_PLACEMENT_3D('',#9243,#6899,#6900);
#6101=AXIS2_PLACEMENT_3D('',#9247,#6903,#6904);
#6102=AXIS2_PLACEMENT_3D('',#9249,#6906,#6907);
#6103=AXIS2_PLACEMENT_3D('',#9255,#6911,#6912);
#6104=AXIS2_PLACEMENT_3D('',#9264,#6917,#6918);
#6105=AXIS2_PLACEMENT_3D('',#9275,#6925,#6926);
#6106=AXIS2_PLACEMENT_3D('',#9281,#6930,#6931);
#6107=AXIS2_PLACEMENT_3D('',#9287,#6935,#6936);
#6108=AXIS2_PLACEMENT_3D('',#9293,#6940,#6941);
#6109=AXIS2_PLACEMENT_3D('',#9324,#6960,#6961);
#6110=AXIS2_PLACEMENT_3D('',#9327,#6964,#6965);
#6111=AXIS2_PLACEMENT_3D('',#9330,#6968,#6969);
#6112=AXIS2_PLACEMENT_3D('',#9333,#6972,#6973);
#6113=AXIS2_PLACEMENT_3D('',#9336,#6976,#6977);
#6114=AXIS2_PLACEMENT_3D('',#9339,#6980,#6981);
#6115=AXIS2_PLACEMENT_3D('',#9342,#6984,#6985);
#6116=AXIS2_PLACEMENT_3D('',#9343,#6986,#6987);
#6117=AXIS2_PLACEMENT_3D('',#9344,#6988,#6989);
#6118=AXIS2_PLACEMENT_3D('',#9345,#6990,#6991);
#6119=AXIS2_PLACEMENT_3D('',#9346,#6992,#6993);
#6120=AXIS2_PLACEMENT_3D('',#9354,#6998,#6999);
#6121=AXIS2_PLACEMENT_3D('',#9359,#7003,#7004);
#6122=AXIS2_PLACEMENT_3D('',#9364,#7008,#7009);
#6123=AXIS2_PLACEMENT_3D('',#9367,#7012,#7013);
#6124=AXIS2_PLACEMENT_3D('',#9368,#7014,#7015);
#6125=AXIS2_PLACEMENT_3D('',#9369,#7016,#7017);
#6126=AXIS2_PLACEMENT_3D('',#9373,#7020,#7021);
#6127=AXIS2_PLACEMENT_3D('',#9377,#7024,#7025);
#6128=AXIS2_PLACEMENT_3D('',#9379,#7027,#7028);
#6129=AXIS2_PLACEMENT_3D('',#9380,#7029,#7030);
#6130=AXIS2_PLACEMENT_3D('',#9388,#7035,#7036);
#6131=AXIS2_PLACEMENT_3D('',#9393,#7040,#7041);
#6132=AXIS2_PLACEMENT_3D('',#9396,#7044,#7045);
#6133=AXIS2_PLACEMENT_3D('',#9400,#7048,#7049);
#6134=AXIS2_PLACEMENT_3D('',#9402,#7051,#7052);
#6135=AXIS2_PLACEMENT_3D('',#9403,#7053,#7054);
#6136=AXIS2_PLACEMENT_3D('',#9407,#7057,#7058);
#6137=AXIS2_PLACEMENT_3D('',#9411,#7061,#7062);
#6138=AXIS2_PLACEMENT_3D('',#9413,#7064,#7065);
#6139=AXIS2_PLACEMENT_3D('',#9414,#7066,#7067);
#6140=AXIS2_PLACEMENT_3D('',#9420,#7071,#7072);
#6141=AXIS2_PLACEMENT_3D('',#9426,#7076,#7077);
#6142=AXIS2_PLACEMENT_3D('',#9428,#7079,#7080);
#6143=AXIS2_PLACEMENT_3D('',#9430,#7082,#7083);
#6144=AXIS2_PLACEMENT_3D('',#9431,#7084,#7085);
#6145=AXIS2_PLACEMENT_3D('',#9437,#7089,#7090);
#6146=AXIS2_PLACEMENT_3D('',#9441,#7093,#7094);
#6147=AXIS2_PLACEMENT_3D('',#9445,#7097,#7098);
#6148=AXIS2_PLACEMENT_3D('',#9447,#7100,#7101);
#6149=AXIS2_PLACEMENT_3D('',#9448,#7102,#7103);
#6150=AXIS2_PLACEMENT_3D('',#9454,#7108,#7109);
#6151=AXIS2_PLACEMENT_3D('',#9458,#7112,#7113);
#6152=AXIS2_PLACEMENT_3D('',#9462,#7116,#7117);
#6153=AXIS2_PLACEMENT_3D('',#9464,#7119,#7120);
#6154=AXIS2_PLACEMENT_3D('',#9465,#7121,#7122);
#6155=AXIS2_PLACEMENT_3D('',#9473,#7127,#7128);
#6156=AXIS2_PLACEMENT_3D('',#9478,#7132,#7133);
#6157=AXIS2_PLACEMENT_3D('',#9481,#7136,#7137);
#6158=AXIS2_PLACEMENT_3D('',#9485,#7140,#7141);
#6159=AXIS2_PLACEMENT_3D('',#9487,#7143,#7144);
#6160=AXIS2_PLACEMENT_3D('',#9488,#7145,#7146);
#6161=AXIS2_PLACEMENT_3D('',#9492,#7149,#7150);
#6162=AXIS2_PLACEMENT_3D('',#9496,#7153,#7154);
#6163=AXIS2_PLACEMENT_3D('',#9498,#7156,#7157);
#6164=AXIS2_PLACEMENT_3D('',#9499,#7158,#7159);
#6165=AXIS2_PLACEMENT_3D('',#9508,#7164,#7165);
#6166=AXIS2_PLACEMENT_3D('',#9514,#7169,#7170);
#6167=AXIS2_PLACEMENT_3D('',#9518,#7173,#7174);
#6168=AXIS2_PLACEMENT_3D('',#9522,#7177,#7178);
#6169=AXIS2_PLACEMENT_3D('',#9524,#7180,#7181);
#6170=AXIS2_PLACEMENT_3D('',#9533,#7186,#7187);
#6171=AXIS2_PLACEMENT_3D('',#9542,#7192,#7193);
#6172=AXIS2_PLACEMENT_3D('',#9545,#7196,#7197);
#6173=AXIS2_PLACEMENT_3D('',#9547,#7199,#7200);
#6174=AXIS2_PLACEMENT_3D('',#9549,#7202,#7203);
#6175=AXIS2_PLACEMENT_3D('',#9550,#7204,#7205);
#6176=AXIS2_PLACEMENT_3D('',#9559,#7210,#7211);
#6177=AXIS2_PLACEMENT_3D('',#9565,#7215,#7216);
#6178=AXIS2_PLACEMENT_3D('',#9571,#7220,#7221);
#6179=AXIS2_PLACEMENT_3D('',#9580,#7226,#7227);
#6180=AXIS2_PLACEMENT_3D('',#9586,#7231,#7232);
#6181=AXIS2_PLACEMENT_3D('',#9592,#7236,#7237);
#6182=AXIS2_PLACEMENT_3D('',#9601,#7242,#7243);
#6183=AXIS2_PLACEMENT_3D('',#9607,#7247,#7248);
#6184=AXIS2_PLACEMENT_3D('',#9613,#7252,#7253);
#6185=AXIS2_PLACEMENT_3D('',#9621,#7258,#7259);
#6186=AXIS2_PLACEMENT_3D('',#9629,#7264,#7265);
#6187=AXIS2_PLACEMENT_3D('',#9632,#7268,#7269);
#6188=AXIS2_PLACEMENT_3D('',#9641,#7274,#7275);
#6189=AXIS2_PLACEMENT_3D('',#9646,#7279,#7280);
#6190=AXIS2_PLACEMENT_3D('',#9651,#7284,#7285);
#6191=AXIS2_PLACEMENT_3D('',#9660,#7290,#7291);
#6192=AXIS2_PLACEMENT_3D('',#9665,#7295,#7296);
#6193=AXIS2_PLACEMENT_3D('',#9670,#7300,#7301);
#6194=AXIS2_PLACEMENT_3D('',#9690,#7313,#7314);
#6195=AXIS2_PLACEMENT_3D('',#9696,#7318,#7319);
#6196=AXIS2_PLACEMENT_3D('',#9702,#7323,#7324);
#6197=AXIS2_PLACEMENT_3D('',#9704,#7326,#7327);
#6198=AXIS2_PLACEMENT_3D('',#9706,#7329,#7330);
#6199=AXIS2_PLACEMENT_3D('',#9712,#7334,#7335);
#6200=AXIS2_PLACEMENT_3D('',#9721,#7342,#7343);
#6201=AXIS2_PLACEMENT_3D('',#9727,#7347,#7348);
#6202=AXIS2_PLACEMENT_3D('',#9733,#7352,#7353);
#6203=AXIS2_PLACEMENT_3D('',#9739,#7357,#7358);
#6204=AXIS2_PLACEMENT_3D('',#9742,#7361,#7362);
#6205=AXIS2_PLACEMENT_3D('',#9743,#7363,#7364);
#6206=AXIS2_PLACEMENT_3D('',#9749,#7368,#7369);
#6207=AXIS2_PLACEMENT_3D('',#9755,#7373,#7374);
#6208=AXIS2_PLACEMENT_3D('',#9759,#7377,#7378);
#6209=AXIS2_PLACEMENT_3D('',#9763,#7381,#7382);
#6210=AXIS2_PLACEMENT_3D('',#9765,#7384,#7385);
#6211=AXIS2_PLACEMENT_3D('',#9766,#7386,#7387);
#6212=DIRECTION('axis',(0.,0.,1.));
#6213=DIRECTION('refdir',(1.,0.,0.));
#6214=DIRECTION('axis',(0.,0.,1.));
#6215=DIRECTION('refdir',(1.,0.,0.));
#6216=DIRECTION('center_axis',(-2.22044604925031E-16,0.,1.));
#6217=DIRECTION('ref_axis',(-1.83697019872103E-16,-1.,-4.93038065763132E-32));
#6218=DIRECTION('',(1.,-4.05741624797134E-16,2.22044604925031E-16));
#6219=DIRECTION('',(-4.05741624797134E-16,-1.,-9.86076131526265E-32));
#6220=DIRECTION('',(-1.,4.05741624797134E-16,-2.22044604925031E-16));
#6221=DIRECTION('',(6.28791049127627E-8,-0.999999999999998,1.39619659998791E-23));
#6222=DIRECTION('',(-0.999999999999998,-6.28791049127627E-8,-2.22044604925031E-16));
#6223=DIRECTION('',(-6.28791049127627E-8,0.999999999999998,-1.39619659998791E-23));
#6224=DIRECTION('',(-1.,4.05741624797134E-16,-2.22044604925031E-16));
#6225=DIRECTION('',(4.05741624797134E-16,1.,9.86076131526265E-32));
#6226=DIRECTION('center_axis',(-0.999999999999998,-6.28791049127627E-8,
-2.46519032881566E-32));
#6227=DIRECTION('ref_axis',(-2.46519032881566E-32,-9.00927387797199E-32,
1.));
#6228=DIRECTION('',(2.46519032881566E-32,9.00927387797199E-32,-1.));
#6229=DIRECTION('',(-6.28791049127627E-8,0.999999999999998,1.09365402435462E-31));
#6230=DIRECTION('',(-2.46519032881566E-32,-9.00927387797199E-32,1.));
#6231=DIRECTION('center_axis',(4.05741624797134E-16,1.,9.86076131526265E-32));
#6232=DIRECTION('ref_axis',(2.46519032881566E-32,9.00927387797199E-32,-1.));
#6233=DIRECTION('',(2.46519032881566E-32,9.00927387797199E-32,-1.));
#6234=DIRECTION('',(-1.,4.05741624797134E-16,-2.46519032881566E-32));
#6235=DIRECTION('center_axis',(-1.,4.05741624797134E-16,-2.46519032881566E-32));
#6236=DIRECTION('ref_axis',(2.46519032881566E-32,9.00927387797199E-32,-1.));
#6237=DIRECTION('',(-2.46519032881566E-32,-9.00927387797199E-32,1.));
#6238=DIRECTION('',(4.05741624797134E-16,1.,9.86076131526265E-32));
#6239=DIRECTION('center_axis',(-4.05741624797134E-16,-1.,-9.86076131526265E-32));
#6240=DIRECTION('ref_axis',(1.,-4.05741624797134E-16,2.46519032881566E-32));
#6241=DIRECTION('',(2.22044604925031E-16,5.39837022806366E-55,-1.));
#6242=DIRECTION('',(1.,-4.05741624797134E-16,2.46519032881566E-32));
#6243=DIRECTION('center_axis',(4.05741624797134E-16,1.,9.86076131526265E-32));
#6244=DIRECTION('ref_axis',(-2.22044604925031E-16,-5.39837022806366E-55,
1.));
#6245=DIRECTION('',(2.22044604925031E-16,5.39837022806366E-55,-1.));
#6246=DIRECTION('',(1.,-4.05741624797134E-16,2.46519032881566E-32));
#6247=DIRECTION('',(-2.22044604925031E-16,-5.39837022806366E-55,1.));
#6248=DIRECTION('center_axis',(1.,-4.05741624797134E-16,2.46519032881566E-32));
#6249=DIRECTION('ref_axis',(-2.46519032881566E-32,-9.00927387797199E-32,
1.));
#6250=DIRECTION('',(-4.05741624797134E-16,-1.,-9.86076131526265E-32));
#6251=DIRECTION('center_axis',(0.999999999999998,6.28791049127627E-8,2.22044604925031E-16));
#6252=DIRECTION('ref_axis',(2.22044604925031E-16,5.39837022806366E-55,-1.));
#6253=DIRECTION('',(2.22044604925031E-16,-9.05696179658231E-48,-1.));
#6254=DIRECTION('',(-6.28791049127627E-8,0.999999999999998,1.09365402435462E-31));
#6255=DIRECTION('center_axis',(-6.28791049127627E-8,0.999999999999998,1.09365402435462E-31));
#6256=DIRECTION('ref_axis',(-0.999999999999998,-6.28791049127627E-8,-2.46519032881566E-32));
#6257=DIRECTION('',(0.999999999999998,6.28791049127627E-8,2.22044604925031E-16));
#6258=DIRECTION('center_axis',(-2.22044604925031E-16,-5.39837022806366E-55,
1.));
#6259=DIRECTION('ref_axis',(-1.,4.05741624797134E-16,-2.22044604925031E-16));
#6260=DIRECTION('',(-1.,4.05741624797134E-16,-2.22044604925031E-16));
#6261=DIRECTION('center_axis',(2.22044604925031E-16,5.39837022806366E-55,
-1.));
#6262=DIRECTION('ref_axis',(1.,-4.05741624797134E-16,2.22044604925031E-16));
#6263=DIRECTION('',(-1.,4.05741624797134E-16,-2.22044604925031E-16));
#6264=DIRECTION('',(-4.05741624797134E-16,-1.,-9.86076131526265E-32));
#6265=DIRECTION('center_axis',(2.22044604925031E-16,5.39837022806366E-55,
-1.));
#6266=DIRECTION('ref_axis',(1.83697019872103E-16,1.,3.08148791101958E-32));
#6267=DIRECTION('',(-4.05741624797134E-16,-1.,-9.86076131526265E-32));
#6268=DIRECTION('',(1.,-4.05741624797134E-16,2.22044604925031E-16));
#6269=DIRECTION('center_axis',(2.22044604925031E-16,5.39837022806366E-55,
-1.));
#6270=DIRECTION('ref_axis',(1.,-4.05741624797134E-16,2.22044604925031E-16));
#6271=DIRECTION('',(1.,-4.05741624797134E-16,2.22044604925031E-16));
#6272=DIRECTION('',(4.05741624797134E-16,1.,9.86076131526265E-32));
#6273=DIRECTION('',(4.05741624797134E-16,1.,9.86076131526265E-32));
#6274=DIRECTION('',(1.,-4.05741624797134E-16,2.22044604925031E-16));
#6275=DIRECTION('',(-4.05741624797134E-16,-1.,-9.86076131526265E-32));
#6276=DIRECTION('',(-1.,4.05741624797134E-16,-2.22044604925031E-16));
#6277=DIRECTION('',(-0.996199634984529,-0.0870992953857364,-2.212007543766E-16));
#6278=DIRECTION('',(0.997179267753628,0.0750566983175944,2.21418276547786E-16));
#6279=DIRECTION('',(-1.,4.05741624797134E-16,-2.22044604925031E-16));
#6280=DIRECTION('',(4.05741624797134E-16,1.,9.86076131526265E-32));
#6281=DIRECTION('',(1.,-4.05741624797134E-16,2.22044604925031E-16));
#6282=DIRECTION('',(-4.05741624797134E-16,-1.,-9.86076131526265E-32));
#6283=DIRECTION('',(-4.05741624797134E-16,-1.,-9.86076131526265E-32));
#6284=DIRECTION('',(4.05741624797134E-16,1.,9.86076131526265E-32));
#6285=DIRECTION('',(1.,-4.05741624797134E-16,2.22044604925031E-16));
#6286=DIRECTION('',(-4.05741624797134E-16,-1.,-9.86076131526265E-32));
#6287=DIRECTION('',(1.,-4.05741624797134E-16,2.22044604925031E-16));
#6288=DIRECTION('',(-4.05741624797134E-16,-1.,-9.86076131526265E-32));
#6289=DIRECTION('',(-0.575770430104034,-0.817611406364794,-1.27846717679965E-16));
#6290=DIRECTION('',(-1.,4.05741624797134E-16,-2.22044604925031E-16));
#6291=DIRECTION('',(4.05741624797134E-16,1.,9.86076131526265E-32));
#6292=DIRECTION('',(-1.,4.05741624797134E-16,-2.22044604925031E-16));
#6293=DIRECTION('',(4.05741624797134E-16,1.,9.86076131526265E-32));
#6294=DIRECTION('',(1.,-4.05741624797134E-16,2.22044604925031E-16));
#6295=DIRECTION('',(4.05741624797134E-16,1.,9.86076131526265E-32));
#6296=DIRECTION('',(1.,-4.05741624797134E-16,2.22044604925031E-16));
#6297=DIRECTION('',(-4.05741624797134E-16,-1.,-9.86076131526265E-32));
#6298=DIRECTION('',(-1.,4.05741624797134E-16,-2.22044604925031E-16));
#6299=DIRECTION('',(1.,-4.05741624797134E-16,2.22044604925031E-16));
#6300=DIRECTION('',(-4.05741624797134E-16,-1.,-9.86076131526265E-32));
#6301=DIRECTION('',(1.,-4.05741624797134E-16,2.22044604925031E-16));
#6302=DIRECTION('',(-4.05741624797134E-16,-1.,-9.86076131526265E-32));
#6303=DIRECTION('',(-0.999998703443724,-0.001610313904737,-2.22044317031705E-16));
#6304=DIRECTION('',(4.05741624797134E-16,1.,9.86076131526265E-32));
#6305=DIRECTION('',(0.964381299101473,0.264515991848044,2.14135664556075E-16));
#6306=DIRECTION('center_axis',(2.22044604925031E-16,5.39837022806366E-55,
-1.));
#6307=DIRECTION('ref_axis',(1.,-4.05741624797134E-16,2.22044604925031E-16));
#6308=DIRECTION('',(1.,-4.05741624797134E-16,2.22044604925031E-16));
#6309=DIRECTION('',(4.05741624797134E-16,1.,9.86076131526265E-32));
#6310=DIRECTION('',(-1.,4.05741624797134E-16,-2.22044604925031E-16));
#6311=DIRECTION('',(-4.05741624797134E-16,-1.,-9.86076131526265E-32));
#6312=DIRECTION('center_axis',(1.,-4.05741624797134E-16,2.22044604925031E-16));
#6313=DIRECTION('ref_axis',(-4.05741624797134E-16,-1.,-9.86076131526265E-32));
#6314=DIRECTION('',(-2.22044604925031E-16,-5.39837022806366E-55,1.));
#6315=DIRECTION('',(-2.22044604925031E-16,-5.39837022806366E-55,1.));
#6316=DIRECTION('center_axis',(-4.05741624797134E-16,-1.,-9.86076131526265E-32));
#6317=DIRECTION('ref_axis',(-1.,4.05741624797134E-16,-2.22044604925031E-16));
#6318=DIRECTION('',(-2.22044604925031E-16,-5.39837022806366E-55,1.));
#6319=DIRECTION('center_axis',(4.05741624797134E-16,1.,9.86076131526265E-32));
#6320=DIRECTION('ref_axis',(1.,-4.05741624797134E-16,2.22044604925031E-16));
#6321=DIRECTION('',(2.22044604925031E-16,5.39837022806366E-55,-1.));
#6322=DIRECTION('center_axis',(-1.,4.05741624797134E-16,-2.22044604925031E-16));
#6323=DIRECTION('ref_axis',(4.05741624797134E-16,1.,9.86076131526265E-32));
#6324=DIRECTION('center_axis',(-4.05741624797134E-16,-1.,-9.86076131526265E-32));
#6325=DIRECTION('ref_axis',(-2.22044604925031E-16,-5.39837022806366E-55,
1.));
#6326=DIRECTION('',(2.22044604925031E-16,5.39837022806366E-55,-1.));
#6327=DIRECTION('',(-2.22044604925031E-16,-5.39837022806366E-55,1.));
#6328=DIRECTION('',(-1.,4.05741624797134E-16,-2.22044604925031E-16));
#6329=DIRECTION('center_axis',(-1.,4.05741624797134E-16,-2.22044604925031E-16));
#6330=DIRECTION('ref_axis',(2.22044604925031E-16,5.39837022806366E-55,-1.));
#6331=DIRECTION('',(-2.22044604925031E-16,-5.39837022806366E-55,1.));
#6332=DIRECTION('',(4.05741624797134E-16,1.,9.86076131526265E-32));
#6333=DIRECTION('center_axis',(2.22044691492984E-16,2.13357350987856E-7,
-0.999999999999977));
#6334=DIRECTION('ref_axis',(1.,-4.05741624797134E-16,2.22044604925031E-16));
#6335=DIRECTION('',(-4.05741577422276E-16,-0.999999999999977,-2.13357350987856E-7));
#6336=DIRECTION('',(-1.,5.2820630471187E-16,-2.22044604925031E-16));
#6337=DIRECTION('',(4.05741624797134E-16,1.,9.86076131526265E-32));
#6338=DIRECTION('',(-1.,4.05741624797134E-16,-2.22044604925031E-16));
#6339=DIRECTION('',(-4.05741624797134E-16,-1.,-9.86076131526265E-32));
#6340=DIRECTION('',(1.,-4.05741624797134E-16,2.22044604925031E-16));
#6341=DIRECTION('',(5.2820630471187E-16,1.,1.25800234621564E-31));
#6342=DIRECTION('',(1.,-4.05741624797134E-16,2.22044604925031E-16));
#6343=DIRECTION('center_axis',(1.,-4.05741624797134E-16,2.22044604925031E-16));
#6344=DIRECTION('ref_axis',(-2.22044604925031E-16,-5.39837022806366E-55,
1.));
#6345=DIRECTION('',(-4.05741624797134E-16,-1.,-9.86076131526265E-32));
#6346=DIRECTION('',(-2.22044604925031E-16,-5.39837022806366E-55,1.));
#6347=DIRECTION('',(2.22044604925031E-16,5.39837022806366E-55,-1.));
#6348=DIRECTION('',(-4.05741624797134E-16,-1.,-9.86076131526265E-32));
#6349=DIRECTION('center_axis',(4.05741624797134E-16,1.,9.86076131526265E-32));
#6350=DIRECTION('ref_axis',(2.22044604925031E-16,5.39837022806366E-55,-1.));
#6351=DIRECTION('',(2.22044604925031E-16,5.39837022806366E-55,-1.));
#6352=DIRECTION('',(1.,-4.05741624797134E-16,2.22044604925031E-16));
#6353=DIRECTION('center_axis',(4.05741624797134E-16,1.,9.86076131526265E-32));
#6354=DIRECTION('ref_axis',(2.22044604925031E-16,5.39837022806366E-55,-1.));
#6355=DIRECTION('',(-2.22044604925031E-16,-5.39837022806366E-55,1.));
#6356=DIRECTION('',(1.,-4.05741624797134E-16,2.22044604925031E-16));
#6357=DIRECTION('',(2.22044604925031E-16,5.39837022806366E-55,-1.));
#6358=DIRECTION('center_axis',(2.22044604925031E-16,5.39837022806366E-55,
-1.));
#6359=DIRECTION('ref_axis',(1.,-4.05741624797134E-16,2.22044604925031E-16));
#6360=DIRECTION('center_axis',(2.22044604925031E-16,5.39837022806366E-55,
-1.));
#6361=DIRECTION('ref_axis',(1.,-4.05741624797134E-16,2.22044604925031E-16));
#6362=DIRECTION('center_axis',(2.22044604925031E-16,5.39837022806366E-55,
-1.));
#6363=DIRECTION('ref_axis',(1.83697019872103E-16,1.,3.08148791101958E-32));
#6364=DIRECTION('',(4.05741624797134E-16,1.,9.86076131526265E-32));
#6365=DIRECTION('center_axis',(2.22044604925031E-16,5.39837022806366E-55,
-1.));
#6366=DIRECTION('ref_axis',(1.,-4.05741624797134E-16,2.22044604925031E-16));
#6367=DIRECTION('',(-1.,4.05741624797134E-16,-2.22044604925031E-16));
#6368=DIRECTION('center_axis',(-1.,4.05741624797134E-16,-2.22044604925031E-16));
#6369=DIRECTION('ref_axis',(2.22044604925031E-16,5.39837022806366E-55,-1.));
#6370=DIRECTION('',(2.22044604925031E-16,5.39837022806366E-55,-1.));
#6371=DIRECTION('center_axis',(-4.05741624797134E-16,-1.,-9.86076131526265E-32));
#6372=DIRECTION('ref_axis',(-2.22044604925031E-16,-5.39837022806366E-55,
1.));
#6373=DIRECTION('',(-2.22044604925031E-16,-5.39837022806366E-55,1.));
#6374=DIRECTION('center_axis',(-2.22044604925031E-16,-5.39837022806366E-55,
1.));
#6375=DIRECTION('ref_axis',(-1.,4.05741624797134E-16,-2.22044604925031E-16));
#6376=DIRECTION('',(1.,-4.05741624797134E-16,2.22044604925031E-16));
#6377=DIRECTION('',(4.05741624797134E-16,1.,9.86076131526265E-32));
#6378=DIRECTION('',(-1.,4.05741624797134E-16,-2.22044604925031E-16));
#6379=DIRECTION('center_axis',(-2.22044604925031E-16,-5.39837022806366E-55,
1.));
#6380=DIRECTION('ref_axis',(-1.,4.05741624797134E-16,-2.22044604925031E-16));
#6381=DIRECTION('',(0.570372722305841,0.821385997962848,1.26648185784415E-16));
#6382=DIRECTION('',(-1.,4.05741624797134E-16,-2.22044604925031E-16));
#6383=DIRECTION('',(-4.05741624797134E-16,-1.,-9.86076131526265E-32));
#6384=DIRECTION('center_axis',(-2.22044604925031E-16,-5.39837022806366E-55,
1.));
#6385=DIRECTION('ref_axis',(1.,-4.05741624797134E-16,2.22044604925031E-16));
#6386=DIRECTION('',(0.997179267753628,0.0750566983175944,2.21418276547786E-16));
#6387=DIRECTION('',(-0.996199634984529,-0.0870992953857364,-2.212007543766E-16));
#6388=DIRECTION('',(2.22044604925031E-16,5.39837022806366E-55,-1.));
#6389=DIRECTION('',(2.22044604925031E-16,5.39837022806366E-55,-1.));
#6390=DIRECTION('center_axis',(0.0870992953857365,-0.996199634984529,1.93399286331744E-17));
#6391=DIRECTION('ref_axis',(-0.996199634984529,-0.0870992953857364,-2.212007543766E-16));
#6392=DIRECTION('',(2.22044604925031E-16,5.39837022806366E-55,-1.));
#6393=DIRECTION('',(2.22044604925031E-16,5.39837022806366E-55,-1.));
#6394=DIRECTION('',(2.22044604925031E-16,5.39837022806366E-55,-1.));
#6395=DIRECTION('',(2.22044604925031E-16,5.39837022806366E-55,-1.));
#6396=DIRECTION('',(2.22044604925031E-16,5.39837022806366E-55,-1.));
#6397=DIRECTION('',(2.22044604925031E-16,5.39837022806366E-55,-1.));
#6398=DIRECTION('',(2.22044604925031E-16,5.39837022806366E-55,-1.));
#6399=DIRECTION('',(2.22044604925031E-16,5.39837022806366E-55,-1.));
#6400=DIRECTION('',(2.22044604925031E-16,5.39837022806366E-55,-1.));
#6401=DIRECTION('',(2.22044604925031E-16,5.39837022806366E-55,-1.));
#6402=DIRECTION('',(2.22044604925031E-16,5.39837022806366E-55,-1.));
#6403=DIRECTION('',(2.22044604925031E-16,5.39837022806366E-55,-1.));
#6404=DIRECTION('',(2.22044604925031E-16,5.39837022806366E-55,-1.));
#6405=DIRECTION('',(2.22044604925031E-16,5.39837022806366E-55,-1.));
#6406=DIRECTION('',(2.22044604925031E-16,5.39837022806366E-55,-1.));
#6407=DIRECTION('',(2.22044604925031E-16,5.39837022806366E-55,-1.));
#6408=DIRECTION('',(2.22044604925031E-16,5.39837022806366E-55,-1.));
#6409=DIRECTION('',(2.22044604925031E-16,5.39837022806366E-55,-1.));
#6410=DIRECTION('',(2.22044604925031E-16,5.39837022806366E-55,-1.));
#6411=DIRECTION('center_axis',(-0.0750566983175944,0.997179267753628,-1.66659349249075E-17));
#6412=DIRECTION('ref_axis',(0.997179267753628,0.0750566983175944,2.21418276547786E-16));
#6413=DIRECTION('',(2.22044604925031E-16,5.39837022806366E-55,-1.));
#6414=DIRECTION('',(2.22044604925031E-16,5.39837022806366E-55,-1.));
#6415=DIRECTION('',(2.22044604925031E-16,5.39837022806366E-55,-1.));
#6416=DIRECTION('',(2.22044604925031E-16,5.39837022806366E-55,-1.));
#6417=DIRECTION('',(2.22044604925031E-16,5.39837022806366E-55,-1.));
#6418=DIRECTION('',(2.22044604925031E-16,5.39837022806366E-55,-1.));
#6419=DIRECTION('',(2.22044604925031E-16,5.39837022806366E-55,-1.));
#6420=DIRECTION('',(2.22044604925031E-16,5.39837022806366E-55,-1.));
#6421=DIRECTION('',(2.22044604925031E-16,5.39837022806366E-55,-1.));
#6422=DIRECTION('',(2.22044604925031E-16,5.39837022806366E-55,-1.));
#6423=DIRECTION('',(2.22044604925031E-16,5.39837022806366E-55,-1.));
#6424=DIRECTION('',(2.22044604925031E-16,5.39837022806366E-55,-1.));
#6425=DIRECTION('',(2.22044604925031E-16,5.39837022806366E-55,-1.));
#6426=DIRECTION('',(2.22044604925031E-16,5.39837022806366E-55,-1.));
#6427=DIRECTION('center_axis',(-2.22044604925031E-16,-5.39837022806366E-55,
1.));
#6428=DIRECTION('ref_axis',(1.,-4.05741624797134E-16,2.22044604925031E-16));
#6429=DIRECTION('',(4.05741624797134E-16,1.,9.86076131526265E-32));
#6430=DIRECTION('',(-1.,4.05741624797134E-16,-2.22044604925031E-16));
#6431=DIRECTION('',(-4.05741624797134E-16,-1.,-9.86076131526265E-32));
#6432=DIRECTION('',(-4.05741624797134E-16,-1.,-9.86076131526265E-32));
#6433=DIRECTION('',(1.,-4.05741624797134E-16,2.22044604925031E-16));
#6434=DIRECTION('center_axis',(-1.,4.05741624797134E-16,-2.22044604925031E-16));
#6435=DIRECTION('ref_axis',(4.05741624797134E-16,1.,9.86076131526265E-32));
#6436=DIRECTION('',(2.22044604925031E-16,5.39837022806366E-55,-1.));
#6437=DIRECTION('',(2.22044604925031E-16,5.39837022806366E-55,-1.));
#6438=DIRECTION('center_axis',(4.05741624797134E-16,1.,9.86076131526265E-32));
#6439=DIRECTION('ref_axis',(1.,-4.05741624797134E-16,2.22044604925031E-16));
#6440=DIRECTION('',(2.22044604925031E-16,5.39837022806366E-55,-1.));
#6441=DIRECTION('center_axis',(1.,-4.05741624797134E-16,2.22044604925031E-16));
#6442=DIRECTION('ref_axis',(-4.05741624797134E-16,-1.,-9.86076131526265E-32));
#6443=DIRECTION('',(2.22044604925031E-16,5.39837022806366E-55,-1.));
#6444=DIRECTION('',(2.22044604925031E-16,5.39837022806366E-55,-1.));
#6445=DIRECTION('',(2.22044604925031E-16,5.39837022806366E-55,-1.));
#6446=DIRECTION('center_axis',(1.,-4.05741624797134E-16,2.22044604925031E-16));
#6447=DIRECTION('ref_axis',(-4.05741624797134E-16,-1.,-9.86076131526265E-32));
#6448=DIRECTION('',(2.22044604925031E-16,5.39837022806366E-55,-1.));
#6449=DIRECTION('',(2.22044604925031E-16,5.39837022806366E-55,-1.));
#6450=DIRECTION('',(2.22044604925031E-16,5.39837022806366E-55,-1.));
#6451=DIRECTION('center_axis',(-4.05741624797134E-16,-1.,-9.86076131526265E-32));
#6452=DIRECTION('ref_axis',(-1.,4.05741624797134E-16,-2.22044604925031E-16));
#6453=DIRECTION('center_axis',(2.22044604925031E-16,5.39837022806366E-55,
-1.));
#6454=DIRECTION('ref_axis',(1.,-4.05741624797134E-16,2.22044604925031E-16));
#6455=DIRECTION('',(1.,-4.05741624797134E-16,2.22044604925031E-16));
#6456=DIRECTION('',(4.05741624797134E-16,1.,9.86076131526265E-32));
#6457=DIRECTION('',(1.,-4.05741624797134E-16,2.22044604925031E-16));
#6458=DIRECTION('',(4.05741624797134E-16,1.,9.86076131526265E-32));
#6459=DIRECTION('',(-1.,4.05741624797134E-16,-2.22044604925031E-16));
#6460=DIRECTION('',(4.05741624797134E-16,1.,9.86076131526265E-32));
#6461=DIRECTION('',(-1.,4.05741624797134E-16,-2.22044604925031E-16));
#6462=DIRECTION('',(-0.575770430104034,-0.817611406364794,-1.27846717679965E-16));
#6463=DIRECTION('',(-4.05741624797134E-16,-1.,-9.86076131526265E-32));
#6464=DIRECTION('',(1.,-4.05741624797134E-16,2.22044604925031E-16));
#6465=DIRECTION('',(-4.05741624797134E-16,-1.,-9.86076131526265E-32));
#6466=DIRECTION('',(-1.,4.05741624797134E-16,-2.22044604925031E-16));
#6467=DIRECTION('',(0.570372722305841,0.821385997962848,1.26648185784415E-16));
#6468=DIRECTION('',(-4.05741624797134E-16,-1.,-9.86076131526265E-32));
#6469=DIRECTION('center_axis',(4.05741624797134E-16,1.,9.86076131526265E-32));
#6470=DIRECTION('ref_axis',(1.,-4.05741624797134E-16,2.22044604925031E-16));
#6471=DIRECTION('',(2.22044604925031E-16,5.39837022806366E-55,-1.));
#6472=DIRECTION('',(2.22044604925031E-16,5.39837022806366E-55,-1.));
#6473=DIRECTION('center_axis',(1.,-4.05741624797134E-16,2.22044604925031E-16));
#6474=DIRECTION('ref_axis',(-4.05741624797134E-16,-1.,-9.86076131526265E-32));
#6475=DIRECTION('',(2.22044604925031E-16,5.39837022806366E-55,-1.));
#6476=DIRECTION('center_axis',(4.05741624797134E-16,1.,9.86076131526265E-32));
#6477=DIRECTION('ref_axis',(1.,-4.05741624797134E-16,2.22044604925031E-16));
#6478=DIRECTION('',(2.22044604925031E-16,5.39837022806366E-55,-1.));
#6479=DIRECTION('center_axis',(1.,-4.05741624797134E-16,2.22044604925031E-16));
#6480=DIRECTION('ref_axis',(-4.05741624797134E-16,-1.,-9.86076131526265E-32));
#6481=DIRECTION('',(2.22044604925031E-16,5.39837022806366E-55,-1.));
#6482=DIRECTION('center_axis',(0.817611406364794,-0.575770430104034,1.8154620170847E-16));
#6483=DIRECTION('ref_axis',(-0.575770430104034,-0.817611406364794,-1.27846717679965E-16));
#6484=DIRECTION('',(2.22044604925031E-16,5.39837022806366E-55,-1.));
#6485=DIRECTION('center_axis',(-4.05741624797134E-16,-1.,-9.86076131526265E-32));
#6486=DIRECTION('ref_axis',(-1.,4.05741624797134E-16,-2.22044604925031E-16));
#6487=DIRECTION('',(2.22044604925031E-16,5.39837022806366E-55,-1.));
#6488=DIRECTION('center_axis',(-1.,4.05741624797134E-16,-2.22044604925031E-16));
#6489=DIRECTION('ref_axis',(4.05741624797134E-16,1.,9.86076131526265E-32));
#6490=DIRECTION('',(2.22044604925031E-16,5.39837022806366E-55,-1.));
#6491=DIRECTION('center_axis',(-4.05741624797134E-16,-1.,-9.86076131526265E-32));
#6492=DIRECTION('ref_axis',(-1.,4.05741624797134E-16,-2.22044604925031E-16));
#6493=DIRECTION('',(2.22044604925031E-16,5.39837022806366E-55,-1.));
#6494=DIRECTION('center_axis',(-1.,4.05741624797134E-16,-2.22044604925031E-16));
#6495=DIRECTION('ref_axis',(4.05741624797134E-16,1.,9.86076131526265E-32));
#6496=DIRECTION('',(2.22044604925031E-16,5.39837022806366E-55,-1.));
#6497=DIRECTION('center_axis',(4.05741624797134E-16,1.,9.86076131526265E-32));
#6498=DIRECTION('ref_axis',(1.,-4.05741624797134E-16,2.22044604925031E-16));
#6499=DIRECTION('',(2.22044604925031E-16,5.39837022806366E-55,-1.));
#6500=DIRECTION('center_axis',(-1.,4.05741624797134E-16,-2.22044604925031E-16));
#6501=DIRECTION('ref_axis',(4.05741624797134E-16,1.,9.86076131526265E-32));
#6502=DIRECTION('center_axis',(-4.05741624797134E-16,-1.,-9.86076131526265E-32));
#6503=DIRECTION('ref_axis',(-1.,4.05741624797134E-16,-2.22044604925031E-16));
#6504=DIRECTION('',(2.22044604925031E-16,5.39837022806366E-55,-1.));
#6505=DIRECTION('',(2.22044604925031E-16,5.39837022806366E-55,-1.));
#6506=DIRECTION('center_axis',(1.,-4.05741624797134E-16,2.22044604925031E-16));
#6507=DIRECTION('ref_axis',(-4.05741624797134E-16,-1.,-9.86076131526265E-32));
#6508=DIRECTION('',(2.22044604925031E-16,5.39837022806366E-55,-1.));
#6509=DIRECTION('center_axis',(-0.821385997962848,0.570372722305841,-1.82384329408613E-16));
#6510=DIRECTION('ref_axis',(0.570372722305841,0.821385997962848,1.26648185784415E-16));
#6511=DIRECTION('center_axis',(-2.22044604925031E-16,-5.39837022806366E-55,
1.));
#6512=DIRECTION('ref_axis',(1.,-4.05741624797134E-16,2.22044604925031E-16));
#6513=DIRECTION('',(1.,-4.05741624797134E-16,2.22044604925031E-16));
#6514=DIRECTION('',(4.05741624797134E-16,1.,9.86076131526265E-32));
#6515=DIRECTION('',(1.,-4.05741624797134E-16,2.22044604925031E-16));
#6516=DIRECTION('',(-1.,4.05741624797134E-16,-2.22044604925031E-16));
#6517=DIRECTION('',(-4.05741624797134E-16,-1.,-9.86076131526265E-32));
#6518=DIRECTION('',(4.05741624797134E-16,1.,9.86076131526265E-32));
#6519=DIRECTION('',(1.,-4.05741624797134E-16,2.22044604925031E-16));
#6520=DIRECTION('',(-1.,4.05741624797134E-16,-2.22044604925031E-16));
#6521=DIRECTION('center_axis',(4.05741624797134E-16,1.,9.86076131526265E-32));
#6522=DIRECTION('ref_axis',(1.,-4.05741624797134E-16,2.22044604925031E-16));
#6523=DIRECTION('',(2.22044604925031E-16,5.39837022806366E-55,-1.));
#6524=DIRECTION('',(2.22044604925031E-16,5.39837022806366E-55,-1.));
#6525=DIRECTION('center_axis',(1.,-4.05741624797134E-16,2.22044604925031E-16));
#6526=DIRECTION('ref_axis',(-4.05741624797134E-16,-1.,-9.86076131526265E-32));
#6527=DIRECTION('',(2.22044604925031E-16,5.39837022806366E-55,-1.));
#6528=DIRECTION('center_axis',(-4.05741624797134E-16,-1.,-9.86076131526265E-32));
#6529=DIRECTION('ref_axis',(-1.,4.05741624797134E-16,-2.22044604925031E-16));
#6530=DIRECTION('',(2.22044604925031E-16,5.39837022806366E-55,-1.));
#6531=DIRECTION('',(2.22044604925031E-16,5.39837022806366E-55,-1.));
#6532=DIRECTION('',(2.22044604925031E-16,5.39837022806366E-55,-1.));
#6533=DIRECTION('',(2.22044604925031E-16,5.39837022806366E-55,-1.));
#6534=DIRECTION('',(2.22044604925031E-16,5.39837022806366E-55,-1.));
#6535=DIRECTION('',(2.22044604925031E-16,5.39837022806366E-55,-1.));
#6536=DIRECTION('',(2.22044604925031E-16,5.39837022806366E-55,-1.));
#6537=DIRECTION('center_axis',(4.05741624797134E-16,1.,9.86076131526265E-32));
#6538=DIRECTION('ref_axis',(1.,-4.05741624797134E-16,2.22044604925031E-16));
#6539=DIRECTION('',(2.22044604925031E-16,5.39837022806366E-55,-1.));
#6540=DIRECTION('center_axis',(-1.,4.05741624797134E-16,-2.22044604925031E-16));
#6541=DIRECTION('ref_axis',(4.05741624797134E-16,1.,9.86076131526265E-32));
#6542=DIRECTION('center_axis',(-1.,4.05741624797134E-16,-2.22044604925031E-16));
#6543=DIRECTION('ref_axis',(4.05741624797134E-16,1.,9.86076131526265E-32));
#6544=DIRECTION('',(2.22044604925031E-16,5.39837022806366E-55,-1.));
#6545=DIRECTION('',(2.22044604925031E-16,5.39837022806366E-55,-1.));
#6546=DIRECTION('center_axis',(-4.05741624797134E-16,-1.,-9.86076131526265E-32));
#6547=DIRECTION('ref_axis',(-1.,4.05741624797134E-16,-2.22044604925031E-16));
#6548=DIRECTION('',(2.22044604925031E-16,5.39837022806366E-55,-1.));
#6549=DIRECTION('',(2.22044604925031E-16,5.39837022806366E-55,-1.));
#6550=DIRECTION('',(2.22044604925031E-16,5.39837022806366E-55,-1.));
#6551=DIRECTION('',(2.22044604925031E-16,5.39837022806366E-55,-1.));
#6552=DIRECTION('',(2.22044604925031E-16,5.39837022806366E-55,-1.));
#6553=DIRECTION('',(2.22044604925031E-16,5.39837022806366E-55,-1.));
#6554=DIRECTION('center_axis',(4.05741624797134E-16,1.,9.86076131526265E-32));
#6555=DIRECTION('ref_axis',(1.,-4.05741624797134E-16,2.22044604925031E-16));
#6556=DIRECTION('center_axis',(-2.22044604925031E-16,-5.39837022806366E-55,
1.));
#6557=DIRECTION('ref_axis',(1.,-4.05741624797134E-16,2.22044604925031E-16));
#6558=DIRECTION('',(1.,-4.05741624797134E-16,2.22044604925031E-16));
#6559=DIRECTION('',(-4.05741624797134E-16,-1.,-9.86076131526265E-32));
#6560=DIRECTION('',(0.964381299101473,0.264515991848044,2.14135664556075E-16));
#6561=DIRECTION('',(4.05741624797134E-16,1.,9.86076131526265E-32));
#6562=DIRECTION('',(-0.999998703443724,-0.001610313904737,-2.22044317031705E-16));
#6563=DIRECTION('',(-4.05741624797134E-16,-1.,-9.86076131526265E-32));
#6564=DIRECTION('center_axis',(4.05741624797134E-16,1.,9.86076131526265E-32));
#6565=DIRECTION('ref_axis',(1.,-4.05741624797134E-16,2.22044604925031E-16));
#6566=DIRECTION('',(2.22044604925031E-16,5.39837022806366E-55,-1.));
#6567=DIRECTION('',(2.22044604925031E-16,5.39837022806366E-55,-1.));
#6568=DIRECTION('center_axis',(1.,-4.05741624797134E-16,2.22044604925031E-16));
#6569=DIRECTION('ref_axis',(-4.05741624797134E-16,-1.,-9.86076131526265E-32));
#6570=DIRECTION('',(2.22044604925031E-16,5.39837022806366E-55,-1.));
#6571=DIRECTION('center_axis',(0.001610313904737,-0.999998703443724,3.57561514782604E-19));
#6572=DIRECTION('ref_axis',(-0.999998703443724,-0.001610313904737,-2.22044317031705E-16));
#6573=DIRECTION('',(2.22044604925031E-16,5.39837022806366E-55,-1.));
#6574=DIRECTION('center_axis',(-1.,4.05741624797134E-16,-2.22044604925031E-16));
#6575=DIRECTION('ref_axis',(4.05741624797134E-16,1.,9.86076131526265E-32));
#6576=DIRECTION('',(2.22044604925031E-16,5.39837022806366E-55,-1.));
#6577=DIRECTION('',(2.22044604925031E-16,5.39837022806366E-55,-1.));
#6578=DIRECTION('',(2.22044604925031E-16,5.39837022806366E-55,-1.));
#6579=DIRECTION('',(2.22044604925031E-16,5.39837022806366E-55,-1.));
#6580=DIRECTION('',(2.22044604925031E-16,5.39837022806366E-55,-1.));
#6581=DIRECTION('',(2.22044604925031E-16,5.39837022806366E-55,-1.));
#6582=DIRECTION('',(2.22044604925031E-16,5.39837022806366E-55,-1.));
#6583=DIRECTION('',(2.22044604925031E-16,5.39837022806366E-55,-1.));
#6584=DIRECTION('',(2.22044604925031E-16,5.39837022806366E-55,-1.));
#6585=DIRECTION('',(2.22044604925031E-16,5.39837022806366E-55,-1.));
#6586=DIRECTION('',(2.22044604925031E-16,5.39837022806366E-55,-1.));
#6587=DIRECTION('',(2.22044604925031E-16,5.39837022806366E-55,-1.));
#6588=DIRECTION('center_axis',(-0.264515991848044,0.964381299101473,-5.87343489062518E-17));
#6589=DIRECTION('ref_axis',(0.964381299101473,0.264515991848044,2.14135664556075E-16));
#6590=DIRECTION('',(2.22044604925031E-16,5.39837022806366E-55,-1.));
#6591=DIRECTION('',(2.22044604925031E-16,5.39837022806366E-55,-1.));
#6592=DIRECTION('',(2.22044604925031E-16,5.39837022806366E-55,-1.));
#6593=DIRECTION('',(2.22044604925031E-16,5.39837022806366E-55,-1.));
#6594=DIRECTION('',(2.22044604925031E-16,5.39837022806366E-55,-1.));
#6595=DIRECTION('',(2.22044604925031E-16,5.39837022806366E-55,-1.));
#6596=DIRECTION('',(2.22044604925031E-16,5.39837022806366E-55,-1.));
#6597=DIRECTION('',(2.22044604925031E-16,5.39837022806366E-55,-1.));
#6598=DIRECTION('',(2.22044604925031E-16,5.39837022806366E-55,-1.));
#6599=DIRECTION('',(2.22044604925031E-16,5.39837022806366E-55,-1.));
#6600=DIRECTION('',(2.22044604925031E-16,5.39837022806366E-55,-1.));
#6601=DIRECTION('',(2.22044604925031E-16,5.39837022806366E-55,-1.));
#6602=DIRECTION('',(2.22044604925031E-16,5.39837022806366E-55,-1.));
#6603=DIRECTION('center_axis',(1.,-4.05741624797134E-16,2.22044604925031E-16));
#6604=DIRECTION('ref_axis',(-4.05741624797134E-16,-1.,-9.86076131526265E-32));
#6605=DIRECTION('center_axis',(-1.30506089359971E-54,1.,-1.3050608935997E-54));
#6606=DIRECTION('ref_axis',(-1.,-1.30506089359971E-54,-2.22044604925031E-16));
#6607=DIRECTION('',(-1.,-1.30506089359971E-54,2.22044604925031E-16));
#6608=DIRECTION('',(-2.22044604925031E-16,1.3050608935997E-54,1.));
#6609=DIRECTION('',(1.,1.30506089359971E-54,-2.20309881449055E-16));
#6610=DIRECTION('',(2.22044604925031E-16,-1.3050608935997E-54,-1.));
#6611=DIRECTION('',(1.,1.30506089359971E-54,2.22044604925031E-16));
#6612=DIRECTION('',(2.40548322002117E-16,1.30506089359971E-54,1.));
#6613=DIRECTION('',(-1.,-1.30506089359971E-54,-2.22044604925031E-16));
#6614=DIRECTION('',(2.22044604925031E-16,1.30506089359971E-54,1.));
#6615=DIRECTION('',(1.,1.30506089359971E-54,2.22044604925031E-16));
#6616=DIRECTION('',(2.22044604925031E-16,-1.3050608935997E-54,-1.));
#6617=DIRECTION('',(1.,1.30506089359971E-54,2.22044604925031E-16));
#6618=DIRECTION('',(2.22044181408567E-16,1.30506089359971E-54,1.));
#6619=DIRECTION('',(1.,1.30506089359971E-54,-2.20309881449055E-16));
#6620=DIRECTION('',(-2.22044604925031E-16,1.3050608935997E-54,1.));
#6621=DIRECTION('',(1.,1.30506089359971E-54,-2.22044604925031E-16));
#6622=DIRECTION('',(-2.22044181408567E-16,-1.30506089359971E-54,-1.));
#6623=DIRECTION('',(1.,1.30506089359971E-54,-2.22044604925031E-16));
#6624=DIRECTION('',(-2.22044604925031E-16,1.3050608935997E-54,1.));
#6625=DIRECTION('',(1.,1.30506089359971E-54,-2.22044604925031E-16));
#6626=DIRECTION('',(1.,1.30506089359971E-54,-2.22044604925031E-16));
#6627=DIRECTION('',(1.,1.30506089359971E-54,-2.22044604925031E-16));
#6628=DIRECTION('',(1.,1.30506089359971E-54,-2.22044604925031E-16));
#6629=DIRECTION('',(1.,1.30506089359971E-54,-2.22044604925031E-16));
#6630=DIRECTION('',(1.,1.30506089359971E-54,-2.22044604925031E-16));
#6631=DIRECTION('',(1.,1.30506089359971E-54,-2.22044604925031E-16));
#6632=DIRECTION('',(1.,1.30506089359971E-54,-2.22044604925031E-16));
#6633=DIRECTION('',(1.,1.30506089359971E-54,-2.22044604925031E-16));
#6634=DIRECTION('',(2.22044604925031E-16,-1.3050608935997E-54,-1.));
#6635=DIRECTION('',(1.,1.30506089359971E-54,-2.20309881449055E-16));
#6636=DIRECTION('',(2.22044604925031E-16,-1.3050608935997E-54,-1.));
#6637=DIRECTION('',(-1.,-1.30506089359971E-54,2.22044604925031E-16));
#6638=DIRECTION('',(2.22044604925031E-16,-1.3050608935997E-54,-1.));
#6639=DIRECTION('',(1.,1.30506089359971E-54,-2.20309881449055E-16));
#6640=DIRECTION('',(2.22044604925031E-16,-1.3050608935997E-54,-1.));
#6641=DIRECTION('',(-1.,-1.30506089359971E-54,2.22044604925031E-16));
#6642=DIRECTION('',(-2.22044604925031E-16,1.3050608935997E-54,1.));
#6643=DIRECTION('',(1.,1.30506089359971E-54,-2.20309881449055E-16));
#6644=DIRECTION('',(2.22044604925031E-16,-1.3050608935997E-54,-1.));
#6645=DIRECTION('center_axis',(1.30506089359971E-54,-1.,1.3050608935997E-54));
#6646=DIRECTION('ref_axis',(1.,1.30506089359971E-54,2.22044604925031E-16));
#6647=DIRECTION('',(-1.,-8.69345191567364E-70,-9.80901231619152E-18));
#6648=DIRECTION('',(2.22044604925031E-16,-1.3050608935997E-54,-1.));
#6649=DIRECTION('',(-1.,-1.15912692208982E-69,-2.22044604925031E-16));
#6650=DIRECTION('',(-2.22044604925031E-16,1.3050608935997E-54,1.));
#6651=DIRECTION('',(-1.,-8.69345191567364E-70,-9.80901231619152E-18));
#6652=DIRECTION('',(2.22044604925031E-16,-1.3050608935997E-54,-1.));
#6653=DIRECTION('',(-1.,-1.15912692208982E-69,-2.22044604925031E-16));
#6654=DIRECTION('',(-2.22044604925031E-16,1.3050608935997E-54,1.));
#6655=DIRECTION('',(-1.,1.64767029918371E-31,2.22044604925031E-16));
#6656=DIRECTION('',(2.22044604925031E-16,-1.3050608935997E-54,-1.));
#6657=DIRECTION('',(-1.,-1.15912692208982E-69,-2.22044604925031E-16));
#6658=DIRECTION('',(-2.22044604925031E-16,1.3050608935997E-54,1.));
#6659=DIRECTION('',(-1.,1.64767029918371E-31,2.22044604925031E-16));
#6660=DIRECTION('',(2.22044604925031E-16,-1.3050608935997E-54,-1.));
#6661=DIRECTION('',(-1.,-1.15912692208982E-69,-2.22044604925031E-16));
#6662=DIRECTION('',(2.22044181408567E-16,1.3050608935997E-54,1.));
#6663=DIRECTION('',(-1.,-1.30506089359971E-54,-2.22044604925031E-16));
#6664=DIRECTION('',(-2.22044604925031E-16,1.3050608935997E-54,1.));
#6665=DIRECTION('',(-1.,-1.30506089359971E-54,-2.22044604925031E-16));
#6666=DIRECTION('',(-2.22044604925031E-16,-3.7102236727166E-16,-1.));
#6667=DIRECTION('',(-1.,-1.30506089359971E-54,-2.22044604925031E-16));
#6668=DIRECTION('',(1.,1.30506089359971E-54,2.22044604925031E-16));
#6669=DIRECTION('',(2.40548322002117E-16,1.30506089359971E-54,1.));
#6670=DIRECTION('',(-1.,-1.30506089359971E-54,-2.22044604925031E-16));
#6671=DIRECTION('',(2.22044604925031E-16,-1.3050608935997E-54,-1.));
#6672=DIRECTION('',(-1.,-1.15912692208982E-69,-2.22044604925031E-16));
#6673=DIRECTION('',(-2.22044604925031E-16,1.3050608935997E-54,1.));
#6674=DIRECTION('',(-1.,-8.69345191567364E-70,-9.80901231619152E-18));
#6675=DIRECTION('',(2.22044604925031E-16,-1.3050608935997E-54,-1.));
#6676=DIRECTION('',(-1.,-1.15912692208982E-69,-2.22044604925031E-16));
#6677=DIRECTION('',(-2.22044604925031E-16,1.3050608935997E-54,1.));
#6678=DIRECTION('center_axis',(-2.22044604925031E-16,1.3050608935997E-54,
1.));
#6679=DIRECTION('ref_axis',(1.30506089359971E-54,-1.,1.3050608935997E-54));
#6680=DIRECTION('',(1.30506089359971E-54,-1.,1.3050608935997E-54));
#6681=DIRECTION('',(1.30506089359971E-54,-1.,1.3050608935997E-54));
#6682=DIRECTION('center_axis',(1.,1.30506089359971E-54,2.22044604925031E-16));
#6683=DIRECTION('ref_axis',(2.22044604925031E-16,-1.3050608935997E-54,-1.));
#6684=DIRECTION('',(1.30506089359971E-54,-1.,1.3050608935997E-54));
#6685=DIRECTION('center_axis',(-1.,-1.30506089359971E-54,-2.22044604925031E-16));
#6686=DIRECTION('ref_axis',(-2.22044604925031E-16,1.3050608935997E-54,1.));
#6687=DIRECTION('',(1.33320071721484E-16,-0.799684658487091,0.600420225325884));
#6688=DIRECTION('',(2.22044604925031E-16,1.30506089359971E-54,1.));
#6689=DIRECTION('',(-8.69345191567364E-70,1.,-1.3050608935997E-54));
#6690=DIRECTION('',(-1.48029736616688E-16,-1.30506089359971E-54,-1.));
#6691=DIRECTION('',(8.69345191567364E-70,-1.,1.3050608935997E-54));
#6692=DIRECTION('',(2.22044604925031E-16,1.3050608935997E-54,1.));
#6693=DIRECTION('',(-8.69345191567364E-70,1.,-1.3050608935997E-54));
#6694=DIRECTION('',(-2.22044604925031E-16,-3.7102236727166E-16,-1.));
#6695=DIRECTION('',(-1.33226762955019E-16,-0.8,-0.6));
#6696=DIRECTION('',(-2.22044604925031E-16,-1.30506089359971E-54,-1.));
#6697=DIRECTION('',(-1.33320071721484E-16,0.799684658487091,-0.600420225325884));
#6698=DIRECTION('',(1.33226762955019E-16,0.8,0.6));
#6699=DIRECTION('',(2.22044604925031E-16,1.30506089359971E-54,1.));
#6700=DIRECTION('center_axis',(-1.,-1.30506089359971E-54,2.22044181408567E-16));
#6701=DIRECTION('ref_axis',(2.22044181408567E-16,1.30506089359971E-54,1.));
#6702=DIRECTION('',(1.30506089359971E-54,-1.,1.3050608935997E-54));
#6703=DIRECTION('',(2.22044181408567E-16,1.30506089359971E-54,1.));
#6704=DIRECTION('',(-1.30506089359971E-54,1.,-1.3050608935997E-54));
#6705=DIRECTION('center_axis',(2.22044604925031E-16,-1.3050608935997E-54,
-1.));
#6706=DIRECTION('ref_axis',(-1.,-1.30506089359971E-54,-2.22044604925031E-16));
#6707=DIRECTION('center_axis',(1.30506089359971E-54,-1.,1.3050608935997E-54));
#6708=DIRECTION('ref_axis',(2.22044604925031E-16,-1.3050608935997E-54,-1.));
#6709=DIRECTION('',(1.,1.30506089359971E-54,2.22044604925031E-16));
#6710=DIRECTION('',(2.22044604925031E-16,-1.3050608935997E-54,-1.));
#6711=DIRECTION('',(-1.,-1.30506089359971E-54,-2.22044604925031E-16));
#6712=DIRECTION('center_axis',(-1.77635683940025E-16,-0.6,0.8));
#6713=DIRECTION('ref_axis',(1.33226762955019E-16,-0.8,-0.6));
#6714=DIRECTION('',(-1.,-1.30506089359971E-54,-2.22044604925031E-16));
#6715=DIRECTION('',(1.33226762955019E-16,-0.8,-0.6));
#6716=DIRECTION('center_axis',(1.77565664058375E-16,-0.600420225325884,
-0.799684658487091));
#6717=DIRECTION('ref_axis',(1.33320071721484E-16,0.799684658487091,-0.600420225325884));
#6718=DIRECTION('',(1.33320071721484E-16,0.799684658487091,-0.600420225325884));
#6719=DIRECTION('center_axis',(-1.,-1.30506089359971E-54,-2.22044604925031E-16));
#6720=DIRECTION('ref_axis',(-2.22044604925031E-16,1.3050608935997E-54,1.));
#6721=DIRECTION('',(1.30506089359971E-54,-1.,1.3050608935997E-54));
#6722=DIRECTION('',(2.40548322002117E-16,1.30506089359971E-54,1.));
#6723=DIRECTION('',(1.30506089359971E-54,-1.,1.3050608935997E-54));
#6724=DIRECTION('',(2.40548322002117E-16,1.30506089359971E-54,1.));
#6725=DIRECTION('',(-1.33320071721484E-16,-0.799684658487091,0.600420225325884));
#6726=DIRECTION('',(-2.22044604925031E-16,1.3050608935997E-54,1.));
#6727=DIRECTION('',(-1.33226762955019E-16,0.8,0.6));
#6728=DIRECTION('center_axis',(1.30506089359971E-54,-1.,1.3050608935997E-54));
#6729=DIRECTION('ref_axis',(1.,1.30506089359971E-54,2.22044604925031E-16));
#6730=DIRECTION('',(-1.,1.64767029918371E-31,2.22044604925031E-16));
#6731=DIRECTION('center_axis',(1.30506089359971E-54,-1.,1.3050608935997E-54));
#6732=DIRECTION('ref_axis',(1.,1.30506089359971E-54,2.22044604925031E-16));
#6733=DIRECTION('',(-2.22044604925031E-16,1.3050608935997E-54,1.));
#6734=DIRECTION('',(-1.,1.64767029918371E-31,2.22044604925031E-16));
#6735=DIRECTION('',(2.22044604925031E-16,-1.3050608935997E-54,-1.));
#6736=DIRECTION('',(1.,5.79563461044909E-70,-2.22044604925031E-16));
#6737=DIRECTION('',(-2.22044604925031E-16,1.3050608935997E-54,1.));
#6738=DIRECTION('',(1.,1.30506089359971E-54,2.22044604925031E-16));
#6739=DIRECTION('',(2.22044604925031E-16,-1.3050608935997E-54,-1.));
#6740=DIRECTION('',(1.,-1.64767029918371E-31,-2.22044604925031E-16));
#6741=DIRECTION('',(-1.,1.64767029918371E-31,2.22044604925031E-16));
#6742=DIRECTION('',(2.22044604925031E-16,-1.3050608935997E-54,-1.));
#6743=DIRECTION('',(1.,5.79563461044909E-70,-2.22044604925031E-16));
#6744=DIRECTION('',(-2.22044604925031E-16,1.3050608935997E-54,1.));
#6745=DIRECTION('',(-1.,1.64767029918371E-31,2.22044604925031E-16));
#6746=DIRECTION('',(2.22044604925031E-16,-1.3050608935997E-54,-1.));
#6747=DIRECTION('',(1.,5.79563461044909E-70,-2.22044604925031E-16));
#6748=DIRECTION('',(-2.22044604925031E-16,1.3050608935997E-54,1.));
#6749=DIRECTION('',(-1.,1.64767029918371E-31,2.22044604925031E-16));
#6750=DIRECTION('',(2.22044604925031E-16,-1.3050608935997E-54,-1.));
#6751=DIRECTION('',(1.,5.79563461044909E-70,-2.22044604925031E-16));
#6752=DIRECTION('',(-2.22044604925031E-16,1.3050608935997E-54,1.));
#6753=DIRECTION('',(-1.,1.64767029918371E-31,2.22044604925031E-16));
#6754=DIRECTION('',(2.22044604925031E-16,-1.3050608935997E-54,-1.));
#6755=DIRECTION('',(1.,5.79563461044909E-70,-2.22044604925031E-16));
#6756=DIRECTION('center_axis',(-1.77565664058375E-16,0.600420225325884,
0.799684658487091));
#6757=DIRECTION('ref_axis',(-1.33320071721484E-16,-0.799684658487091,0.600420225325884));
#6758=DIRECTION('',(1.,1.30506089359971E-54,2.22044604925031E-16));
#6759=DIRECTION('',(1.,1.30506089359971E-54,2.22044604925031E-16));
#6760=DIRECTION('center_axis',(-1.30506089359971E-54,1.,-1.3050608935997E-54));
#6761=DIRECTION('ref_axis',(-2.22044604925031E-16,1.3050608935997E-54,1.));
#6762=DIRECTION('',(1.,1.30506089359971E-54,2.22044604925031E-16));
#6763=DIRECTION('center_axis',(1.77635683940025E-16,0.6,-0.8));
#6764=DIRECTION('ref_axis',(-1.33226762955019E-16,0.8,0.6));
#6765=DIRECTION('center_axis',(-1.30506089359971E-54,1.,-1.3050608935997E-54));
#6766=DIRECTION('ref_axis',(-1.,-1.30506089359971E-54,-2.22044604925031E-16));
#6767=DIRECTION('',(-1.,-1.30506089359971E-54,-2.22044604925031E-16));
#6768=DIRECTION('center_axis',(1.48029736616688E-16,1.30506089359971E-54,
1.));
#6769=DIRECTION('ref_axis',(1.,1.30506089359971E-54,-1.48029736616688E-16));
#6770=DIRECTION('',(-1.,-1.30506089359971E-54,-2.22044604925031E-16));
#6771=DIRECTION('',(-1.30506089359971E-54,1.,-1.3050608935997E-54));
#6772=DIRECTION('',(-1.,-1.30506089359971E-54,-2.22044604925031E-16));
#6773=DIRECTION('center_axis',(1.,1.30506089359971E-54,2.22044604925031E-16));
#6774=DIRECTION('ref_axis',(1.30506089359971E-54,-1.,1.3050608935997E-54));
#6775=DIRECTION('',(-1.30506089359971E-54,1.,-1.3050608935997E-54));
#6776=DIRECTION('',(-2.22044604925031E-16,1.3050608935997E-54,1.));
#6777=DIRECTION('',(-2.22044604925029E-16,-1.44136190633495E-7,0.99999999999999));
#6778=DIRECTION('',(1.30506089359971E-54,-1.,1.3050608935997E-54));
#6779=DIRECTION('center_axis',(-1.,-1.30506089359971E-54,-2.22044604925031E-16));
#6780=DIRECTION('ref_axis',(2.22044604925031E-16,-1.3050608935997E-54,-1.));
#6781=DIRECTION('',(-1.30506089359971E-54,1.,-1.3050608935997E-54));
#6782=DIRECTION('',(2.22044604925029E-16,1.44136190633495E-7,-0.99999999999999));
#6783=DIRECTION('',(-2.22044604925031E-16,1.3050608935997E-54,1.));
#6784=DIRECTION('',(1.30506089359971E-54,-1.,1.3050608935997E-54));
#6785=DIRECTION('center_axis',(3.20046635046134E-23,-0.99999999999999,-1.44136190633495E-7));
#6786=DIRECTION('ref_axis',(1.,1.30506089359971E-54,2.22044604925031E-16));
#6787=DIRECTION('',(1.,5.79563461044909E-70,-2.22044604925031E-16));
#6788=DIRECTION('',(-1.,-3.04323281264887E-23,-1.09086785991389E-17));
#6789=DIRECTION('center_axis',(2.22044604925031E-16,-1.3050608935997E-54,
-1.));
#6790=DIRECTION('ref_axis',(-1.,-1.30506089359971E-54,-2.22044604925031E-16));
#6791=DIRECTION('',(1.30506089359971E-54,-1.,1.3050608935997E-54));
#6792=DIRECTION('',(-1.,-1.15912692208982E-69,-2.22044604925031E-16));
#6793=DIRECTION('center_axis',(-1.,-1.30506089359971E-54,-2.22044604925031E-16));
#6794=DIRECTION('ref_axis',(2.22044604925031E-16,-1.3050608935997E-54,-1.));
#6795=DIRECTION('',(-1.30506089359971E-54,1.,-1.3050608935997E-54));
#6796=DIRECTION('',(-2.22044604925029E-16,-1.44136190633495E-7,0.99999999999999));
#6797=DIRECTION('',(-2.22044604925031E-16,1.3050608935997E-54,1.));
#6798=DIRECTION('center_axis',(-3.20046635046134E-23,0.99999999999999,1.44136190633495E-7));
#6799=DIRECTION('ref_axis',(-2.22044604925029E-16,-1.44136190633495E-7,
0.99999999999999));
#6800=DIRECTION('',(1.,5.79563461044909E-70,-2.22044604925031E-16));
#6801=DIRECTION('',(2.22044604925029E-16,1.44136190633495E-7,-0.99999999999999));
#6802=DIRECTION('',(1.,3.04323281264887E-23,1.09086785991389E-17));
#6803=DIRECTION('center_axis',(1.,1.30506089359971E-54,2.22044604925031E-16));
#6804=DIRECTION('ref_axis',(1.30506089359971E-54,-1.,1.3050608935997E-54));
#6805=DIRECTION('',(-1.30506089359971E-54,1.,-1.3050608935997E-54));
#6806=DIRECTION('',(-2.22044604925031E-16,1.3050608935997E-54,1.));
#6807=DIRECTION('',(1.30506089359971E-54,-1.,1.3050608935997E-54));
#6808=DIRECTION('center_axis',(2.22044604925031E-16,-1.3050608935997E-54,
-1.));
#6809=DIRECTION('ref_axis',(-1.,-1.30506089359971E-54,-2.22044604925031E-16));
#6810=DIRECTION('',(-1.,-1.15912692208982E-69,-2.22044604925031E-16));
#6811=DIRECTION('',(-1.30506089359971E-54,1.,-1.3050608935997E-54));
#6812=DIRECTION('center_axis',(-1.,-1.30506089359971E-54,-2.22044604925031E-16));
#6813=DIRECTION('ref_axis',(2.22044604925031E-16,-1.3050608935997E-54,-1.));
#6814=DIRECTION('',(-1.30506089359971E-54,1.,-1.3050608935997E-54));
#6815=DIRECTION('',(-2.22044604925029E-16,-1.44136190633495E-7,0.99999999999999));
#6816=DIRECTION('',(-2.22044604925031E-16,1.3050608935997E-54,1.));
#6817=DIRECTION('',(1.30506089359971E-54,-1.,1.3050608935997E-54));
#6818=DIRECTION('center_axis',(-3.20046635046134E-23,0.99999999999999,1.44136190633495E-7));
#6819=DIRECTION('ref_axis',(-2.22044604925029E-16,-1.44136190633495E-7,
0.99999999999999));
#6820=DIRECTION('',(1.,5.79563461044909E-70,-2.22044604925031E-16));
#6821=DIRECTION('',(2.22044604925029E-16,1.44136190633495E-7,-0.99999999999999));
#6822=DIRECTION('',(1.,3.04323281264887E-23,1.09086785991389E-17));
#6823=DIRECTION('center_axis',(1.,1.30506089359971E-54,2.22044604925031E-16));
#6824=DIRECTION('ref_axis',(1.30506089359971E-54,-1.,1.3050608935997E-54));
#6825=DIRECTION('',(-1.30506089359971E-54,1.,-1.3050608935997E-54));
#6826=DIRECTION('',(-2.22044604925031E-16,1.3050608935997E-54,1.));
#6827=DIRECTION('',(1.30506089359971E-54,-1.,1.3050608935997E-54));
#6828=DIRECTION('center_axis',(2.22044604925031E-16,-1.3050608935997E-54,
-1.));
#6829=DIRECTION('ref_axis',(-1.,-1.30506089359971E-54,-2.22044604925031E-16));
#6830=DIRECTION('',(-1.,-1.15912692208982E-69,-2.22044604925031E-16));
#6831=DIRECTION('center_axis',(-1.,-1.30506089359971E-54,-2.22044604925031E-16));
#6832=DIRECTION('ref_axis',(2.22044604925031E-16,-1.3050608935997E-54,-1.));
#6833=DIRECTION('',(-1.30506089359971E-54,1.,-1.3050608935997E-54));
#6834=DIRECTION('',(-2.22044604925029E-16,-1.44136190633495E-7,0.99999999999999));
#6835=DIRECTION('',(-2.22044604925031E-16,1.3050608935997E-54,1.));
#6836=DIRECTION('',(1.30506089359971E-54,-1.,1.3050608935997E-54));
#6837=DIRECTION('center_axis',(-3.20046635046134E-23,0.99999999999999,1.44136190633495E-7));
#6838=DIRECTION('ref_axis',(-2.22044604925029E-16,-1.44136190633495E-7,
0.99999999999999));
#6839=DIRECTION('',(1.,5.79563461044909E-70,-2.22044604925031E-16));
#6840=DIRECTION('',(2.22044604925029E-16,1.44136190633495E-7,-0.99999999999999));
#6841=DIRECTION('',(1.,3.04323281264887E-23,1.09086785991389E-17));
#6842=DIRECTION('center_axis',(1.,1.30506089359971E-54,2.22044604925031E-16));
#6843=DIRECTION('ref_axis',(1.30506089359971E-54,-1.,1.3050608935997E-54));
#6844=DIRECTION('',(-1.30506089359971E-54,1.,-1.3050608935997E-54));
#6845=DIRECTION('',(-2.22044604925031E-16,1.3050608935997E-54,1.));
#6846=DIRECTION('',(1.30506089359971E-54,-1.,1.3050608935997E-54));
#6847=DIRECTION('center_axis',(2.22044604925031E-16,-1.3050608935997E-54,
-1.));
#6848=DIRECTION('ref_axis',(-1.,-1.30506089359971E-54,-2.22044604925031E-16));
#6849=DIRECTION('',(-1.,-1.15912692208982E-69,-2.22044604925031E-16));
#6850=DIRECTION('center_axis',(-1.,-1.30506089359971E-54,-2.22044604925031E-16));
#6851=DIRECTION('ref_axis',(2.22044604925031E-16,-1.3050608935997E-54,-1.));
#6852=DIRECTION('',(-1.30506089359971E-54,1.,-1.3050608935997E-54));
#6853=DIRECTION('',(-2.22044604925029E-16,-1.44136190633495E-7,0.99999999999999));
#6854=DIRECTION('',(1.50513457029719E-16,1.30506089359971E-54,1.));
#6855=DIRECTION('',(1.30506089359971E-54,-1.,1.3050608935997E-54));
#6856=DIRECTION('center_axis',(-3.20046635046134E-23,0.99999999999999,1.44136190633495E-7));
#6857=DIRECTION('ref_axis',(-2.22044604925029E-16,-1.44136190633495E-7,
0.99999999999999));
#6858=DIRECTION('',(1.,5.79563461044909E-70,-2.22044604925031E-16));
#6859=DIRECTION('',(2.22044604925029E-16,1.44136190633495E-7,-0.99999999999999));
#6860=DIRECTION('',(1.,3.04323281264887E-23,1.09086785991389E-17));
#6861=DIRECTION('center_axis',(1.,1.30506089359971E-54,2.22044604925031E-16));
#6862=DIRECTION('ref_axis',(1.30506089359971E-54,-1.,1.3050608935997E-54));
#6863=DIRECTION('',(-1.30506089359971E-54,1.,-1.3050608935997E-54));
#6864=DIRECTION('',(1.50513457029719E-16,1.30506089359971E-54,1.));
#6865=DIRECTION('',(1.30506089359971E-54,-1.,1.3050608935997E-54));
#6866=DIRECTION('center_axis',(2.22044604925031E-16,-1.3050608935997E-54,
-1.));
#6867=DIRECTION('ref_axis',(-1.,-1.30506089359971E-54,-2.22044604925031E-16));
#6868=DIRECTION('',(-1.,-1.15912692208982E-69,-2.22044604925031E-16));
#6869=DIRECTION('center_axis',(1.,1.30506089359971E-54,2.22044604925031E-16));
#6870=DIRECTION('ref_axis',(2.22044604925031E-16,-1.3050608935997E-54,-1.));
#6871=DIRECTION('',(-1.30506089359971E-54,1.,-1.3050608935997E-54));
#6872=DIRECTION('',(2.22044604925031E-16,-1.3050608935997E-54,-1.));
#6873=DIRECTION('',(-1.30506089359971E-54,1.,-1.3050608935997E-54));
#6874=DIRECTION('center_axis',(-1.,-1.30506089359971E-54,2.22044181408567E-16));
#6875=DIRECTION('ref_axis',(2.22044181408567E-16,1.30506089359971E-54,1.));
#6876=DIRECTION('',(-2.22044604925031E-16,1.3050608935997E-54,1.));
#6877=DIRECTION('',(8.69345191567364E-70,-1.,1.3050608935997E-54));
#6878=DIRECTION('center_axis',(2.22044604925031E-16,-1.3050608935997E-54,
-1.));
#6879=DIRECTION('ref_axis',(-1.,-1.30506089359971E-54,-2.22044604925031E-16));
#6880=DIRECTION('',(-1.,-1.15912692208982E-69,-2.22044604925031E-16));
#6881=DIRECTION('center_axis',(2.22044604925031E-16,1.3050608935997E-54,
1.));
#6882=DIRECTION('ref_axis',(1.,5.79563461044909E-70,-2.22044604925031E-16));
#6883=DIRECTION('',(1.,5.79563461044909E-70,-2.22044604925031E-16));
#6884=DIRECTION('center_axis',(-8.69345191567364E-70,1.,-1.3050608935997E-54));
#6885=DIRECTION('ref_axis',(-2.22044604925031E-16,-1.3050608935997E-54,
-1.));
#6886=DIRECTION('',(-1.,-5.79563461044909E-70,2.22044604925031E-16));
#6887=DIRECTION('',(1.48029736616688E-16,1.30506089359971E-54,1.));
#6888=DIRECTION('',(1.,5.79563461044909E-70,-2.22044604925031E-16));
#6889=DIRECTION('',(1.,5.79563461044909E-70,-2.22044604925031E-16));
#6890=DIRECTION('',(1.,5.79563461044909E-70,-2.22044604925031E-16));
#6891=DIRECTION('',(1.,5.79563461044909E-70,-2.22044604925031E-16));
#6892=DIRECTION('',(1.,5.79563461044909E-70,-2.22044604925031E-16));
#6893=DIRECTION('center_axis',(1.,1.30506089359971E-54,2.22044604925031E-16));
#6894=DIRECTION('ref_axis',(2.22044604925031E-16,-1.3050608935997E-54,-1.));
#6895=DIRECTION('',(-1.30506089359971E-54,1.,-1.3050608935997E-54));
#6896=DIRECTION('',(-1.30506089359971E-54,1.,-1.3050608935997E-54));
#6897=DIRECTION('center_axis',(2.22044604925031E-16,-1.3050608935997E-54,
-1.));
#6898=DIRECTION('ref_axis',(-1.,-1.30506089359971E-54,-2.22044604925031E-16));
#6899=DIRECTION('center_axis',(1.,1.30506089359971E-54,2.22044604925031E-16));
#6900=DIRECTION('ref_axis',(2.22044604925031E-16,-1.3050608935997E-54,-1.));
#6901=DIRECTION('',(-1.30506089359971E-54,1.,-1.3050608935997E-54));
#6902=DIRECTION('',(-2.22044604925031E-16,1.3050608935997E-54,1.));
#6903=DIRECTION('center_axis',(2.22044604925031E-16,1.3050608935997E-54,
1.));
#6904=DIRECTION('ref_axis',(-8.69345191567364E-70,1.,-1.3050608935997E-54));
#6905=DIRECTION('',(-1.,-1.30506089359971E-54,-2.22044604925031E-16));
#6906=DIRECTION('center_axis',(2.22044604925031E-16,1.3050608935997E-54,
1.));
#6907=DIRECTION('ref_axis',(1.,5.79563461044909E-70,-2.22044604925031E-16));
#6908=DIRECTION('',(1.30506089359971E-54,-1.,1.3050608935997E-54));
#6909=DIRECTION('',(-1.30506089359971E-54,1.,-1.3050608935997E-54));
#6910=DIRECTION('',(1.,1.30506089359971E-54,2.22044604925031E-16));
#6911=DIRECTION('center_axis',(-1.30506089359971E-54,1.,-1.3050608935997E-54));
#6912=DIRECTION('ref_axis',(-1.,-1.30506089359971E-54,-2.22044604925031E-16));
#6913=DIRECTION('',(-2.22044604925031E-16,1.3050608935997E-54,1.));
#6914=DIRECTION('',(-1.,-1.30506089359971E-54,2.22044604925031E-16));
#6915=DIRECTION('',(-2.22044604925031E-16,1.3050608935997E-54,1.));
#6916=DIRECTION('',(1.,1.30506089359971E-54,-2.20309881449055E-16));
#6917=DIRECTION('center_axis',(2.20309881449055E-16,1.30506089359971E-54,
1.));
#6918=DIRECTION('ref_axis',(1.,1.30506089359971E-54,-2.20309881449055E-16));
#6919=DIRECTION('',(-1.30506089359971E-54,1.,-1.3050608935997E-54));
#6920=DIRECTION('',(-1.,-5.79563461044909E-70,2.20309881449055E-16));
#6921=DIRECTION('',(1.30506089359971E-54,-1.,1.3050608935997E-54));
#6922=DIRECTION('',(-1.30506089359971E-54,1.,-1.3050608935997E-54));
#6923=DIRECTION('',(-1.,-5.79563461044909E-70,2.20309881449055E-16));
#6924=DIRECTION('',(-1.30506089359971E-54,1.,-1.3050608935997E-54));
#6925=DIRECTION('center_axis',(2.20309881449055E-16,1.30506089359971E-54,
1.));
#6926=DIRECTION('ref_axis',(1.,1.30506089359971E-54,-2.20309881449055E-16));
#6927=DIRECTION('',(-1.30506089359971E-54,1.,-1.3050608935997E-54));
#6928=DIRECTION('',(-1.,-5.79563461044909E-70,2.20309881449055E-16));
#6929=DIRECTION('',(1.30506089359971E-54,-1.,1.3050608935997E-54));
#6930=DIRECTION('center_axis',(2.22044604925031E-16,1.3050608935997E-54,
1.));
#6931=DIRECTION('ref_axis',(1.,5.79563461044909E-70,-2.22044604925031E-16));
#6932=DIRECTION('',(1.30506089359971E-54,-1.,1.3050608935997E-54));
#6933=DIRECTION('',(-1.30506089359971E-54,1.,-1.3050608935997E-54));
#6934=DIRECTION('',(1.,1.30506089359971E-54,2.22044604925031E-16));
#6935=DIRECTION('center_axis',(2.20309881449055E-16,1.30506089359971E-54,
1.));
#6936=DIRECTION('ref_axis',(1.,1.30506089359971E-54,-2.20309881449055E-16));
#6937=DIRECTION('',(1.30506089359971E-54,-1.,1.3050608935997E-54));
#6938=DIRECTION('',(1.30506089359971E-54,-1.,1.3050608935997E-54));
#6939=DIRECTION('',(-1.,-5.79563461044909E-70,2.20309881449055E-16));
#6940=DIRECTION('center_axis',(8.69345191567364E-70,-1.,1.3050608935997E-54));
#6941=DIRECTION('ref_axis',(2.22044604925031E-16,1.3050608935997E-54,1.));
#6942=DIRECTION('',(1.,1.30506089359971E-54,2.22044604925031E-16));
#6943=DIRECTION('',(-2.22044604925031E-16,1.3050608935997E-54,1.));
#6944=DIRECTION('',(-1.,-5.79563461044909E-70,2.20309881449055E-16));
#6945=DIRECTION('',(-2.22044604925031E-16,1.3050608935997E-54,1.));
#6946=DIRECTION('',(-2.22044604925031E-16,1.3050608935997E-54,1.));
#6947=DIRECTION('',(-2.22044604925031E-16,1.3050608935997E-54,1.));
#6948=DIRECTION('',(1.,1.30506089359971E-54,2.22044604925031E-16));
#6949=DIRECTION('',(1.,1.30506089359971E-54,2.22044604925031E-16));
#6950=DIRECTION('',(-2.22044604925031E-16,1.3050608935997E-54,1.));
#6951=DIRECTION('',(-1.,-5.79563461044909E-70,2.20309881449055E-16));
#6952=DIRECTION('',(-2.22044604925031E-16,1.3050608935997E-54,1.));
#6953=DIRECTION('',(1.,1.30506089359971E-54,2.22044604925031E-16));
#6954=DIRECTION('',(-2.22044604925031E-16,1.3050608935997E-54,1.));
#6955=DIRECTION('',(-2.22044604925031E-16,1.3050608935997E-54,1.));
#6956=DIRECTION('',(-2.22044604925031E-16,1.3050608935997E-54,1.));
#6957=DIRECTION('',(2.20309881449055E-16,1.3050608935997E-54,1.));
#6958=DIRECTION('',(-2.22044604925031E-16,1.3050608935997E-54,1.));
#6959=DIRECTION('',(-2.22044604925031E-16,1.3050608935997E-54,1.));
#6960=DIRECTION('center_axis',(2.22044604925031E-16,1.3050608935997E-54,
1.));
#6961=DIRECTION('ref_axis',(1.,5.79563461044909E-70,-2.22044604925031E-16));
#6962=DIRECTION('',(1.30506089359971E-54,-1.,1.3050608935997E-54));
#6963=DIRECTION('',(-1.30506089359971E-54,1.,-1.3050608935997E-54));
#6964=DIRECTION('center_axis',(2.20309881449055E-16,1.30506089359971E-54,
1.));
#6965=DIRECTION('ref_axis',(1.,1.30506089359971E-54,-2.20309881449055E-16));
#6966=DIRECTION('',(-1.30506089359971E-54,1.,-1.3050608935997E-54));
#6967=DIRECTION('',(1.30506089359971E-54,-1.,1.3050608935997E-54));
#6968=DIRECTION('center_axis',(2.22044604925031E-16,1.3050608935997E-54,
1.));
#6969=DIRECTION('ref_axis',(1.,5.79563461044909E-70,-2.22044604925031E-16));
#6970=DIRECTION('',(1.30506089359971E-54,-1.,1.3050608935997E-54));
#6971=DIRECTION('',(-1.30506089359971E-54,1.,-1.3050608935997E-54));
#6972=DIRECTION('center_axis',(2.20309881449055E-16,1.30506089359971E-54,
1.));
#6973=DIRECTION('ref_axis',(1.,1.30506089359971E-54,-2.20309881449055E-16));
#6974=DIRECTION('',(-1.30506089359971E-54,1.,-1.3050608935997E-54));
#6975=DIRECTION('',(1.30506089359971E-54,-1.,1.3050608935997E-54));
#6976=DIRECTION('center_axis',(2.22044604925031E-16,1.3050608935997E-54,
1.));
#6977=DIRECTION('ref_axis',(1.,5.79563461044909E-70,-2.22044604925031E-16));
#6978=DIRECTION('',(1.30506089359971E-54,-1.,1.3050608935997E-54));
#6979=DIRECTION('',(-1.30506089359971E-54,1.,-1.3050608935997E-54));
#6980=DIRECTION('center_axis',(2.22044604925031E-16,1.3050608935997E-54,
1.));
#6981=DIRECTION('ref_axis',(1.,5.79563461044909E-70,-2.22044604925031E-16));
#6982=DIRECTION('',(-1.30506089359971E-54,1.,-1.3050608935997E-54));
#6983=DIRECTION('',(8.69345191567364E-70,-1.,1.3050608935997E-54));
#6984=DIRECTION('center_axis',(1.,1.30506089359971E-54,2.22044604925031E-16));
#6985=DIRECTION('ref_axis',(1.30506089359971E-54,-1.,1.3050608935997E-54));
#6986=DIRECTION('center_axis',(-1.,-1.30506089359971E-54,-2.22044604925031E-16));
#6987=DIRECTION('ref_axis',(2.22044604925031E-16,-1.3050608935997E-54,-1.));
#6988=DIRECTION('center_axis',(-1.,-1.30506089359971E-54,2.22044181408567E-16));
#6989=DIRECTION('ref_axis',(2.22044181408567E-16,1.30506089359971E-54,1.));
#6990=DIRECTION('center_axis',(1.,1.30506089359971E-54,2.22044604925031E-16));
#6991=DIRECTION('ref_axis',(2.22044604925031E-16,-1.3050608935997E-54,-1.));
#6992=DIRECTION('center_axis',(2.22044604925031E-16,1.3050608935997E-54,
1.));
#6993=DIRECTION('ref_axis',(1.,5.79563461044909E-70,-2.22044604925031E-16));
#6994=DIRECTION('',(1.30506089359971E-54,-1.,1.3050608935997E-54));
#6995=DIRECTION('',(1.,1.30506089359971E-54,2.22044604925031E-16));
#6996=DIRECTION('',(1.,1.30506089359971E-54,2.22044604925031E-16));
#6997=DIRECTION('',(-1.30506089359971E-54,1.,-1.3050608935997E-54));
#6998=DIRECTION('center_axis',(-1.,-1.30506089359971E-54,-2.22044604925031E-16));
#6999=DIRECTION('ref_axis',(2.22044604925031E-16,-1.3050608935997E-54,-1.));
#7000=DIRECTION('',(1.30506089359971E-54,-1.,1.3050608935997E-54));
#7001=DIRECTION('',(2.22044604925031E-16,-1.3050608935997E-54,-1.));
#7002=DIRECTION('',(-1.30506089359971E-54,1.,-1.3050608935997E-54));
#7003=DIRECTION('center_axis',(1.,1.30506089359971E-54,2.22044604925031E-16));
#7004=DIRECTION('ref_axis',(1.30506089359971E-54,-1.,1.3050608935997E-54));
#7005=DIRECTION('',(1.30506089359971E-54,-1.,1.3050608935997E-54));
#7006=DIRECTION('',(2.22044604925031E-16,-1.3050608935997E-54,-1.));
#7007=DIRECTION('',(1.30506089359971E-54,-1.,1.3050608935997E-54));
#7008=DIRECTION('center_axis',(-1.30506089359971E-54,1.,-1.3050608935997E-54));
#7009=DIRECTION('ref_axis',(1.,1.30506089359971E-54,-2.22044604925031E-16));
#7010=DIRECTION('',(1.,1.30506089359971E-54,2.22044604925031E-16));
#7011=DIRECTION('',(1.,1.30506089359971E-54,-2.22044604925031E-16));
#7012=DIRECTION('center_axis',(-2.22044604925031E-16,-1.3050608935997E-54,
-1.));
#7013=DIRECTION('ref_axis',(8.69345191567364E-70,-1.,1.3050608935997E-54));
#7014=DIRECTION('center_axis',(9.80901231619152E-18,-1.3050608935997E-54,
-1.));
#7015=DIRECTION('ref_axis',(1.,1.30506089359971E-54,9.80901231619152E-18));
#7016=DIRECTION('center_axis',(1.,1.30506089359971E-54,2.22044604925031E-16));
#7017=DIRECTION('ref_axis',(1.30506089359971E-54,-1.,1.3050608935997E-54));
#7018=DIRECTION('',(1.30506089359971E-54,-1.,1.3050608935997E-54));
#7019=DIRECTION('',(2.22044604925031E-16,-1.3050608935997E-54,-1.));
#7020=DIRECTION('center_axis',(-1.,-1.30506089359971E-54,-2.22044604925031E-16));
#7021=DIRECTION('ref_axis',(-1.30506089359971E-54,1.,-1.3050608935997E-54));
#7022=DIRECTION('',(-2.22044604925031E-16,1.3050608935997E-54,1.));
#7023=DIRECTION('',(-1.30506089359971E-54,1.,-1.3050608935997E-54));
#7024=DIRECTION('center_axis',(1.30506089359971E-54,-1.,1.3050608935997E-54));
#7025=DIRECTION('ref_axis',(1.,1.30506089359971E-54,2.22044604925031E-16));
#7026=DIRECTION('',(1.,1.30506089359971E-54,-2.22044604925031E-16));
#7027=DIRECTION('center_axis',(-2.22044604925031E-16,-1.3050608935997E-54,
-1.));
#7028=DIRECTION('ref_axis',(-1.,-5.79563461044909E-70,2.22044604925031E-16));
#7029=DIRECTION('center_axis',(2.22044604925031E-16,1.3050608935997E-54,
1.));
#7030=DIRECTION('ref_axis',(1.,5.79563461044909E-70,-2.22044604925031E-16));
#7031=DIRECTION('',(1.30506089359971E-54,-1.,1.3050608935997E-54));
#7032=DIRECTION('',(1.,1.30506089359971E-54,9.80901231619152E-18));
#7033=DIRECTION('',(1.,1.30506089359971E-54,2.22044604925031E-16));
#7034=DIRECTION('',(-1.30506089359971E-54,1.,-1.3050608935997E-54));
#7035=DIRECTION('center_axis',(-1.,-1.30506089359971E-54,-2.22044604925031E-16));
#7036=DIRECTION('ref_axis',(2.22044604925031E-16,-1.3050608935997E-54,-1.));
#7037=DIRECTION('',(1.30506089359971E-54,-1.,1.3050608935997E-54));
#7038=DIRECTION('',(2.22044604925031E-16,-1.3050608935997E-54,-1.));
#7039=DIRECTION('',(-1.30506089359971E-54,1.,-1.3050608935997E-54));
#7040=DIRECTION('center_axis',(9.80901231619152E-18,-1.3050608935997E-54,
-1.));
#7041=DIRECTION('ref_axis',(1.,1.30506089359971E-54,9.80901231619152E-18));
#7042=DIRECTION('',(1.30506089359971E-54,-1.,1.3050608935997E-54));
#7043=DIRECTION('',(1.,1.30506089359971E-54,9.80901231619152E-18));
#7044=DIRECTION('center_axis',(1.,1.30506089359971E-54,2.22044604925031E-16));
#7045=DIRECTION('ref_axis',(1.30506089359971E-54,-1.,1.3050608935997E-54));
#7046=DIRECTION('',(1.30506089359971E-54,-1.,1.3050608935997E-54));
#7047=DIRECTION('',(2.22044604925031E-16,-1.3050608935997E-54,-1.));
#7048=DIRECTION('center_axis',(-1.30506089359971E-54,1.,-1.3050608935997E-54));
#7049=DIRECTION('ref_axis',(1.,1.30506089359971E-54,-2.22044604925031E-16));
#7050=DIRECTION('',(1.,1.30506089359971E-54,-2.22044604925031E-16));
#7051=DIRECTION('center_axis',(-2.22044604925031E-16,-1.3050608935997E-54,
-1.));
#7052=DIRECTION('ref_axis',(8.69345191567364E-70,-1.,1.3050608935997E-54));
#7053=DIRECTION('center_axis',(1.,1.30506089359971E-54,2.22044604925031E-16));
#7054=DIRECTION('ref_axis',(1.30506089359971E-54,-1.,1.3050608935997E-54));
#7055=DIRECTION('',(1.30506089359971E-54,-1.,1.3050608935997E-54));
#7056=DIRECTION('',(2.22044604925031E-16,-1.3050608935997E-54,-1.));
#7057=DIRECTION('center_axis',(1.30506089359971E-54,-1.,1.3050608935997E-54));
#7058=DIRECTION('ref_axis',(1.,1.30506089359971E-54,2.22044604925031E-16));
#7059=DIRECTION('',(1.,1.30506089359971E-54,-2.22044604925031E-16));
#7060=DIRECTION('',(-2.22044604925031E-16,1.3050608935997E-54,1.));
#7061=DIRECTION('center_axis',(-1.,-1.30506089359971E-54,-2.22044604925031E-16));
#7062=DIRECTION('ref_axis',(-1.30506089359971E-54,1.,-1.3050608935997E-54));
#7063=DIRECTION('',(-1.30506089359971E-54,1.,-1.3050608935997E-54));
#7064=DIRECTION('center_axis',(-2.22044604925031E-16,-1.3050608935997E-54,
-1.));
#7065=DIRECTION('ref_axis',(-1.,-5.79563461044909E-70,2.22044604925031E-16));
#7066=DIRECTION('center_axis',(2.22044604925031E-16,1.3050608935997E-54,
1.));
#7067=DIRECTION('ref_axis',(1.,5.79563461044909E-70,-2.22044604925031E-16));
#7068=DIRECTION('',(1.30506089359971E-54,-1.,1.3050608935997E-54));
#7069=DIRECTION('',(1.,1.30506089359971E-54,9.80901231619152E-18));
#7070=DIRECTION('',(-1.30506089359971E-54,1.,-1.3050608935997E-54));
#7071=DIRECTION('center_axis',(-2.22044604925031E-16,-1.3050608935997E-54,
-1.));
#7072=DIRECTION('ref_axis',(-1.,-5.79563461044909E-70,2.22044604925031E-16));
#7073=DIRECTION('',(-1.30506089359971E-54,1.,-1.3050608935997E-54));
#7074=DIRECTION('',(1.,1.30506089359971E-54,-2.22044604925031E-16));
#7075=DIRECTION('',(1.30506089359971E-54,-1.,1.3050608935997E-54));
#7076=DIRECTION('center_axis',(-1.,-1.30506089359971E-54,-2.22044604925031E-16));
#7077=DIRECTION('ref_axis',(-1.30506089359971E-54,1.,-1.3050608935997E-54));
#7078=DIRECTION('',(-2.22044604925031E-16,1.3050608935997E-54,1.));
#7079=DIRECTION('center_axis',(1.30506089359971E-54,-1.,1.3050608935997E-54));
#7080=DIRECTION('ref_axis',(1.,1.30506089359971E-54,2.22044604925031E-16));
#7081=DIRECTION('',(2.22044604925031E-16,-1.3050608935997E-54,-1.));
#7082=DIRECTION('center_axis',(1.,1.30506089359971E-54,2.22044604925031E-16));
#7083=DIRECTION('ref_axis',(1.30506089359971E-54,-1.,1.3050608935997E-54));
#7084=DIRECTION('center_axis',(-1.,-1.30506089359971E-54,-2.22044604925031E-16));
#7085=DIRECTION('ref_axis',(2.22044604925031E-16,-1.3050608935997E-54,-1.));
#7086=DIRECTION('',(1.30506089359971E-54,-1.,1.3050608935997E-54));
#7087=DIRECTION('',(2.22044604925031E-16,-1.3050608935997E-54,-1.));
#7088=DIRECTION('',(-1.30506089359971E-54,1.,-1.3050608935997E-54));
#7089=DIRECTION('center_axis',(9.80901231619152E-18,-1.3050608935997E-54,
-1.));
#7090=DIRECTION('ref_axis',(1.,1.30506089359971E-54,9.80901231619152E-18));
#7091=DIRECTION('',(1.30506089359971E-54,-1.,1.3050608935997E-54));
#7092=DIRECTION('',(1.,1.30506089359971E-54,2.22044604925031E-16));
#7093=DIRECTION('center_axis',(-1.30506089359971E-54,1.,-1.3050608935997E-54));
#7094=DIRECTION('ref_axis',(1.,1.30506089359971E-54,-2.22044604925031E-16));
#7095=DIRECTION('',(2.22044604925031E-16,-1.3050608935997E-54,-1.));
#7096=DIRECTION('',(1.,1.30506089359971E-54,-2.22044604925031E-16));
#7097=DIRECTION('center_axis',(-2.22044604925031E-16,-1.3050608935997E-54,
-1.));
#7098=DIRECTION('ref_axis',(8.69345191567364E-70,-1.,1.3050608935997E-54));
#7099=DIRECTION('',(1.30506089359971E-54,-1.,1.3050608935997E-54));
#7100=DIRECTION('center_axis',(1.,1.30506089359971E-54,2.22044604925031E-16));
#7101=DIRECTION('ref_axis',(1.30506089359971E-54,-1.,1.3050608935997E-54));
#7102=DIRECTION('center_axis',(2.22044604925031E-16,1.3050608935997E-54,
1.));
#7103=DIRECTION('ref_axis',(1.,5.79563461044909E-70,-2.22044604925031E-16));
#7104=DIRECTION('',(1.30506089359971E-54,-1.,1.3050608935997E-54));
#7105=DIRECTION('',(1.,1.30506089359971E-54,2.22044604925031E-16));
#7106=DIRECTION('',(1.,1.30506089359971E-54,2.22044604925031E-16));
#7107=DIRECTION('',(-1.30506089359971E-54,1.,-1.3050608935997E-54));
#7108=DIRECTION('center_axis',(1.,1.30506089359971E-54,2.22044604925031E-16));
#7109=DIRECTION('ref_axis',(1.30506089359971E-54,-1.,1.3050608935997E-54));
#7110=DIRECTION('',(1.30506089359971E-54,-1.,1.3050608935997E-54));
#7111=DIRECTION('',(2.22044604925031E-16,-1.3050608935997E-54,-1.));
#7112=DIRECTION('center_axis',(-1.,-1.30506089359971E-54,-2.22044604925031E-16));
#7113=DIRECTION('ref_axis',(-1.30506089359971E-54,1.,-1.3050608935997E-54));
#7114=DIRECTION('',(-2.22044604925031E-16,1.3050608935997E-54,1.));
#7115=DIRECTION('',(-1.30506089359971E-54,1.,-1.3050608935997E-54));
#7116=DIRECTION('center_axis',(1.30506089359971E-54,-1.,1.3050608935997E-54));
#7117=DIRECTION('ref_axis',(1.,1.30506089359971E-54,2.22044604925031E-16));
#7118=DIRECTION('',(1.,1.30506089359971E-54,-2.22044604925031E-16));
#7119=DIRECTION('center_axis',(-2.22044604925031E-16,-1.3050608935997E-54,
-1.));
#7120=DIRECTION('ref_axis',(-1.,-5.79563461044909E-70,2.22044604925031E-16));
#7121=DIRECTION('center_axis',(2.22044604925031E-16,1.3050608935997E-54,
1.));
#7122=DIRECTION('ref_axis',(1.,5.79563461044909E-70,-2.22044604925031E-16));
#7123=DIRECTION('',(1.30506089359971E-54,-1.,1.3050608935997E-54));
#7124=DIRECTION('',(1.,1.30506089359971E-54,2.22044604925031E-16));
#7125=DIRECTION('',(1.,1.30506089359971E-54,2.22044604925031E-16));
#7126=DIRECTION('',(-1.30506089359971E-54,1.,-1.3050608935997E-54));
#7127=DIRECTION('center_axis',(1.,1.30506089359971E-54,2.22044604925031E-16));
#7128=DIRECTION('ref_axis',(1.30506089359971E-54,-1.,1.3050608935997E-54));
#7129=DIRECTION('',(1.30506089359971E-54,-1.,1.3050608935997E-54));
#7130=DIRECTION('',(2.22044604925031E-16,-1.3050608935997E-54,-1.));
#7131=DIRECTION('',(1.30506089359971E-54,-1.,1.3050608935997E-54));
#7132=DIRECTION('center_axis',(9.80901231619152E-18,-1.3050608935997E-54,
-1.));
#7133=DIRECTION('ref_axis',(1.,1.30506089359971E-54,9.80901231619152E-18));
#7134=DIRECTION('',(1.,1.30506089359971E-54,2.22044604925031E-16));
#7135=DIRECTION('',(1.30506089359971E-54,-1.,1.3050608935997E-54));
#7136=DIRECTION('center_axis',(-1.,-1.30506089359971E-54,-2.22044604925031E-16));
#7137=DIRECTION('ref_axis',(2.22044604925031E-16,-1.3050608935997E-54,-1.));
#7138=DIRECTION('',(2.22044604925031E-16,-1.3050608935997E-54,-1.));
#7139=DIRECTION('',(-1.30506089359971E-54,1.,-1.3050608935997E-54));
#7140=DIRECTION('center_axis',(-1.30506089359971E-54,1.,-1.3050608935997E-54));
#7141=DIRECTION('ref_axis',(1.,1.30506089359971E-54,-2.22044604925031E-16));
#7142=DIRECTION('',(1.,1.30506089359971E-54,-2.22044604925031E-16));
#7143=DIRECTION('center_axis',(-2.22044604925031E-16,-1.3050608935997E-54,
-1.));
#7144=DIRECTION('ref_axis',(8.69345191567364E-70,-1.,1.3050608935997E-54));
#7145=DIRECTION('center_axis',(1.,1.30506089359971E-54,2.22044604925031E-16));
#7146=DIRECTION('ref_axis',(1.30506089359971E-54,-1.,1.3050608935997E-54));
#7147=DIRECTION('',(1.30506089359971E-54,-1.,1.3050608935997E-54));
#7148=DIRECTION('',(2.22044604925031E-16,-1.3050608935997E-54,-1.));
#7149=DIRECTION('center_axis',(-1.,-1.30506089359971E-54,-2.22044604925031E-16));
#7150=DIRECTION('ref_axis',(-1.30506089359971E-54,1.,-1.3050608935997E-54));
#7151=DIRECTION('',(-2.22044604925031E-16,1.3050608935997E-54,1.));
#7152=DIRECTION('',(-1.30506089359971E-54,1.,-1.3050608935997E-54));
#7153=DIRECTION('center_axis',(1.30506089359971E-54,-1.,1.3050608935997E-54));
#7154=DIRECTION('ref_axis',(1.,1.30506089359971E-54,2.22044604925031E-16));
#7155=DIRECTION('',(1.,1.30506089359971E-54,-2.22044604925031E-16));
#7156=DIRECTION('center_axis',(-2.22044604925031E-16,-1.3050608935997E-54,
-1.));
#7157=DIRECTION('ref_axis',(-1.,-5.79563461044909E-70,2.22044604925031E-16));
#7158=DIRECTION('center_axis',(-1.83667601732675E-48,9.36772324949952E-31,
1.));
#7159=DIRECTION('ref_axis',(-1.,2.99951956532372E-32,-1.83667601732677E-48));
#7160=DIRECTION('',(-1.,1.49975978266186E-32,1.22464679914735E-16));
#7161=DIRECTION('',(-1.49975978266186E-32,-1.,0.));
#7162=DIRECTION('',(1.,-1.49975978266186E-32,-1.22464679914735E-16));
#7163=DIRECTION('',(1.49975978266186E-32,1.,0.));
#7164=DIRECTION('center_axis',(-2.99951956532372E-32,-1.,-1.22464679914735E-16));
#7165=DIRECTION('ref_axis',(5.51002805198032E-48,1.22464679914735E-16,-1.));
#7166=DIRECTION('',(1.,-1.49975978266186E-32,3.67335203465355E-48));
#7167=DIRECTION('',(-2.44929359829471E-16,1.22464679914735E-16,-1.));
#7168=DIRECTION('',(2.44929359829471E-16,-1.22464679914735E-16,1.));
#7169=DIRECTION('center_axis',(1.,-1.49975978266186E-32,-2.44929359829471E-16));
#7170=DIRECTION('ref_axis',(-2.44929359829471E-16,0.,-1.));
#7171=DIRECTION('',(-2.44929359829471E-16,1.22464679914735E-16,-1.));
#7172=DIRECTION('',(-1.49975978266186E-32,-1.,0.));
#7173=DIRECTION('center_axis',(2.99951956532372E-32,1.,1.22464679914735E-16));
#7174=DIRECTION('ref_axis',(-5.51002805198032E-48,-1.22464679914735E-16,
1.));
#7175=DIRECTION('',(-1.,1.49975978266186E-32,-3.67335203465355E-48));
#7176=DIRECTION('',(2.44929359829471E-16,-1.22464679914735E-16,1.));
#7177=DIRECTION('center_axis',(-1.,1.49975978266186E-32,2.44929359829471E-16));
#7178=DIRECTION('ref_axis',(2.44929359829471E-16,0.,1.));
#7179=DIRECTION('',(1.49975978266186E-32,1.,0.));
#7180=DIRECTION('center_axis',(1.,-1.49975978266186E-32,1.09774481903807E-16));
#7181=DIRECTION('ref_axis',(1.09774481903807E-16,0.,-1.));
#7182=DIRECTION('',(-1.49975978266186E-32,-1.,0.));
#7183=DIRECTION('',(1.83667601732677E-48,0.,-1.));
#7184=DIRECTION('',(1.49975978266186E-32,1.,0.));
#7185=DIRECTION('',(-1.83667601732677E-48,0.,1.));
#7186=DIRECTION('center_axis',(-1.,1.49975978266186E-32,-1.09774481903807E-16));
#7187=DIRECTION('ref_axis',(-1.09774481903807E-16,0.,1.));
#7188=DIRECTION('',(1.49975978266186E-32,1.,0.));
#7189=DIRECTION('',(1.83667601732677E-48,0.,-1.));
#7190=DIRECTION('',(-1.49975978266186E-32,-1.,0.));
#7191=DIRECTION('',(-1.83667601732677E-48,0.,1.));
#7192=DIRECTION('center_axis',(-1.83667601732677E-48,0.,1.));
#7193=DIRECTION('ref_axis',(-1.,1.49975978266186E-32,-3.67335203465355E-48));
#7194=DIRECTION('',(1.,-1.49975978266186E-32,3.67335203465355E-48));
#7195=DIRECTION('',(-1.,1.49975978266186E-32,-3.67335203465355E-48));
#7196=DIRECTION('center_axis',(-1.49975978266186E-32,-1.,0.));
#7197=DIRECTION('ref_axis',(-1.,1.49975978266186E-32,-3.67335203465355E-48));
#7198=DIRECTION('',(1.,-1.49975978266186E-32,1.09774481903807E-16));
#7199=DIRECTION('center_axis',(1.49975978266186E-32,1.,0.));
#7200=DIRECTION('ref_axis',(1.,-1.49975978266186E-32,3.67335203465355E-48));
#7201=DIRECTION('',(-1.,1.49975978266186E-32,-1.09774481903807E-16));
#7202=DIRECTION('center_axis',(1.83667601732677E-48,0.,-1.));
#7203=DIRECTION('ref_axis',(-1.,1.49975978266186E-32,-3.67335203465355E-48));
#7204=DIRECTION('center_axis',(0.,0.,-1.));
#7205=DIRECTION('ref_axis',(1.,2.22044551985472E-16,0.));
#7206=DIRECTION('',(1.,2.22044551985472E-16,0.));
#7207=DIRECTION('',(-2.22044551985472E-16,1.,0.));
#7208=DIRECTION('',(1.,2.22044551985472E-16,0.));
#7209=DIRECTION('',(2.22044551985472E-16,-1.,0.));
#7210=DIRECTION('center_axis',(-2.22044551985472E-16,1.,0.));
#7211=DIRECTION('ref_axis',(-1.,-2.22044551985472E-16,0.));
#7212=DIRECTION('',(0.,0.,-1.));
#7213=DIRECTION('',(-1.,-2.22044551985472E-16,0.));
#7214=DIRECTION('',(0.,0.,1.));
#7215=DIRECTION('center_axis',(2.22044551985472E-16,-1.,0.));
#7216=DIRECTION('ref_axis',(0.,0.,1.));
#7217=DIRECTION('',(0.,0.,1.));
#7218=DIRECTION('',(0.,0.,-1.));
#7219=DIRECTION('',(-1.,-2.22044551985472E-16,0.));
#7220=DIRECTION('center_axis',(0.,0.,-1.));
#7221=DIRECTION('ref_axis',(1.,2.22044551985472E-16,0.));
#7222=DIRECTION('',(1.,2.22044551985472E-16,0.));
#7223=DIRECTION('',(-2.22044551985472E-16,1.,0.));
#7224=DIRECTION('',(1.,2.22044551985472E-16,0.));
#7225=DIRECTION('',(2.22044551985472E-16,-1.,0.));
#7226=DIRECTION('center_axis',(-2.22044551985472E-16,1.,0.));
#7227=DIRECTION('ref_axis',(-1.,-2.22044551985472E-16,0.));
#7228=DIRECTION('',(0.,0.,-1.));
#7229=DIRECTION('',(-1.,-2.22044551985472E-16,0.));
#7230=DIRECTION('',(0.,0.,1.));
#7231=DIRECTION('center_axis',(2.22044551985472E-16,-1.,0.));
#7232=DIRECTION('ref_axis',(0.,0.,1.));
#7233=DIRECTION('',(0.,0.,-1.));
#7234=DIRECTION('',(-1.,-2.22044551985472E-16,0.));
#7235=DIRECTION('',(0.,0.,1.));
#7236=DIRECTION('center_axis',(0.,0.,-1.));
#7237=DIRECTION('ref_axis',(1.,2.22044551985472E-16,0.));
#7238=DIRECTION('',(1.,2.22044551985472E-16,0.));
#7239=DIRECTION('',(-2.22044551985472E-16,1.,0.));
#7240=DIRECTION('',(1.,2.22044551985472E-16,0.));
#7241=DIRECTION('',(2.22044551985472E-16,-1.,0.));
#7242=DIRECTION('center_axis',(-2.22044551985472E-16,1.,0.));
#7243=DIRECTION('ref_axis',(-1.,-2.22044551985472E-16,0.));
#7244=DIRECTION('',(-1.,-2.22044551985472E-16,0.));
#7245=DIRECTION('',(0.,0.,1.));
#7246=DIRECTION('',(0.,0.,-1.));
#7247=DIRECTION('center_axis',(2.22044551985472E-16,-1.,0.));
#7248=DIRECTION('ref_axis',(0.,0.,1.));
#7249=DIRECTION('',(-1.,-2.22044551985472E-16,0.));
#7250=DIRECTION('',(0.,0.,1.));
#7251=DIRECTION('',(0.,0.,-1.));
#7252=DIRECTION('center_axis',(1.,2.22044551985472E-16,0.));
#7253=DIRECTION('ref_axis',(0.,0.,1.));
#7254=DIRECTION('',(0.,0.,1.));
#7255=DIRECTION('',(2.22044551985472E-16,-1.,0.));
#7256=DIRECTION('',(0.,0.,-1.));
#7257=DIRECTION('',(2.22044551985472E-16,-1.,0.));
#7258=DIRECTION('center_axis',(-1.,-2.22044551985472E-16,0.));
#7259=DIRECTION('ref_axis',(0.,0.,-1.));
#7260=DIRECTION('',(-2.22044551985472E-16,1.,0.));
#7261=DIRECTION('',(0.,0.,1.));
#7262=DIRECTION('',(2.22044551985472E-16,-1.,0.));
#7263=DIRECTION('',(0.,0.,-1.));
#7264=DIRECTION('center_axis',(0.,0.,-1.));
#7265=DIRECTION('ref_axis',(1.,2.22044551985472E-16,0.));
#7266=DIRECTION('',(-0.999999999999953,-3.05370998996115E-7,0.));
#7267=DIRECTION('',(0.999999999999953,3.05370998996115E-7,0.));
#7268=DIRECTION('center_axis',(0.,0.,-1.));
#7269=DIRECTION('ref_axis',(1.,2.22044551985472E-16,0.));
#7270=DIRECTION('',(-0.999999999999953,-3.05370998996115E-7,0.));
#7271=DIRECTION('',(2.22044551985472E-16,-1.,0.));
#7272=DIRECTION('',(0.999999999999953,3.05370998996115E-7,0.));
#7273=DIRECTION('',(2.22044551985472E-16,-1.,0.));
#7274=DIRECTION('center_axis',(-1.,-2.22044551985472E-16,0.));
#7275=DIRECTION('ref_axis',(0.,0.,-1.));
#7276=DIRECTION('',(-2.22044551985472E-16,1.,0.));
#7277=DIRECTION('',(0.,0.,1.));
#7278=DIRECTION('',(0.,0.,-1.));
#7279=DIRECTION('center_axis',(1.,2.22044551985472E-16,0.));
#7280=DIRECTION('ref_axis',(0.,0.,1.));
#7281=DIRECTION('',(0.,0.,1.));
#7282=DIRECTION('',(0.,0.,-1.));
#7283=DIRECTION('',(2.22044551985472E-16,-1.,0.));
#7284=DIRECTION('center_axis',(0.,0.,-1.));
#7285=DIRECTION('ref_axis',(1.,2.22044551985472E-16,0.));
#7286=DIRECTION('',(-0.999999999999953,-3.05370998996115E-7,0.));
#7287=DIRECTION('',(2.22044551985472E-16,-1.,0.));
#7288=DIRECTION('',(0.999999999999953,3.05370998996115E-7,0.));
#7289=DIRECTION('',(2.22044551985472E-16,-1.,0.));
#7290=DIRECTION('center_axis',(-1.,-2.22044551985472E-16,0.));
#7291=DIRECTION('ref_axis',(0.,0.,-1.));
#7292=DIRECTION('',(-2.22044551985472E-16,1.,0.));
#7293=DIRECTION('',(0.,0.,1.));
#7294=DIRECTION('',(0.,0.,-1.));
#7295=DIRECTION('center_axis',(1.,2.22044551985472E-16,0.));
#7296=DIRECTION('ref_axis',(0.,0.,1.));
#7297=DIRECTION('',(0.,0.,1.));
#7298=DIRECTION('',(0.,0.,-1.));
#7299=DIRECTION('',(2.22044551985472E-16,-1.,0.));
#7300=DIRECTION('center_axis',(3.05370998996115E-7,-0.999999999999953,0.));
#7301=DIRECTION('ref_axis',(0.,0.,-1.));
#7302=DIRECTION('',(-0.999999999999953,-3.05370998996115E-7,0.));
#7303=DIRECTION('',(-0.999999999999953,-3.05370998996115E-7,0.));
#7304=DIRECTION('',(0.,0.,1.));
#7305=DIRECTION('',(0.999999999999953,3.05370998996115E-7,0.));
#7306=DIRECTION('',(0.,0.,-1.));
#7307=DIRECTION('',(-0.999999999999953,-3.05370998996115E-7,0.));
#7308=DIRECTION('',(-0.999999999999953,-3.05370998996115E-7,0.));
#7309=DIRECTION('',(0.,0.,-1.));
#7310=DIRECTION('',(-0.999999999999953,-3.05370998996115E-7,0.));
#7311=DIRECTION('',(0.,0.,1.));
#7312=DIRECTION('',(0.999999999999953,3.05370998996115E-7,0.));
#7313=DIRECTION('center_axis',(0.,0.,-1.));
#7314=DIRECTION('ref_axis',(2.22044551985472E-16,-1.,0.));
#7315=DIRECTION('',(0.999999999999953,3.05370998996115E-7,0.));
#7316=DIRECTION('',(-2.22044551985472E-16,1.,0.));
#7317=DIRECTION('',(2.22044551985472E-16,-1.,0.));
#7318=DIRECTION('center_axis',(0.,0.,1.));
#7319=DIRECTION('ref_axis',(-2.22044551985472E-16,1.,0.));
#7320=DIRECTION('',(-0.999999999999953,-3.05370998996115E-7,0.));
#7321=DIRECTION('',(-2.22044551985472E-16,1.,0.));
#7322=DIRECTION('',(2.22044551985472E-16,-1.,0.));
#7323=DIRECTION('center_axis',(-1.,-2.22044551985472E-16,0.));
#7324=DIRECTION('ref_axis',(0.,0.,1.));
#7325=DIRECTION('',(0.,0.,-1.));
#7326=DIRECTION('center_axis',(1.,2.22044551985472E-16,0.));
#7327=DIRECTION('ref_axis',(0.,0.,-1.));
#7328=DIRECTION('',(0.,0.,1.));
#7329=DIRECTION('center_axis',(0.,0.,-1.));
#7330=DIRECTION('ref_axis',(2.22044551985472E-16,-1.,0.));
#7331=DIRECTION('',(3.05370997695128E-7,-0.999999999999953,0.));
#7332=DIRECTION('',(0.999999999999953,3.05370998996115E-7,0.));
#7333=DIRECTION('',(-3.05370997817593E-7,0.999999999999953,0.));
#7334=DIRECTION('center_axis',(-3.05370998996115E-7,0.999999999999953,0.));
#7335=DIRECTION('ref_axis',(0.,0.,1.));
#7336=DIRECTION('',(0.999999999999953,3.05370998996115E-7,0.));
#7337=DIRECTION('',(0.999999999999953,3.05370998996115E-7,0.));
#7338=DIRECTION('',(0.,0.,1.));
#7339=DIRECTION('',(0.,0.,-1.));
#7340=DIRECTION('',(0.999999999999953,3.05370998996115E-7,0.));
#7341=DIRECTION('',(0.999999999999953,3.05370998996115E-7,0.));
#7342=DIRECTION('center_axis',(-0.999999999999953,-3.05370997817593E-7,
0.));
#7343=DIRECTION('ref_axis',(0.,0.,-1.));
#7344=DIRECTION('',(0.,0.,1.));
#7345=DIRECTION('',(3.05370997817593E-7,-0.999999999999953,0.));
#7346=DIRECTION('',(0.,0.,-1.));
#7347=DIRECTION('center_axis',(0.6,0.8,0.));
#7348=DIRECTION('ref_axis',(-0.8,0.6,0.));
#7349=DIRECTION('',(0.8,-0.6,0.));
#7350=DIRECTION('',(0.,0.,1.));
#7351=DIRECTION('',(-0.8,0.6,0.));
#7352=DIRECTION('center_axis',(0.600420225325884,-0.79968465848709,0.));
#7353=DIRECTION('ref_axis',(0.79968465848709,0.600420225325884,0.));
#7354=DIRECTION('',(-0.79968465848709,-0.600420225325884,0.));
#7355=DIRECTION('',(0.79968465848709,0.600420225325884,0.));
#7356=DIRECTION('',(0.,0.,-1.));
#7357=DIRECTION('center_axis',(1.,3.44509231900207E-16,0.));
#7358=DIRECTION('ref_axis',(-3.44509231900207E-16,1.,0.));
#7359=DIRECTION('',(3.44509231900207E-16,-1.,0.));
#7360=DIRECTION('',(-3.44509231900207E-16,1.,0.));
#7361=DIRECTION('center_axis',(0.,0.,-1.));
#7362=DIRECTION('ref_axis',(-3.44509231900207E-16,1.,0.));
#7363=DIRECTION('center_axis',(0.,0.,-1.));
#7364=DIRECTION('ref_axis',(2.22044551985472E-16,-1.,0.));
#7365=DIRECTION('',(0.79968465848709,0.600420225325884,0.));
#7366=DIRECTION('',(-2.22044551985472E-16,1.,0.));
#7367=DIRECTION('',(-0.8,0.6,0.));
#7368=DIRECTION('center_axis',(0.999999999999953,3.05370997695128E-7,0.));
#7369=DIRECTION('ref_axis',(0.,0.,-1.));
#7370=DIRECTION('',(0.,0.,1.));
#7371=DIRECTION('',(-3.05370997695128E-7,0.999999999999953,0.));
#7372=DIRECTION('',(0.,0.,-1.));
#7373=DIRECTION('center_axis',(-0.6,-0.8,0.));
#7374=DIRECTION('ref_axis',(0.8,-0.6,0.));
#7375=DIRECTION('',(0.,0.,1.));
#7376=DIRECTION('',(0.8,-0.6,0.));
#7377=DIRECTION('center_axis',(-0.600420225325884,0.799684658487091,0.));
#7378=DIRECTION('ref_axis',(-0.79968465848709,-0.600420225325884,0.));
#7379=DIRECTION('',(-0.79968465848709,-0.600420225325884,0.));
#7380=DIRECTION('',(0.,0.,-1.));
#7381=DIRECTION('center_axis',(-1.,-2.22044551985472E-16,0.));
#7382=DIRECTION('ref_axis',(2.22044551985472E-16,-1.,0.));
#7383=DIRECTION('',(2.22044551985472E-16,-1.,0.));
#7384=DIRECTION('center_axis',(0.,0.,-1.));
#7385=DIRECTION('ref_axis',(2.22044551985472E-16,-1.,0.));
#7386=DIRECTION('',(0.,0.,1.));
#7387=DIRECTION('',(1.,0.,0.));
#7388=CARTESIAN_POINT('',(0.,0.,0.));
#7389=CARTESIAN_POINT('',(0.,0.,0.));
#7390=CARTESIAN_POINT('Origin',(-4.00999991394579,44.0475008501113,3.51667399645095E-7));
#7391=CARTESIAN_POINT('',(-20.7099991673976,32.0125001974404,3.51667395204203E-7));
#7392=CARTESIAN_POINT('',(12.6900000562519,32.0125001974404,3.51667404085987E-7));
#7393=CARTESIAN_POINT('',(-11.8599995406717,32.0125001974404,3.51667397424649E-7));
#7394=CARTESIAN_POINT('',(-20.7099991673976,55.9374996654689,3.51667395204203E-7));
#7395=CARTESIAN_POINT('',(-20.7099991673976,43.9925007607043,3.51667395204203E-7));
#7396=CARTESIAN_POINT('',(-19.7099991673976,55.9374996654689,3.51667395204203E-7));
#7397=CARTESIAN_POINT('',(-11.8599995406717,55.9374996654689,3.51667397424649E-7));
#7398=CARTESIAN_POINT('',(-19.7099991752575,56.062499665469,3.51667395204203E-7));
#7399=CARTESIAN_POINT('',(-19.7099987935813,49.9924997641892,3.51667395204203E-7));
#7400=CARTESIAN_POINT('',(11.690000048392,56.0625016398728,3.51667408526879E-7));
#7401=CARTESIAN_POINT('',(3.83999968947689,56.0625011462718,3.51667401865541E-7));
#7402=CARTESIAN_POINT('',(11.6900000562519,55.9375016398728,3.51667408526879E-7));
#7403=CARTESIAN_POINT('',(11.6900004300682,49.992501738593,3.51667404085987E-7));
#7404=CARTESIAN_POINT('',(12.6900000562519,55.9375016398728,3.51667404085987E-7));
#7405=CARTESIAN_POINT('',(3.84000007115305,55.9375016398728,3.51667401865541E-7));
#7406=CARTESIAN_POINT('',(12.6900000562519,38.0925005237758,3.51667404085987E-7));
#7407=CARTESIAN_POINT('Origin',(-19.7099991673976,55.9374996654689,-2.9999996483326));
#7408=CARTESIAN_POINT('',(-19.7099991673976,55.9374996654689,5.0000003516674));
#7409=CARTESIAN_POINT('',(-19.7099991673976,55.9374996654689,3.00000056065619));
#7410=CARTESIAN_POINT('',(-19.7099991752575,56.062499665469,5.0000003516674));
#7411=CARTESIAN_POINT('',(-19.7099991673976,55.9374996654689,5.0000003516674));
#7412=CARTESIAN_POINT('',(-19.7099991752575,56.062499665469,3.00000056065619));
#7413=CARTESIAN_POINT('Origin',(-19.7099991673976,55.9374996654689,5.0000003516674));
#7414=CARTESIAN_POINT('',(-20.7099991673976,55.9374996654689,5.0000003516674));
#7415=CARTESIAN_POINT('',(-20.7099991673976,55.9374996654689,3.00000056065619));
#7416=CARTESIAN_POINT('',(-19.7099991673976,55.9374996654689,5.0000003516674));
#7417=CARTESIAN_POINT('Origin',(-20.7099991673976,43.9375006712974,1.00000076964497));
#7418=CARTESIAN_POINT('',(-20.7099991673976,32.0125001974404,5.0000003516674));
#7419=CARTESIAN_POINT('',(-20.7099991673976,32.0125001974404,-0.999999439343813));
#7420=CARTESIAN_POINT('',(-20.7099991673976,38.0375004343689,5.0000003516674));
#7421=CARTESIAN_POINT('Origin',(-19.7099991673976,32.0125001974404,-0.499999648332603));
#7422=CARTESIAN_POINT('',(12.6900000562519,32.0125001974404,5.00000035166741));
#7423=CARTESIAN_POINT('',(12.6900000562519,32.0125001974404,-0.499999648332596));
#7424=CARTESIAN_POINT('',(11.6900000562519,32.0125001974404,5.00000035166741));
#7425=CARTESIAN_POINT('Origin',(11.6900000562519,55.9375016398728,-2.99999964833259));
#7426=CARTESIAN_POINT('',(11.6900000562519,55.9375016398728,5.0000003516674));
#7427=CARTESIAN_POINT('',(11.6900000562519,55.9375016398728,-0.499999648332592));
#7428=CARTESIAN_POINT('',(12.6900000562519,55.9375016398728,5.0000003516674));
#7429=CARTESIAN_POINT('',(11.6900000562519,55.9375016398728,5.0000003516674));
#7430=CARTESIAN_POINT('',(12.6900000562519,55.9375016398728,-0.499999648332596));
#7431=CARTESIAN_POINT('Origin',(12.6900000562519,32.1375001974404,-0.499999648332596));
#7432=CARTESIAN_POINT('',(12.6900000562519,32.1375001974404,5.00000035166741));
#7433=CARTESIAN_POINT('Origin',(11.6900000562519,55.9375016398728,5.0000003516674));
#7434=CARTESIAN_POINT('',(11.690000048392,56.0625016398728,5.0000003516674));
#7435=CARTESIAN_POINT('',(11.690000048392,56.0625016398728,-0.499999648332592));
#7436=CARTESIAN_POINT('',(11.6900000562519,55.9375016398728,5.0000003516674));
#7437=CARTESIAN_POINT('Origin',(11.690000048392,56.0625016398728,-0.499999648332592));
#7438=CARTESIAN_POINT('',(3.83999986834897,56.0625011462718,5.0000003516674));
#7439=CARTESIAN_POINT('Origin',(6.15000008605422,50.3975008501113,3.00000035166741));
#7440=CARTESIAN_POINT('',(8.84000008605421,53.0875008501113,3.0000003516674));
#7441=CARTESIAN_POINT('',(-0.00999991394577626,53.0875008501113,3.00000035166741));
#7442=CARTESIAN_POINT('',(-16.7099999139458,53.0875008501113,3.0000003516674));
#7443=CARTESIAN_POINT('',(-8.00999991394578,53.0875008501113,3.0000003516674));
#7444=CARTESIAN_POINT('Origin',(-4.00999991394578,53.0875008501113,3.0000003516674));
#7445=CARTESIAN_POINT('',(-16.8599999139458,53.0875008501113,3.0000003516674));
#7446=CARTESIAN_POINT('',(-16.7099999139458,53.0875008501113,3.0000003516674));
#7447=CARTESIAN_POINT('',(-16.8600002954155,47.8375008501113,3.0000003516674));
#7448=CARTESIAN_POINT('',(-16.8599999139458,52.9375008501113,3.0000003516674));
#7449=CARTESIAN_POINT('',(-16.8600002954155,39.8375008501113,3.0000003516674));
#7450=CARTESIAN_POINT('Origin',(-16.8600002954155,43.8375008501113,3.0000003516674));
#7451=CARTESIAN_POINT('',(-16.8599999139458,35.0075008501113,3.0000003516674));
#7452=CARTESIAN_POINT('',(-16.8599999139458,52.9375008501113,3.0000003516674));
#7453=CARTESIAN_POINT('',(-8.00999991394578,35.0075008501113,3.00000035166275));
#7454=CARTESIAN_POINT('',(8.69000008605421,35.0075008501113,3.00000035166741));
#7455=CARTESIAN_POINT('',(-0.00999991394578292,35.0075008501113,3.00000035166276));
#7456=CARTESIAN_POINT('Origin',(-4.00999991394579,35.0075008501113,3.00000035166275));
#7457=CARTESIAN_POINT('',(8.84000008605421,35.0075008501113,3.0000003516674));
#7458=CARTESIAN_POINT('',(8.69000008605421,35.0075008501113,3.00000035166741));
#7459=CARTESIAN_POINT('',(8.84000008605421,35.1575008501112,3.0000003516674));
#7460=CARTESIAN_POINT('',(-10.3099994892627,49.1375009350479,3.0000003516674));
#7461=CARTESIAN_POINT('',(-10.3099994892627,51.6375008791685,3.0000003516674));
#7462=CARTESIAN_POINT('',(-10.3099994892627,46.5925008925796,3.0000003516674));
#7463=CARTESIAN_POINT('',(2.29000022910537,51.6375008791685,3.0000003516674));
#7464=CARTESIAN_POINT('',(-7.15999970160423,51.6375008791685,3.0000003516674));
#7465=CARTESIAN_POINT('',(2.29000022910537,49.1375009350479,3.0000003516674));
#7466=CARTESIAN_POINT('',(2.29000022910537,47.8425008646399,3.00000035166741));
#7467=CARTESIAN_POINT('',(-0.85999984242021,49.1375009350479,3.0000003516674));
#7468=CARTESIAN_POINT('',(2.994058656469,41.3587155945599,3.00000035166741));
#7469=CARTESIAN_POINT('',(3.49781029202044,40.9421056516469,3.00000035166741));
#7470=CARTESIAN_POINT('Ctrl Pts',(2.994058656469,41.3587155945599,3.00000035166741));
#7471=CARTESIAN_POINT('Ctrl Pts',(3.31517048455776,41.2202435739338,3.00000035166741));
#7472=CARTESIAN_POINT('Ctrl Pts',(3.49781029202044,40.9421056516469,3.00000035166741));
#7473=CARTESIAN_POINT('',(3.6899999370426,40.3130128987134,3.00000035166741));
#7474=CARTESIAN_POINT('Ctrl Pts',(3.49781029202044,40.9421056516469,3.00000035166741));
#7475=CARTESIAN_POINT('Ctrl Pts',(3.68045013673604,40.6639680273831,3.00000035166741));
#7476=CARTESIAN_POINT('Ctrl Pts',(3.6899999370426,40.3130128987134,3.00000035166741));
#7477=CARTESIAN_POINT('',(3.25309679187835,40.2748137719929,3.00000035166741));
#7478=CARTESIAN_POINT('',(5.34817574638751,40.457989808509,3.00000035166741));
#7479=CARTESIAN_POINT('',(3.10865618564189,40.7057482011616,3.00000035166741));
#7480=CARTESIAN_POINT('Ctrl Pts',(3.25309679187835,40.2748137719929,3.00000035166741));
#7481=CARTESIAN_POINT('Ctrl Pts',(3.22205998279155,40.5374330289662,3.00000035166741));
#7482=CARTESIAN_POINT('Ctrl Pts',(3.10865618564189,40.7057482011616,3.00000035166741));
#7483=CARTESIAN_POINT('',(2.75650747396052,40.9779173143208,3.00000035166741));
#7484=CARTESIAN_POINT('Ctrl Pts',(3.10865618564189,40.7057482011616,3.00000035166741));
#7485=CARTESIAN_POINT('Ctrl Pts',(2.99525238849223,40.8740633733571,3.00000035166741));
#7486=CARTESIAN_POINT('Ctrl Pts',(2.75650747396052,40.9779173143208,3.00000035166741));
#7487=CARTESIAN_POINT('',(2.21933141626418,41.0817715533078,3.00000035166741));
#7488=CARTESIAN_POINT('Ctrl Pts',(2.75650747396052,40.9779173143208,3.00000035166741));
#7489=CARTESIAN_POINT('Ctrl Pts',(2.51776263393463,41.0817715533078,3.00000035166741));
#7490=CARTESIAN_POINT('Ctrl Pts',(2.21933141626418,41.0817715533078,3.00000035166741));
#7491=CARTESIAN_POINT('',(1.75139144338668,41.0029855377972,3.00000035166741));
#7492=CARTESIAN_POINT('Ctrl Pts',(2.21933141626418,41.0817715533078,3.00000035166741));
#7493=CARTESIAN_POINT('Ctrl Pts',(1.95432469524444,41.0817715533078,3.00000035166741));
#7494=CARTESIAN_POINT('Ctrl Pts',(1.75139144338668,41.0029855377972,3.00000035166741));
#7495=CARTESIAN_POINT('',(1.44937917865813,40.7869216807187,3.00000035166741));
#7496=CARTESIAN_POINT('Ctrl Pts',(1.75139144338668,41.0029855377972,3.00000035166741));
#7497=CARTESIAN_POINT('Ctrl Pts',(1.54845834054053,40.9241998203099,3.00000035166741));
#7498=CARTESIAN_POINT('Ctrl Pts',(1.44937917865813,40.7869216807187,3.00000035166741));
#7499=CARTESIAN_POINT('',(1.35030016578734,40.4872968800366,3.00000035166741));
#7500=CARTESIAN_POINT('Ctrl Pts',(1.44937917865813,40.7869216807187,3.00000035166741));
#7501=CARTESIAN_POINT('Ctrl Pts',(1.35030016578734,40.6496432431042,3.00000035166741));
#7502=CARTESIAN_POINT('Ctrl Pts',(1.35030016578734,40.4872968800366,3.00000035166741));
#7503=CARTESIAN_POINT('',(1.44579798258841,40.1996091015637,3.00000035166741));
#7504=CARTESIAN_POINT('Ctrl Pts',(1.35030016578734,40.4872968800366,3.00000035166741));
#7505=CARTESIAN_POINT('Ctrl Pts',(1.35030016578734,40.3225627548993,3.00000035166741));
#7506=CARTESIAN_POINT('Ctrl Pts',(1.44579798258841,40.1996091015637,3.00000035166741));
#7507=CARTESIAN_POINT('',(1.76094129957259,39.9930948026478,3.00000035166741));
#7508=CARTESIAN_POINT('Ctrl Pts',(1.44579798258841,40.1996091015637,3.00000035166741));
#7509=CARTESIAN_POINT('Ctrl Pts',(1.5412959484011,40.0766554482281,3.00000035166741));
#7510=CARTESIAN_POINT('Ctrl Pts',(1.76094129957259,39.9930948026478,3.00000035166741));
#7511=CARTESIAN_POINT('',(2.3840653923899,39.8223921664059,3.00000035166741));
#7512=CARTESIAN_POINT('Ctrl Pts',(1.76094129957259,39.9930948026478,3.00000035166741));
#7513=CARTESIAN_POINT('Ctrl Pts',(1.90180078424514,39.9381834276021,3.00000035166741));
#7514=CARTESIAN_POINT('Ctrl Pts',(2.3840653923899,39.8223921664059,3.00000035166741));
#7515=CARTESIAN_POINT('',(3.05971347071231,39.6039405472577,3.00000035166741));
#7516=CARTESIAN_POINT('Ctrl Pts',(2.3840653923899,39.8223921664059,3.00000035166741));
#7517=CARTESIAN_POINT('Ctrl Pts',(2.86633014954627,39.7066009052098,3.00000035166741));
#7518=CARTESIAN_POINT('Ctrl Pts',(3.05971347071231,39.6039405472577,3.00000035166741));
#7519=CARTESIAN_POINT('',(3.43334920980037,39.278053791076,3.00000035166741));
#7520=CARTESIAN_POINT('Ctrl Pts',(3.05971347071231,39.6039405472577,3.00000035166741));
#7521=CARTESIAN_POINT('Ctrl Pts',(3.31039555646479,39.472630918771,3.00000035166741));
#7522=CARTESIAN_POINT('Ctrl Pts',(3.43334920980037,39.278053791076,3.00000035166741));
#7523=CARTESIAN_POINT('',(3.55630278863013,38.8423445828259,3.00000035166741));
#7524=CARTESIAN_POINT('Ctrl Pts',(3.43334920980037,39.278053791076,3.00000035166741));
#7525=CARTESIAN_POINT('Ctrl Pts',(3.55630278863013,39.0834768123925,3.00000035166741));
#7526=CARTESIAN_POINT('Ctrl Pts',(3.55630278863013,38.8423445828259,3.00000035166741));
#7527=CARTESIAN_POINT('',(3.40589352227748,38.3469489224255,3.00000035166741));
#7528=CARTESIAN_POINT('Ctrl Pts',(3.55630278863013,38.8423445828259,3.00000035166741));
#7529=CARTESIAN_POINT('Ctrl Pts',(3.55630278863013,38.5773378618062,3.00000035166741));
#7530=CARTESIAN_POINT('Ctrl Pts',(3.40589352227748,38.3469489224255,3.00000035166741));
#7531=CARTESIAN_POINT('',(2.96660296894611,37.9971876747906,3.00000035166741));
#7532=CARTESIAN_POINT('Ctrl Pts',(3.40589352227748,38.3469489224255,3.00000035166741));
#7533=CARTESIAN_POINT('Ctrl Pts',(3.25548425592483,38.1165602810681,3.00000035166741));
#7534=CARTESIAN_POINT('Ctrl Pts',(2.96660296894611,37.9971876747906,3.00000035166741));
#7535=CARTESIAN_POINT('',(2.32437923826278,37.8778153665364,3.00000035166741));
#7536=CARTESIAN_POINT('Ctrl Pts',(2.96660296894611,37.9971876747906,3.00000035166741));
#7537=CARTESIAN_POINT('Ctrl Pts',(2.67772168196739,37.8778153665364,3.00000035166741));
#7538=CARTESIAN_POINT('Ctrl Pts',(2.32437923826278,37.8778153665364,3.00000035166741));
#7539=CARTESIAN_POINT('',(1.63798764623702,38.0031564839184,3.0000003516674));
#7540=CARTESIAN_POINT('Ctrl Pts',(2.32437923826278,37.8778153665364,3.00000035166741));
#7541=CARTESIAN_POINT('Ctrl Pts',(1.93522498287261,37.8778153665364,3.0000003516674));
#7542=CARTESIAN_POINT('Ctrl Pts',(1.63798764623702,38.0031564839184,3.0000003516674));
#7543=CARTESIAN_POINT('',(1.18079141058028,38.3720171459019,3.0000003516674));
#7544=CARTESIAN_POINT('Ctrl Pts',(1.63798764623702,38.0031564839184,3.0000003516674));
#7545=CARTESIAN_POINT('Ctrl Pts',(1.34075030960143,38.1284973032773,3.0000003516674));
#7546=CARTESIAN_POINT('Ctrl Pts',(1.18079141058028,38.3720171459019,3.0000003516674));
#7547=CARTESIAN_POINT('',(1.00889519132674,38.9235177643597,3.0000003516674));
#7548=CARTESIAN_POINT('Ctrl Pts',(1.18079141058028,38.3720171459019,3.0000003516674));
#7549=CARTESIAN_POINT('Ctrl Pts',(1.02083221353591,38.6155369885266,3.0000003516674));
#7550=CARTESIAN_POINT('Ctrl Pts',(1.00889519132674,38.9235177643597,3.0000003516674));
#7551=CARTESIAN_POINT('',(1.45296037472785,38.9569421119988,3.00000035166741));
#7552=CARTESIAN_POINT('',(3.99435144819521,39.1482301073238,3.00000035166741));
#7553=CARTESIAN_POINT('',(1.69528648532927,38.4555777914822,3.0000003516674));
#7554=CARTESIAN_POINT('Ctrl Pts',(1.45296037472785,38.9569421119988,3.00000035166741));
#7555=CARTESIAN_POINT('Ctrl Pts',(1.48877218641341,38.6250868447125,3.0000003516674));
#7556=CARTESIAN_POINT('Ctrl Pts',(1.69528648532927,38.4555777914822,3.0000003516674));
#7557=CARTESIAN_POINT('',(2.30527952589095,38.2860690362752,3.00000035166741));
#7558=CARTESIAN_POINT('Ctrl Pts',(1.69528648532927,38.4555777914822,3.0000003516674));
#7559=CARTESIAN_POINT('Ctrl Pts',(1.90180078424514,38.2860690362752,3.0000003516674));
#7560=CARTESIAN_POINT('Ctrl Pts',(2.30527952589095,38.2860690362752,3.00000035166741));
#7561=CARTESIAN_POINT('',(2.91766025401652,38.4400594241917,3.00000035166741));
#7562=CARTESIAN_POINT('Ctrl Pts',(2.30527952589095,38.2860690362752,3.00000035166741));
#7563=CARTESIAN_POINT('Ctrl Pts',(2.72547066487372,38.2860690362752,3.00000035166741));
#7564=CARTESIAN_POINT('Ctrl Pts',(2.91766025401652,38.4400594241917,3.00000035166741));
#7565=CARTESIAN_POINT('',(3.10984991766513,38.8113078482449,3.00000035166741));
#7566=CARTESIAN_POINT('Ctrl Pts',(2.91766025401652,38.4400594241917,3.00000035166741));
#7567=CARTESIAN_POINT('Ctrl Pts',(3.10984991766513,38.5940498121083,3.00000035166741));
#7568=CARTESIAN_POINT('Ctrl Pts',(3.10984991766513,38.8113078482449,3.00000035166741));
#7569=CARTESIAN_POINT('',(2.97376536108554,39.1216759391129,3.00000035166741));
#7570=CARTESIAN_POINT('Ctrl Pts',(3.10984991766513,38.8113078482449,3.00000035166741));
#7571=CARTESIAN_POINT('Ctrl Pts',(3.10984991766513,38.9999160178006,3.00000035166741));
#7572=CARTESIAN_POINT('Ctrl Pts',(2.97376536108554,39.1216759391129,3.00000035166741));
#7573=CARTESIAN_POINT('',(2.2754365233332,39.3711642928422,3.00000035166741));
#7574=CARTESIAN_POINT('Ctrl Pts',(2.97376536108554,39.1216759391129,3.00000035166741));
#7575=CARTESIAN_POINT('Ctrl Pts',(2.84006819404662,39.2434358604253,3.00000035166741));
#7576=CARTESIAN_POINT('Ctrl Pts',(2.2754365233332,39.3711642928422,3.00000035166741));
#7577=CARTESIAN_POINT('',(1.50070935763419,39.5943906910718,3.00000035166741));
#7578=CARTESIAN_POINT('Ctrl Pts',(2.2754365233332,39.3711642928422,3.00000035166741));
#7579=CARTESIAN_POINT('Ctrl Pts',(1.71080485261977,39.4988928742707,3.00000035166741));
#7580=CARTESIAN_POINT('Ctrl Pts',(1.50070935763419,39.5943906910718,3.00000035166741));
#7581=CARTESIAN_POINT('',(1.04948178209365,39.9513143308461,3.0000003516674));
#7582=CARTESIAN_POINT('Ctrl Pts',(1.50070935763419,39.5943906910718,3.00000035166741));
#7583=CARTESIAN_POINT('Ctrl Pts',(1.19511589683593,39.7352501757443,3.00000035166741));
#7584=CARTESIAN_POINT('Ctrl Pts',(1.04948178209365,39.9513143308461,3.0000003516674));
#7585=CARTESIAN_POINT('',(0.903847369328145,40.449097455293,3.0000003516674));
#7586=CARTESIAN_POINT('Ctrl Pts',(1.04948178209365,39.9513143308461,3.0000003516674));
#7587=CARTESIAN_POINT('Ctrl Pts',(0.903847369328145,40.1673784859479,3.0000003516674));
#7588=CARTESIAN_POINT('Ctrl Pts',(0.903847369328145,40.449097455293,3.0000003516674));
#7589=CARTESIAN_POINT('',(1.06380626834929,40.9755298502743,3.0000003516674));
#7590=CARTESIAN_POINT('Ctrl Pts',(0.903847369328145,40.449097455293,3.0000003516674));
#7591=CARTESIAN_POINT('Ctrl Pts',(0.903847369328145,40.7284289605916,3.0000003516674));
#7592=CARTESIAN_POINT('Ctrl Pts',(1.06380626834929,40.9755298502743,3.0000003516674));
#7593=CARTESIAN_POINT('',(1.52339011706413,41.3599091775716,3.00000035166741));
#7594=CARTESIAN_POINT('Ctrl Pts',(1.06380626834929,40.9755298502743,3.0000003516674));
#7595=CARTESIAN_POINT('Ctrl Pts',(1.22376546539367,41.2226310379803,3.00000035166741));
#7596=CARTESIAN_POINT('Ctrl Pts',(1.52339011706413,41.3599091775716,3.00000035166741));
#7597=CARTESIAN_POINT('',(2.19784438885749,41.497187615186,3.00000035166741));
#7598=CARTESIAN_POINT('Ctrl Pts',(1.52339011706413,41.3599091775716,3.00000035166741));
#7599=CARTESIAN_POINT('Ctrl Pts',(1.82301491774619,41.497187615186,3.00000035166741));
#7600=CARTESIAN_POINT('Ctrl Pts',(2.19784438885749,41.497187615186,3.00000035166741));
#7601=CARTESIAN_POINT('Ctrl Pts',(2.19784438885749,41.497187615186,3.00000035166741));
#7602=CARTESIAN_POINT('Ctrl Pts',(2.67294675387443,41.497187615186,3.00000035166741));
#7603=CARTESIAN_POINT('Ctrl Pts',(2.994058656469,41.3587155945599,3.00000035166741));
#7604=CARTESIAN_POINT('',(-10.6800542744249,37.923176587373,3.0000003516674));
#7605=CARTESIAN_POINT('',(-10.9569977196306,37.923176587373,3.0000003516674));
#7606=CARTESIAN_POINT('',(-2.26502709418535,37.923176587373,3.0000003516674));
#7607=CARTESIAN_POINT('',(-10.9569977196306,41.4375013120473,3.0000003516674));
#7608=CARTESIAN_POINT('',(-10.9569977196306,44.1603387187422,3.0000003516674));
#7609=CARTESIAN_POINT('',(-10.5272565754503,41.4375013120473,3.0000003516674));
#7610=CARTESIAN_POINT('',(-2.40349881678819,41.4375013120473,3.0000003516674));
#7611=CARTESIAN_POINT('',(-10.5272565754503,38.6990973360837,3.0000003516674));
#7612=CARTESIAN_POINT('',(-10.5272565754503,45.9175010810793,3.0000003516674));
#7613=CARTESIAN_POINT('',(-10.1201973827928,38.9951410897076,3.0000003516674));
#7614=CARTESIAN_POINT('Ctrl Pts',(-10.5272565754503,38.6990973360837,3.0000003516674));
#7615=CARTESIAN_POINT('Ctrl Pts',(-10.3720734985918,38.8471192128956,3.0000003516674));
#7616=CARTESIAN_POINT('Ctrl Pts',(-10.1201973827928,38.9951410897076,3.0000003516674));
#7617=CARTESIAN_POINT('',(-9.66777547918259,39.217173755914,3.0000003516674));
#7618=CARTESIAN_POINT('Ctrl Pts',(-10.1201973827928,38.9951410897076,3.0000003516674));
#7619=CARTESIAN_POINT('Ctrl Pts',(-9.86832126699387,39.1431629665196,3.0000003516674));
#7620=CARTESIAN_POINT('Ctrl Pts',(-9.66777547918259,39.217173755914,3.0000003516674));
#7621=CARTESIAN_POINT('',(-9.66777547918259,38.8017576940358,3.0000003516674));
#7622=CARTESIAN_POINT('',(-9.66777547918259,44.8073373030126,3.0000003516674));
#7623=CARTESIAN_POINT('',(-10.2980624111742,38.3911165602505,3.0000003516674));
#7624=CARTESIAN_POINT('Ctrl Pts',(-9.66777547918259,38.8017576940358,3.0000003516674));
#7625=CARTESIAN_POINT('Ctrl Pts',(-10.0282798679918,38.6322489388287,3.0000003516674));
#7626=CARTESIAN_POINT('Ctrl Pts',(-10.2980624111742,38.3911165602505,3.0000003516674));
#7627=CARTESIAN_POINT('Ctrl Pts',(-10.2980624111742,38.3911165602505,3.0000003516674));
#7628=CARTESIAN_POINT('Ctrl Pts',(-10.5678437622636,38.1499841816724,3.0000003516674));
#7629=CARTESIAN_POINT('Ctrl Pts',(-10.6800542744249,37.923176587373,3.0000003516674));
#7630=CARTESIAN_POINT('',(-8.42630132757126,40.5995067961514,3.0000003516674));
#7631=CARTESIAN_POINT('',(-8.42630132757126,41.4375013120473,3.0000003516674));
#7632=CARTESIAN_POINT('',(-8.42630132757126,45.4985038231314,3.0000003516674));
#7633=CARTESIAN_POINT('',(-7.99656137548386,41.4375013120473,3.0000003516674));
#7634=CARTESIAN_POINT('',(-1.13815062075853,41.4375013120473,3.0000003516674));
#7635=CARTESIAN_POINT('',(-7.99656137548386,40.5995067961514,3.0000003516674));
#7636=CARTESIAN_POINT('',(-7.99656137548386,45.9175010810793,3.0000003516674));
#7637=CARTESIAN_POINT('',(-6.47814377866684,40.5995067961514,3.0000003516674));
#7638=CARTESIAN_POINT('',(-0.923280644714831,40.5995067961514,3.0000003516674));
#7639=CARTESIAN_POINT('',(-6.47814377866684,40.2055779106915,3.0000003516674));
#7640=CARTESIAN_POINT('',(-6.47814377866684,45.4985038231313,3.0000003516674));
#7641=CARTESIAN_POINT('',(-8.07534679494797,37.9375013716519,3.0000003516674));
#7642=CARTESIAN_POINT('',(-1.9859989261281,46.5845593214162,3.0000003516674));
#7643=CARTESIAN_POINT('',(-8.42630132757126,37.9375013716519,3.0000003516674));
#7644=CARTESIAN_POINT('',(-0.962673354446882,37.9375013716519,3.0000003516674));
#7645=CARTESIAN_POINT('',(-8.42630132757126,40.2055779106915,3.0000003516674));
#7646=CARTESIAN_POINT('',(-8.42630132757126,44.1675011108816,3.0000003516674));
#7647=CARTESIAN_POINT('',(-8.89901622854172,40.2055779106915,3.0000003516674));
#7648=CARTESIAN_POINT('',(-1.13815062075853,40.2055779106915,3.0000003516674));
#7649=CARTESIAN_POINT('',(-8.89901622854172,40.5995067961514,3.0000003516674));
#7650=CARTESIAN_POINT('',(-8.89901622854172,45.3015393804014,3.0000003516674));
#7651=CARTESIAN_POINT('',(-1.37450807124376,40.5995067961514,3.0000003516674));
#7652=CARTESIAN_POINT('',(-3.99519785962998,40.0145819790662,3.0000003516674));
#7653=CARTESIAN_POINT('',(-3.99519785962998,41.4375013120473,3.0000003516674));
#7654=CARTESIAN_POINT('',(-3.99519785962997,45.2060414145887,3.0000003516674));
#7655=CARTESIAN_POINT('',(-3.53203281484543,41.4375013120473,3.0000003516674));
#7656=CARTESIAN_POINT('',(1.07740111321211,41.4375013120473,3.0000003516674));
#7657=CARTESIAN_POINT('',(-3.53203281484543,37.9375013716519,3.0000003516674));
#7658=CARTESIAN_POINT('',(-3.53203281484543,45.9175010810793,3.0000003516674));
#7659=CARTESIAN_POINT('',(-4.85229238592087,37.9375013716519,3.0000003516674));
#7660=CARTESIAN_POINT('',(1.30898363560438,37.9375013716519,3.0000003516674));
#7661=CARTESIAN_POINT('',(-5.38469299398361,37.9709255702794,3.0000003516674));
#7662=CARTESIAN_POINT('Ctrl Pts',(-4.85229238592087,37.9375013716519,3.0000003516674));
#7663=CARTESIAN_POINT('Ctrl Pts',(-5.20085975252091,37.9375013716519,3.0000003516674));
#7664=CARTESIAN_POINT('Ctrl Pts',(-5.38469299398361,37.9709255702794,3.0000003516674));
#7665=CARTESIAN_POINT('',(-5.81682130418717,38.1344658143819,3.0000003516674));
#7666=CARTESIAN_POINT('Ctrl Pts',(-5.38469299398361,37.9709255702794,3.0000003516674));
#7667=CARTESIAN_POINT('Ctrl Pts',(-5.64253791891037,38.013899923116,3.0000003516674));
#7668=CARTESIAN_POINT('Ctrl Pts',(-5.81682130418717,38.1344658143819,3.0000003516674));
#7669=CARTESIAN_POINT('',(-6.09734639249741,38.4722900398076,3.0000003516674));
#7670=CARTESIAN_POINT('Ctrl Pts',(-5.81682130418717,38.1344658143819,3.0000003516674));
#7671=CARTESIAN_POINT('Ctrl Pts',(-5.99110528551041,38.2550320036709,3.0000003516674));
#7672=CARTESIAN_POINT('Ctrl Pts',(-6.09734639249741,38.4722900398076,3.0000003516674));
#7673=CARTESIAN_POINT('',(-6.20358809553086,38.9497797198594,3.0000003516674));
#7674=CARTESIAN_POINT('Ctrl Pts',(-6.09734639249741,38.4722900398076,3.0000003516674));
#7675=CARTESIAN_POINT('Ctrl Pts',(-6.20358809553086,38.689547777921,3.0000003516674));
#7676=CARTESIAN_POINT('Ctrl Pts',(-6.20358809553086,38.9497797198594,3.0000003516674));
#7677=CARTESIAN_POINT('',(-5.91948136411606,39.7054073221982,3.0000003516674));
#7678=CARTESIAN_POINT('Ctrl Pts',(-6.20358809553086,38.9497797198594,3.0000003516674));
#7679=CARTESIAN_POINT('Ctrl Pts',(-6.20358809553086,39.3962326653302,3.0000003516674));
#7680=CARTESIAN_POINT('Ctrl Pts',(-5.91948136411606,39.7054073221982,3.0000003516674));
#7681=CARTESIAN_POINT('',(-4.89287838064133,40.0145819790662,3.0000003516674));
#7682=CARTESIAN_POINT('Ctrl Pts',(-5.91948136411606,39.7054073221982,3.0000003516674));
#7683=CARTESIAN_POINT('Ctrl Pts',(-5.63537522874772,40.0145819790662,3.0000003516674));
#7684=CARTESIAN_POINT('Ctrl Pts',(-4.89287838064133,40.0145819790662,3.0000003516674));
#7685=CARTESIAN_POINT('',(0.628560852706429,40.0145819790662,3.0000003516674));
#7686=CARTESIAN_POINT('',(-2.39560708127915,40.7164916403592,3.0000003516674));
#7687=CARTESIAN_POINT('',(-2.39560708127915,40.064718426019,3.0000003516674));
#7688=CARTESIAN_POINT('',(-2.39560708127914,45.5569962452352,3.0000003516674));
#7689=CARTESIAN_POINT('',(-1.36661633573472,40.064718426019,3.0000003516674));
#7690=CARTESIAN_POINT('',(1.87719650238752,40.064718426019,3.00000035166741));
#7691=CARTESIAN_POINT('',(-1.36661633573472,39.6540769942105,3.0000003516674));
#7692=CARTESIAN_POINT('',(-1.36661633573471,45.2311096380651,3.0000003516674));
#7693=CARTESIAN_POINT('',(-2.84922226987778,39.651689530164,3.0000003516674));
#7694=CARTESIAN_POINT('',(2.40033226064429,39.6601429717786,3.00000035166741));
#7695=CARTESIAN_POINT('',(-2.84922226987778,40.9504619248212,3.0000003516674));
#7696=CARTESIAN_POINT('',(-2.84922226987778,45.0245951901376,3.0000003516674));
#7697=CARTESIAN_POINT('',(-2.1449242504686,41.3599091775716,3.0000003516674));
#7698=CARTESIAN_POINT('Ctrl Pts',(-2.84922226987778,40.9504619248212,3.0000003516674));
#7699=CARTESIAN_POINT('Ctrl Pts',(-2.50781640134751,41.2226310379803,3.0000003516674));
#7700=CARTESIAN_POINT('Ctrl Pts',(-2.1449242504686,41.3599091775716,3.0000003516674));
#7701=CARTESIAN_POINT('',(-1.40004023633896,41.497187615186,3.0000003516674));
#7702=CARTESIAN_POINT('Ctrl Pts',(-2.1449242504686,41.3599091775716,3.0000003516674));
#7703=CARTESIAN_POINT('Ctrl Pts',(-1.7820320995897,41.497187615186,3.0000003516674));
#7704=CARTESIAN_POINT('Ctrl Pts',(-1.40004023633896,41.497187615186,3.0000003516674));
#7705=CARTESIAN_POINT('',(-0.462967005595555,41.2763485319913,3.0000003516674));
#7706=CARTESIAN_POINT('Ctrl Pts',(-1.40004023633896,41.497187615186,3.0000003516674));
#7707=CARTESIAN_POINT('Ctrl Pts',(-0.884351578578343,41.497187615186,3.0000003516674));
#7708=CARTESIAN_POINT('Ctrl Pts',(-0.462967005595555,41.2763485319913,3.0000003516674));
#7709=CARTESIAN_POINT('',(0.17328813947738,40.6377059228718,3.0000003516674));
#7710=CARTESIAN_POINT('Ctrl Pts',(-0.462967005595555,41.2763485319913,3.0000003516674));
#7711=CARTESIAN_POINT('Ctrl Pts',(-0.0415824326127667,41.0555094487965,
3.0000003516674));
#7712=CARTESIAN_POINT('Ctrl Pts',(0.17328813947738,40.6377059228718,3.0000003516674));
#7713=CARTESIAN_POINT('',(0.388158413544301,39.7042134411633,3.0000003516674));
#7714=CARTESIAN_POINT('Ctrl Pts',(0.17328813947738,40.6377059228718,3.0000003516674));
#7715=CARTESIAN_POINT('Ctrl Pts',(0.388158413544301,40.2199023969472,3.0000003516674));
#7716=CARTESIAN_POINT('Ctrl Pts',(0.388158413544301,39.7042134411633,3.0000003516674));
#7717=CARTESIAN_POINT('',(0.174481722489007,38.7504276640713,3.0000003516674));
#7718=CARTESIAN_POINT('Ctrl Pts',(0.388158413544301,39.7042134411633,3.0000003516674));
#7719=CARTESIAN_POINT('Ctrl Pts',(0.388158413544301,39.1932994134724,3.0000003516674));
#7720=CARTESIAN_POINT('Ctrl Pts',(0.174481722489007,38.7504276640713,3.0000003516674));
#7721=CARTESIAN_POINT('',(-0.440286246165621,38.0926856406033,3.0000003516674));
#7722=CARTESIAN_POINT('Ctrl Pts',(0.174481722489007,38.7504276640713,3.0000003516674));
#7723=CARTESIAN_POINT('Ctrl Pts',(-0.0391949685662907,38.3075559146702,
3.0000003516674));
#7724=CARTESIAN_POINT('Ctrl Pts',(-0.440286246165621,38.0926856406033,3.0000003516674));
#7725=CARTESIAN_POINT('',(-1.36422857366501,37.8778153665364,3.0000003516674));
#7726=CARTESIAN_POINT('Ctrl Pts',(-0.440286246165621,38.0926856406033,3.0000003516674));
#7727=CARTESIAN_POINT('Ctrl Pts',(-0.841377523764956,37.8778153665364,3.0000003516674));
#7728=CARTESIAN_POINT('Ctrl Pts',(-1.36422857366501,37.8778153665364,3.0000003516674));
#7729=CARTESIAN_POINT('',(-2.05062016569077,38.000769019872,3.0000003516674));
#7730=CARTESIAN_POINT('Ctrl Pts',(-1.36422857366501,37.8778153665364,3.0000003516674));
#7731=CARTESIAN_POINT('Ctrl Pts',(-1.74383327089249,37.8778153665364,3.0000003516674));
#7732=CARTESIAN_POINT('Ctrl Pts',(-2.05062016569077,38.000769019872,3.0000003516674));
#7733=CARTESIAN_POINT('',(-2.53169163785874,38.3433678753674,3.0000003516674));
#7734=CARTESIAN_POINT('Ctrl Pts',(-2.05062016569077,38.000769019872,3.0000003516674));
#7735=CARTESIAN_POINT('Ctrl Pts',(-2.35740765653549,38.1237223751843,3.0000003516674));
#7736=CARTESIAN_POINT('Ctrl Pts',(-2.53169163785874,38.3433678753674,3.0000003516674));
#7737=CARTESIAN_POINT('',(-2.79669806085526,38.9163553722203,3.0000003516674));
#7738=CARTESIAN_POINT('Ctrl Pts',(-2.53169163785874,38.3433678753674,3.0000003516674));
#7739=CARTESIAN_POINT('Ctrl Pts',(-2.70597502313553,38.5630130775273,3.0000003516674));
#7740=CARTESIAN_POINT('Ctrl Pts',(-2.79669806085526,38.9163553722203,3.0000003516674));
#7741=CARTESIAN_POINT('',(-2.37889453493058,39.0309529013932,3.0000003516674));
#7742=CARTESIAN_POINT('',(2.82804379461789,40.4591415836244,3.00000035166741));
#7743=CARTESIAN_POINT('',(-2.18312367521225,38.6107620604336,3.0000003516674));
#7744=CARTESIAN_POINT('Ctrl Pts',(-2.37889453493058,39.0309529013932,3.0000003516674));
#7745=CARTESIAN_POINT('Ctrl Pts',(-2.30010851942002,38.7635588653386,3.0000003516674));
#7746=CARTESIAN_POINT('Ctrl Pts',(-2.18312367521225,38.6107620604336,3.0000003516674));
#7747=CARTESIAN_POINT('',(-1.84888109289109,38.3660486347974,3.0000003516674));
#7748=CARTESIAN_POINT('Ctrl Pts',(-2.18312367521225,38.6107620604336,3.0000003516674));
#7749=CARTESIAN_POINT('Ctrl Pts',(-2.06613883100449,38.4579652555287,3.0000003516674));
#7750=CARTESIAN_POINT('Ctrl Pts',(-1.84888109289109,38.3660486347974,3.0000003516674));
#7751=CARTESIAN_POINT('',(-1.36661633573472,38.2741317160428,3.0000003516674));
#7752=CARTESIAN_POINT('Ctrl Pts',(-1.84888109289109,38.3660486347974,3.0000003516674));
#7753=CARTESIAN_POINT('Ctrl Pts',(-1.63162335477769,38.2741317160428,3.0000003516674));
#7754=CARTESIAN_POINT('Ctrl Pts',(-1.36661633573472,38.2741317160428,3.0000003516674));
#7755=CARTESIAN_POINT('',(-0.817503181323401,38.3708235628903,3.0000003516674));
#7756=CARTESIAN_POINT('Ctrl Pts',(-1.36661633573472,38.2741317160428,3.0000003516674));
#7757=CARTESIAN_POINT('Ctrl Pts',(-1.04908570371567,38.2741317160428,3.0000003516674));
#7758=CARTESIAN_POINT('Ctrl Pts',(-0.817503181323401,38.3708235628903,3.0000003516674));
#7759=CARTESIAN_POINT('',(-0.443867293223731,38.6250868447125,3.0000003516674));
#7760=CARTESIAN_POINT('Ctrl Pts',(-0.817503181323401,38.3708235628903,3.0000003516674));
#7761=CARTESIAN_POINT('Ctrl Pts',(-0.585920658931128,38.4675151117146,3.0000003516674));
#7762=CARTESIAN_POINT('Ctrl Pts',(-0.443867293223731,38.6250868447125,3.0000003516674));
#7763=CARTESIAN_POINT('',(-0.223028508052222,38.9712665982545,3.0000003516674));
#7764=CARTESIAN_POINT('Ctrl Pts',(-0.443867293223731,38.6250868447125,3.0000003516674));
#7765=CARTESIAN_POINT('Ctrl Pts',(-0.301814225539557,38.7826582796872,3.0000003516674));
#7766=CARTESIAN_POINT('Ctrl Pts',(-0.223028508052222,38.9712665982545,3.0000003516674));
#7767=CARTESIAN_POINT('',(-0.0893314155191105,39.6755638726056,3.0000003516674));
#7768=CARTESIAN_POINT('Ctrl Pts',(-0.223028508052222,38.9712665982545,3.0000003516674));
#7769=CARTESIAN_POINT('Ctrl Pts',(-0.0893314155191105,39.2959597714245,
3.0000003516674));
#7770=CARTESIAN_POINT('Ctrl Pts',(-0.0893314155191105,39.6755638726056,
3.0000003516674));
#7771=CARTESIAN_POINT('',(-0.25048419557511,40.4586473114789,3.0000003516674));
#7772=CARTESIAN_POINT('Ctrl Pts',(-0.0893314155191105,39.6755638726056,
3.0000003516674));
#7773=CARTESIAN_POINT('Ctrl Pts',(-0.0893314155191105,40.1435038454831,
3.0000003516674));
#7774=CARTESIAN_POINT('Ctrl Pts',(-0.25048419557511,40.4586473114789,3.0000003516674));
#7775=CARTESIAN_POINT('',(-0.71961775146424,40.9265872843564,3.0000003516674));
#7776=CARTESIAN_POINT('Ctrl Pts',(-0.25048419557511,40.4586473114789,3.0000003516674));
#7777=CARTESIAN_POINT('Ctrl Pts',(-0.41163697563111,40.7737904794514,3.0000003516674));
#7778=CARTESIAN_POINT('Ctrl Pts',(-0.71961775146424,40.9265872843564,3.0000003516674));
#7779=CARTESIAN_POINT('',(-1.37377842985093,41.0793840892613,3.0000003516674));
#7780=CARTESIAN_POINT('Ctrl Pts',(-0.71961775146424,40.9265872843564,3.0000003516674));
#7781=CARTESIAN_POINT('Ctrl Pts',(-1.02759882532059,41.0793840892613,3.0000003516674));
#7782=CARTESIAN_POINT('Ctrl Pts',(-1.37377842985093,41.0793840892613,3.0000003516674));
#7783=CARTESIAN_POINT('',(-1.96109100900589,40.9635928280652,3.0000003516674));
#7784=CARTESIAN_POINT('Ctrl Pts',(-1.37377842985093,41.0793840892613,3.0000003516674));
#7785=CARTESIAN_POINT('Ctrl Pts',(-1.67459711156784,41.0793840892613,3.0000003516674));
#7786=CARTESIAN_POINT('Ctrl Pts',(-1.96109100900589,40.9635928280652,3.0000003516674));
#7787=CARTESIAN_POINT('Ctrl Pts',(-1.96109100900589,40.9635928280652,3.0000003516674));
#7788=CARTESIAN_POINT('Ctrl Pts',(-2.24758490644394,40.847801566869,3.0000003516674));
#7789=CARTESIAN_POINT('Ctrl Pts',(-2.39560708127915,40.7164916403592,3.0000003516674));
#7790=CARTESIAN_POINT('Origin',(-4.00999963007866,50.3875009071082,1.0000003516674));
#7791=CARTESIAN_POINT('',(-10.3099994892627,51.6375008791685,1.0000003516674));
#7792=CARTESIAN_POINT('',(2.29000022910537,51.6375008791685,1.0000003516674));
#7793=CARTESIAN_POINT('',(-10.3099994892627,51.6375008791685,1.0000003516674));
#7794=CARTESIAN_POINT('',(-10.3099994892627,49.1375009350479,1.0000003516674));
#7795=CARTESIAN_POINT('',(-10.3099994892627,49.1375009350479,1.0000003516674));
#7796=CARTESIAN_POINT('',(2.29000022910537,49.1375009350479,1.0000003516674));
#7797=CARTESIAN_POINT('',(2.29000022910537,49.1375009350479,1.0000003516674));
#7798=CARTESIAN_POINT('',(2.29000022910537,51.6375008791685,1.0000003516674));
#7799=CARTESIAN_POINT('Origin',(2.29000022910537,51.6375008791685,3.00000035166741));
#7800=CARTESIAN_POINT('',(2.29000022910537,51.6375008791685,2.00000035166741));
#7801=CARTESIAN_POINT('',(2.29000022910537,49.1375009350479,2.00000035166741));
#7802=CARTESIAN_POINT('Origin',(2.29000022910537,49.1375009350479,3.00000035166741));
#7803=CARTESIAN_POINT('',(-10.3099994892627,49.1375009350479,2.0000003516674));
#7804=CARTESIAN_POINT('Origin',(-10.3099994892627,51.6375008791685,3.0000003516674));
#7805=CARTESIAN_POINT('',(-10.3099994892627,51.6375008791685,3.0000003516674));
#7806=CARTESIAN_POINT('Origin',(-10.3099994892627,49.1375009350479,3.0000003516674));
#7807=CARTESIAN_POINT('Origin',(8.69000008605421,35.0075008501113,-0.499999648332594));
#7808=CARTESIAN_POINT('',(-8.00999991394578,35.0075008501113,5.0000003516674));
#7809=CARTESIAN_POINT('',(-8.00999991394579,35.0075008501113,7.50000029206276));
#7810=CARTESIAN_POINT('',(-16.8599999139458,35.0075008501113,5.0000003516674));
#7811=CARTESIAN_POINT('',(-16.8599999139458,35.0075008501113,-0.499999648332599));
#7812=CARTESIAN_POINT('',(2.34000026524068,35.0075008501112,5.0000003516674));
#7813=CARTESIAN_POINT('Origin',(-16.8599999139458,35.1575008501113,-0.499999648332599));
#7814=CARTESIAN_POINT('',(-16.8600002954155,39.8375008501113,5.0000003516674));
#7815=CARTESIAN_POINT('',(-16.8599999139458,39.8375008501114,7.0000003516674));
#7816=CARTESIAN_POINT('',(-16.8599999139458,39.5975008843839,5.0000003516674));
#7817=CARTESIAN_POINT('Origin',(-4.00999955557285,44.0375002465809,5.00000035166726));
#7818=CARTESIAN_POINT('',(8.84000008605421,45.9999999314547,5.00000035166741));
#7819=CARTESIAN_POINT('',(8.84000008605421,42.0249999314547,5.0000003516674));
#7820=CARTESIAN_POINT('',(8.84000008605421,48.4874999616132,5.00000130110742));
#7821=CARTESIAN_POINT('',(9.41500017937273,42.0249999314547,5.0000003516674));
#7822=CARTESIAN_POINT('',(8.66500036600977,42.0249999314547,5.00000035166741));
#7823=CARTESIAN_POINT('',(9.41500017937273,39.0374999314547,5.0000003516674));
#7824=CARTESIAN_POINT('',(9.41500017937273,41.5249999314547,5.0000003516674));
#7825=CARTESIAN_POINT('',(10.2900000860542,39.0374999314547,5.0000003516674));
#7826=CARTESIAN_POINT('',(2.70250031189993,39.0374999314547,5.0000003516674));
#7827=CARTESIAN_POINT('',(10.2900000860542,48.9874999314547,5.0000003516674));
#7828=CARTESIAN_POINT('',(10.2900000860542,42.0375004250556,5.0000003516674));
#7829=CARTESIAN_POINT('',(9.41500017937274,48.9874999314547,5.0000003516674));
#7830=CARTESIAN_POINT('',(2.89000026524068,48.9874999314547,5.0000003516674));
#7831=CARTESIAN_POINT('',(9.41500017937273,45.9999999314547,5.00000035166741));
#7832=CARTESIAN_POINT('',(9.41500017937273,45.5125004250556,5.00000035166741));
#7833=CARTESIAN_POINT('',(2.70250031189994,45.9999999314547,5.0000003516674));
#7834=CARTESIAN_POINT('Origin',(8.84000008605421,52.9375008501113,-0.499999648332594));
#7835=CARTESIAN_POINT('',(8.84000008605421,53.0875008501113,5.0000003516674));
#7836=CARTESIAN_POINT('',(8.84000008605421,48.4875008843839,5.0000003516674));
#7837=CARTESIAN_POINT('',(8.84000008605421,53.0875008501113,-0.499999648332594));
#7838=CARTESIAN_POINT('',(8.84000008605421,35.0075008501113,5.00000035166741));
#7839=CARTESIAN_POINT('',(8.84000008605421,35.0075008501113,-0.499999648332594));
#7840=CARTESIAN_POINT('',(8.84000008605421,48.4875008843839,5.0000003516674));
#7841=CARTESIAN_POINT('Origin',(-16.7099999139458,53.0875008501113,-0.499999648332599));
#7842=CARTESIAN_POINT('',(-0.00999991394577626,53.0875008501113,5.00000035166741));
#7843=CARTESIAN_POINT('',(-0.00999991394577626,53.0875008501113,7.00000035166741));
#7844=CARTESIAN_POINT('',(2.34000026524068,53.0875008501113,5.0000003516674));
#7845=CARTESIAN_POINT('Origin',(-16.7099999139458,53.0875008501113,-0.499999648332599));
#7846=CARTESIAN_POINT('',(-8.00999991394578,53.0875008501113,5.0000003516674));
#7847=CARTESIAN_POINT('',(-8.00999991394579,53.0875008501113,7.00000035166741));
#7848=CARTESIAN_POINT('',(-16.8599999139458,53.0875008501113,5.0000003516674));
#7849=CARTESIAN_POINT('',(2.34000026524068,53.0875008501113,5.0000003516674));
#7850=CARTESIAN_POINT('',(-16.8599999139458,53.0875008501113,-0.499999648332599));
#7851=CARTESIAN_POINT('Origin',(-4.00999955557285,44.0375009186566,5.0000003516674));
#7852=CARTESIAN_POINT('',(-0.00999991394578292,35.0075008501113,5.00000035166741));
#7853=CARTESIAN_POINT('Origin',(-4.00999991394579,35.0075008501113,5.0000003516674));
#7854=CARTESIAN_POINT('',(-16.8600002954155,47.8375008501113,5.0000003516674));
#7855=CARTESIAN_POINT('Origin',(-16.8600002954155,43.8375008501113,5.0000003516674));
#7856=CARTESIAN_POINT('',(-16.8599999139458,39.5975008843839,5.0000003516674));
#7857=CARTESIAN_POINT('Origin',(-4.00999991394578,53.0875008501113,5.0000003516674));
#7858=CARTESIAN_POINT('',(2.34000026524068,35.0075008501112,5.0000003516674));
#7859=CARTESIAN_POINT('Origin',(-16.8599999139458,35.1575008501113,-0.499999648332599));
#7860=CARTESIAN_POINT('',(-16.8599999139458,47.8375008501112,7.0000003516674));
#7861=CARTESIAN_POINT('Ctrl Pts',(-8.00999991394578,53.0875008501113,5.00000035166741));
#7862=CARTESIAN_POINT('Ctrl Pts',(-8.00999991394578,55.0875008501113,5.00000035166741));
#7863=CARTESIAN_POINT('Ctrl Pts',(-4.00999991394578,55.0875008501113,5.00000035166741));
#7864=CARTESIAN_POINT('Ctrl Pts',(-0.0099999139457804,55.0875008501113,
5.00000035166741));
#7865=CARTESIAN_POINT('Ctrl Pts',(-0.00999991394578237,53.0875008501113,
5.00000035166741));
#7866=CARTESIAN_POINT('Ctrl Pts',(-8.00999991394578,53.0875008501113,3.0000003516674));
#7867=CARTESIAN_POINT('Ctrl Pts',(-8.00999991394578,55.0875008501113,3.0000003516674));
#7868=CARTESIAN_POINT('Ctrl Pts',(-4.00999991394578,55.0875008501113,3.0000003516674));
#7869=CARTESIAN_POINT('Ctrl Pts',(-0.00999991394577985,55.0875008501113,
3.0000003516674));
#7870=CARTESIAN_POINT('Ctrl Pts',(-0.00999991394578181,53.0875008501113,
3.0000003516674));
#7871=CARTESIAN_POINT('Ctrl Pts',(-16.8599999139458,39.8375008501113,5.0000003516674));
#7872=CARTESIAN_POINT('Ctrl Pts',(-18.8600002954155,39.8375000871718,5.0000003516674));
#7873=CARTESIAN_POINT('Ctrl Pts',(-18.8600002954155,43.8375008501113,5.0000003516674));
#7874=CARTESIAN_POINT('Ctrl Pts',(-18.8600002954155,47.8375016130508,5.0000003516674));
#7875=CARTESIAN_POINT('Ctrl Pts',(-16.8599999139458,47.8375008501112,5.0000003516674));
#7876=CARTESIAN_POINT('Ctrl Pts',(-16.8599999139458,39.8375008501113,3.0000003516674));
#7877=CARTESIAN_POINT('Ctrl Pts',(-18.8600002954155,39.8375000871718,3.0000003516674));
#7878=CARTESIAN_POINT('Ctrl Pts',(-18.8600002954155,43.8375008501113,3.0000003516674));
#7879=CARTESIAN_POINT('Ctrl Pts',(-18.8600002954155,47.8375016130508,3.0000003516674));
#7880=CARTESIAN_POINT('Ctrl Pts',(-16.8599999139458,47.8375008501112,3.0000003516674));
#7881=CARTESIAN_POINT('Origin',(8.69000008605421,35.0075008501113,-0.499999648332594));
#7882=CARTESIAN_POINT('',(-0.00999991394578514,35.0075008501113,7.50000029206276));
#7883=CARTESIAN_POINT('Ctrl Pts',(-0.00999991394578903,35.0075008501113,
5.00000035166741));
#7884=CARTESIAN_POINT('Ctrl Pts',(-0.00999991394579266,33.0075008501113,
5.00000035166741));
#7885=CARTESIAN_POINT('Ctrl Pts',(-4.00999991394579,33.0075008501113,5.00000035166741));
#7886=CARTESIAN_POINT('Ctrl Pts',(-8.00999991394578,33.0075008501113,5.00000035166741));
#7887=CARTESIAN_POINT('Ctrl Pts',(-8.00999991394579,35.0075008501113,5.00000035166741));
#7888=CARTESIAN_POINT('Ctrl Pts',(-0.00999991394578847,35.0075008501113,
3.00000035166276));
#7889=CARTESIAN_POINT('Ctrl Pts',(-0.0099999139457921,33.0075008501113,
3.00000035166276));
#7890=CARTESIAN_POINT('Ctrl Pts',(-4.00999991394579,33.0075008501113,3.00000035166275));
#7891=CARTESIAN_POINT('Ctrl Pts',(-8.00999991394578,33.0075008501113,3.00000035166275));
#7892=CARTESIAN_POINT('Ctrl Pts',(-8.00999991394579,35.0075008501113,3.00000035166275));
#7893=CARTESIAN_POINT('Origin',(6.15000008605422,50.3975008501113,3.00000035166741));
#7894=CARTESIAN_POINT('',(-4.89049121461808,38.3505299694836,3.0000003516674));
#7895=CARTESIAN_POINT('',(-3.99519785962998,38.3505299694836,3.0000003516674));
#7896=CARTESIAN_POINT('',(0.629754435718056,38.3505299694836,3.0000003516674));
#7897=CARTESIAN_POINT('',(-3.99519785962998,39.6015533812344,3.0000003516674));
#7898=CARTESIAN_POINT('',(-3.99519785962997,44.3740154097975,3.0000003516674));
#7899=CARTESIAN_POINT('',(-4.90004107080399,39.6015533812344,3.0000003516674));
#7900=CARTESIAN_POINT('',(1.07740111321211,39.6015533812344,3.0000003516674));
#7901=CARTESIAN_POINT('',(-5.53749009691178,39.4344317920506,3.0000003516674));
#7902=CARTESIAN_POINT('Ctrl Pts',(-4.90004107080399,39.6015533812344,3.0000003516674));
#7903=CARTESIAN_POINT('Ctrl Pts',(-5.34888133130967,39.6015533812344,3.0000003516674));
#7904=CARTESIAN_POINT('Ctrl Pts',(-5.53749009691178,39.4344317920506,3.0000003516674));
#7905=CARTESIAN_POINT('',(-5.72609826646744,38.9641043551266,3.0000003516674));
#7906=CARTESIAN_POINT('Ctrl Pts',(-5.53749009691178,39.4344317920506,3.0000003516674));
#7907=CARTESIAN_POINT('Ctrl Pts',(-5.72609826646744,39.2673103518784,3.0000003516674));
#7908=CARTESIAN_POINT('Ctrl Pts',(-5.72609826646744,38.9641043551266,3.0000003516674));
#7909=CARTESIAN_POINT('',(-5.61508163534104,38.5880813010037,3.0000003516674));
#7910=CARTESIAN_POINT('Ctrl Pts',(-5.72609826646744,38.9641043551266,3.0000003516674));
#7911=CARTESIAN_POINT('Ctrl Pts',(-5.72609826646744,38.7444591529668,3.0000003516674));
#7912=CARTESIAN_POINT('Ctrl Pts',(-5.61508163534104,38.5880813010037,3.0000003516674));
#7913=CARTESIAN_POINT('',(-5.32261952482163,38.3815670020878,3.0000003516674));
#7914=CARTESIAN_POINT('Ctrl Pts',(-5.61508163534104,38.5880813010037,3.0000003516674));
#7915=CARTESIAN_POINT('Ctrl Pts',(-5.50406560026108,38.4317034490407,3.0000003516674));
#7916=CARTESIAN_POINT('Ctrl Pts',(-5.32261952482163,38.3815670020878,3.0000003516674));
#7917=CARTESIAN_POINT('Ctrl Pts',(-5.32261952482163,38.3815670020878,3.0000003516674));
#7918=CARTESIAN_POINT('Ctrl Pts',(-5.20563468061387,38.3505299694836,3.0000003516674));
#7919=CARTESIAN_POINT('Ctrl Pts',(-4.89049121461808,38.3505299694836,3.0000003516674));
#7920=CARTESIAN_POINT('Origin',(6.15000008605422,50.3975008501113,3.00000035166741));
#7921=CARTESIAN_POINT('',(-7.99656137548386,38.6274740107358,3.0000003516674));
#7922=CARTESIAN_POINT('',(-6.90072163663803,40.2055779106915,3.0000003516674));
#7923=CARTESIAN_POINT('',(-2.93833978807283,45.9117501060168,3.0000003516674));
#7924=CARTESIAN_POINT('',(-7.99656137548386,40.2055779106915,3.0000003516674));
#7925=CARTESIAN_POINT('',(-0.375360775291919,40.2055779106915,3.0000003516674));
#7926=CARTESIAN_POINT('',(-7.99656137548386,45.3015393804014,3.0000003516674));
#7927=CARTESIAN_POINT('Origin',(-3.633498891294,39.6875014908612,2.0000003516674));
#7928=CARTESIAN_POINT('',(3.49781029202044,40.9421056516469,2.00000035166741));
#7929=CARTESIAN_POINT('',(3.6899999370426,40.3130128987134,2.00000035166741));
#7930=CARTESIAN_POINT('Ctrl Pts',(3.49781029202044,40.9421056516469,2.00000035166741));
#7931=CARTESIAN_POINT('Ctrl Pts',(3.68045013673604,40.6639680273831,2.00000035166741));
#7932=CARTESIAN_POINT('Ctrl Pts',(3.6899999370426,40.3130128987134,2.00000035166741));
#7933=CARTESIAN_POINT('',(2.994058656469,41.3587155945599,2.00000035166741));
#7934=CARTESIAN_POINT('Ctrl Pts',(2.994058656469,41.3587155945599,2.00000035166741));
#7935=CARTESIAN_POINT('Ctrl Pts',(3.31517048455776,41.2202435739338,2.00000035166741));
#7936=CARTESIAN_POINT('Ctrl Pts',(3.49781029202044,40.9421056516469,2.00000035166741));
#7937=CARTESIAN_POINT('',(2.19784438885749,41.497187615186,2.00000035166741));
#7938=CARTESIAN_POINT('Ctrl Pts',(2.19784438885749,41.497187615186,2.00000035166741));
#7939=CARTESIAN_POINT('Ctrl Pts',(2.67294675387443,41.497187615186,2.00000035166741));
#7940=CARTESIAN_POINT('Ctrl Pts',(2.994058656469,41.3587155945599,2.00000035166741));
#7941=CARTESIAN_POINT('',(1.52339011706413,41.3599091775716,2.00000035166741));
#7942=CARTESIAN_POINT('Ctrl Pts',(1.52339011706413,41.3599091775716,2.00000035166741));
#7943=CARTESIAN_POINT('Ctrl Pts',(1.82301491774619,41.497187615186,2.00000035166741));
#7944=CARTESIAN_POINT('Ctrl Pts',(2.19784438885749,41.497187615186,2.00000035166741));
#7945=CARTESIAN_POINT('',(1.06380626834929,40.9755298502743,2.00000035166741));
#7946=CARTESIAN_POINT('Ctrl Pts',(1.06380626834929,40.9755298502743,2.00000035166741));
#7947=CARTESIAN_POINT('Ctrl Pts',(1.22376546539367,41.2226310379803,2.00000035166741));
#7948=CARTESIAN_POINT('Ctrl Pts',(1.52339011706413,41.3599091775716,2.00000035166741));
#7949=CARTESIAN_POINT('',(0.903847369328145,40.449097455293,2.00000035166741));
#7950=CARTESIAN_POINT('Ctrl Pts',(0.903847369328145,40.449097455293,2.00000035166741));
#7951=CARTESIAN_POINT('Ctrl Pts',(0.903847369328145,40.7284289605916,2.00000035166741));
#7952=CARTESIAN_POINT('Ctrl Pts',(1.06380626834929,40.9755298502743,2.00000035166741));
#7953=CARTESIAN_POINT('',(1.04948178209365,39.9513143308461,2.00000035166741));
#7954=CARTESIAN_POINT('Ctrl Pts',(1.04948178209365,39.9513143308461,2.00000035166741));
#7955=CARTESIAN_POINT('Ctrl Pts',(0.903847369328145,40.1673784859479,2.00000035166741));
#7956=CARTESIAN_POINT('Ctrl Pts',(0.903847369328145,40.449097455293,2.00000035166741));
#7957=CARTESIAN_POINT('',(1.50070935763419,39.5943906910718,2.00000035166741));
#7958=CARTESIAN_POINT('Ctrl Pts',(1.50070935763419,39.5943906910718,2.00000035166741));
#7959=CARTESIAN_POINT('Ctrl Pts',(1.19511589683593,39.7352501757443,2.00000035166741));
#7960=CARTESIAN_POINT('Ctrl Pts',(1.04948178209365,39.9513143308461,2.00000035166741));
#7961=CARTESIAN_POINT('',(2.2754365233332,39.3711642928422,2.00000035166741));
#7962=CARTESIAN_POINT('Ctrl Pts',(2.2754365233332,39.3711642928422,2.00000035166741));
#7963=CARTESIAN_POINT('Ctrl Pts',(1.71080485261977,39.4988928742707,2.00000035166741));
#7964=CARTESIAN_POINT('Ctrl Pts',(1.50070935763419,39.5943906910718,2.00000035166741));
#7965=CARTESIAN_POINT('',(2.97376536108554,39.1216759391129,2.00000035166741));
#7966=CARTESIAN_POINT('Ctrl Pts',(2.97376536108554,39.1216759391129,2.00000035166741));
#7967=CARTESIAN_POINT('Ctrl Pts',(2.84006819404662,39.2434358604253,2.00000035166741));
#7968=CARTESIAN_POINT('Ctrl Pts',(2.2754365233332,39.3711642928422,2.00000035166741));
#7969=CARTESIAN_POINT('',(3.10984991766513,38.8113078482449,2.00000035166741));
#7970=CARTESIAN_POINT('Ctrl Pts',(3.10984991766513,38.8113078482449,2.00000035166741));
#7971=CARTESIAN_POINT('Ctrl Pts',(3.10984991766513,38.9999160178006,2.00000035166741));
#7972=CARTESIAN_POINT('Ctrl Pts',(2.97376536108554,39.1216759391129,2.00000035166741));
#7973=CARTESIAN_POINT('',(2.91766025401652,38.4400594241917,2.00000035166741));
#7974=CARTESIAN_POINT('Ctrl Pts',(2.91766025401652,38.4400594241917,2.00000035166741));
#7975=CARTESIAN_POINT('Ctrl Pts',(3.10984991766513,38.5940498121083,2.00000035166741));
#7976=CARTESIAN_POINT('Ctrl Pts',(3.10984991766513,38.8113078482449,2.00000035166741));
#7977=CARTESIAN_POINT('',(2.30527952589095,38.2860690362752,2.00000035166741));
#7978=CARTESIAN_POINT('Ctrl Pts',(2.30527952589095,38.2860690362752,2.00000035166741));
#7979=CARTESIAN_POINT('Ctrl Pts',(2.72547066487372,38.2860690362752,2.00000035166741));
#7980=CARTESIAN_POINT('Ctrl Pts',(2.91766025401652,38.4400594241917,2.00000035166741));
#7981=CARTESIAN_POINT('',(1.69528648532927,38.4555777914822,2.0000003516674));
#7982=CARTESIAN_POINT('Ctrl Pts',(1.69528648532927,38.4555777914822,2.0000003516674));
#7983=CARTESIAN_POINT('Ctrl Pts',(1.90180078424514,38.2860690362752,2.0000003516674));
#7984=CARTESIAN_POINT('Ctrl Pts',(2.30527952589095,38.2860690362752,2.00000035166741));
#7985=CARTESIAN_POINT('',(1.45296037472785,38.9569421119988,2.0000003516674));
#7986=CARTESIAN_POINT('Ctrl Pts',(1.45296037472785,38.9569421119988,2.0000003516674));
#7987=CARTESIAN_POINT('Ctrl Pts',(1.48877218641341,38.6250868447125,2.0000003516674));
#7988=CARTESIAN_POINT('Ctrl Pts',(1.69528648532927,38.4555777914822,2.0000003516674));
#7989=CARTESIAN_POINT('',(1.00889519132674,38.9235177643597,2.0000003516674));
#7990=CARTESIAN_POINT('',(1.00889519132674,38.9235177643597,2.0000003516674));
#7991=CARTESIAN_POINT('',(1.18079141058028,38.3720171459019,2.0000003516674));
#7992=CARTESIAN_POINT('Ctrl Pts',(1.18079141058028,38.3720171459019,2.0000003516674));
#7993=CARTESIAN_POINT('Ctrl Pts',(1.02083221353591,38.6155369885266,2.0000003516674));
#7994=CARTESIAN_POINT('Ctrl Pts',(1.00889519132674,38.9235177643597,2.0000003516674));
#7995=CARTESIAN_POINT('',(1.63798764623702,38.0031564839184,2.0000003516674));
#7996=CARTESIAN_POINT('Ctrl Pts',(1.63798764623702,38.0031564839184,2.0000003516674));
#7997=CARTESIAN_POINT('Ctrl Pts',(1.34075030960143,38.1284973032773,2.0000003516674));
#7998=CARTESIAN_POINT('Ctrl Pts',(1.18079141058028,38.3720171459019,2.0000003516674));
#7999=CARTESIAN_POINT('',(2.32437923826278,37.8778153665364,2.00000035166741));
#8000=CARTESIAN_POINT('Ctrl Pts',(2.32437923826278,37.8778153665364,2.00000035166741));
#8001=CARTESIAN_POINT('Ctrl Pts',(1.93522498287261,37.8778153665364,2.0000003516674));
#8002=CARTESIAN_POINT('Ctrl Pts',(1.63798764623702,38.0031564839184,2.0000003516674));
#8003=CARTESIAN_POINT('',(2.96660296894611,37.9971876747906,2.00000035166741));
#8004=CARTESIAN_POINT('Ctrl Pts',(2.96660296894611,37.9971876747906,2.00000035166741));
#8005=CARTESIAN_POINT('Ctrl Pts',(2.67772168196739,37.8778153665364,2.00000035166741));
#8006=CARTESIAN_POINT('Ctrl Pts',(2.32437923826278,37.8778153665364,2.00000035166741));
#8007=CARTESIAN_POINT('',(3.40589352227748,38.3469489224255,2.00000035166741));
#8008=CARTESIAN_POINT('Ctrl Pts',(3.40589352227748,38.3469489224255,2.00000035166741));
#8009=CARTESIAN_POINT('Ctrl Pts',(3.25548425592483,38.1165602810681,2.00000035166741));
#8010=CARTESIAN_POINT('Ctrl Pts',(2.96660296894611,37.9971876747906,2.00000035166741));
#8011=CARTESIAN_POINT('',(3.55630278863013,38.8423445828259,2.00000035166741));
#8012=CARTESIAN_POINT('Ctrl Pts',(3.55630278863013,38.8423445828259,2.00000035166741));
#8013=CARTESIAN_POINT('Ctrl Pts',(3.55630278863013,38.5773378618062,2.00000035166741));
#8014=CARTESIAN_POINT('Ctrl Pts',(3.40589352227748,38.3469489224255,2.00000035166741));
#8015=CARTESIAN_POINT('',(3.43334920980037,39.278053791076,2.00000035166741));
#8016=CARTESIAN_POINT('Ctrl Pts',(3.43334920980037,39.278053791076,2.00000035166741));
#8017=CARTESIAN_POINT('Ctrl Pts',(3.55630278863013,39.0834768123925,2.00000035166741));
#8018=CARTESIAN_POINT('Ctrl Pts',(3.55630278863013,38.8423445828259,2.00000035166741));
#8019=CARTESIAN_POINT('',(3.05971347071231,39.6039405472577,2.00000035166741));
#8020=CARTESIAN_POINT('Ctrl Pts',(3.05971347071231,39.6039405472577,2.00000035166741));
#8021=CARTESIAN_POINT('Ctrl Pts',(3.31039555646479,39.472630918771,2.00000035166741));
#8022=CARTESIAN_POINT('Ctrl Pts',(3.43334920980037,39.278053791076,2.00000035166741));
#8023=CARTESIAN_POINT('',(2.3840653923899,39.8223921664059,2.00000035166741));
#8024=CARTESIAN_POINT('Ctrl Pts',(2.3840653923899,39.8223921664059,2.00000035166741));
#8025=CARTESIAN_POINT('Ctrl Pts',(2.86633014954627,39.7066009052098,2.00000035166741));
#8026=CARTESIAN_POINT('Ctrl Pts',(3.05971347071231,39.6039405472577,2.00000035166741));
#8027=CARTESIAN_POINT('',(1.76094129957259,39.9930948026478,2.00000035166741));
#8028=CARTESIAN_POINT('Ctrl Pts',(1.76094129957259,39.9930948026478,2.00000035166741));
#8029=CARTESIAN_POINT('Ctrl Pts',(1.90180078424514,39.9381834276021,2.00000035166741));
#8030=CARTESIAN_POINT('Ctrl Pts',(2.3840653923899,39.8223921664059,2.00000035166741));
#8031=CARTESIAN_POINT('',(1.44579798258841,40.1996091015637,2.00000035166741));
#8032=CARTESIAN_POINT('Ctrl Pts',(1.44579798258841,40.1996091015637,2.00000035166741));
#8033=CARTESIAN_POINT('Ctrl Pts',(1.5412959484011,40.0766554482281,2.00000035166741));
#8034=CARTESIAN_POINT('Ctrl Pts',(1.76094129957259,39.9930948026478,2.00000035166741));
#8035=CARTESIAN_POINT('',(1.35030016578734,40.4872968800366,2.00000035166741));
#8036=CARTESIAN_POINT('Ctrl Pts',(1.35030016578734,40.4872968800366,2.00000035166741));
#8037=CARTESIAN_POINT('Ctrl Pts',(1.35030016578734,40.3225627548993,2.00000035166741));
#8038=CARTESIAN_POINT('Ctrl Pts',(1.44579798258841,40.1996091015637,2.00000035166741));
#8039=CARTESIAN_POINT('',(1.44937917865813,40.7869216807187,2.00000035166741));
#8040=CARTESIAN_POINT('Ctrl Pts',(1.44937917865813,40.7869216807187,2.00000035166741));
#8041=CARTESIAN_POINT('Ctrl Pts',(1.35030016578734,40.6496432431042,2.00000035166741));
#8042=CARTESIAN_POINT('Ctrl Pts',(1.35030016578734,40.4872968800366,2.00000035166741));
#8043=CARTESIAN_POINT('',(1.75139144338668,41.0029855377972,2.00000035166741));
#8044=CARTESIAN_POINT('Ctrl Pts',(1.75139144338668,41.0029855377972,2.00000035166741));
#8045=CARTESIAN_POINT('Ctrl Pts',(1.54845834054053,40.9241998203099,2.00000035166741));
#8046=CARTESIAN_POINT('Ctrl Pts',(1.44937917865813,40.7869216807187,2.00000035166741));
#8047=CARTESIAN_POINT('',(2.21933141626418,41.0817715533078,2.00000035166741));
#8048=CARTESIAN_POINT('Ctrl Pts',(2.21933141626418,41.0817715533078,2.00000035166741));
#8049=CARTESIAN_POINT('Ctrl Pts',(1.95432469524444,41.0817715533078,2.00000035166741));
#8050=CARTESIAN_POINT('Ctrl Pts',(1.75139144338668,41.0029855377972,2.00000035166741));
#8051=CARTESIAN_POINT('',(2.75650747396052,40.9779173143208,2.00000035166741));
#8052=CARTESIAN_POINT('Ctrl Pts',(2.75650747396052,40.9779173143208,2.00000035166741));
#8053=CARTESIAN_POINT('Ctrl Pts',(2.51776263393463,41.0817715533078,2.00000035166741));
#8054=CARTESIAN_POINT('Ctrl Pts',(2.21933141626418,41.0817715533078,2.00000035166741));
#8055=CARTESIAN_POINT('',(3.10865618564189,40.7057482011616,2.00000035166741));
#8056=CARTESIAN_POINT('Ctrl Pts',(3.10865618564189,40.7057482011616,2.00000035166741));
#8057=CARTESIAN_POINT('Ctrl Pts',(2.99525238849223,40.8740633733571,2.00000035166741));
#8058=CARTESIAN_POINT('Ctrl Pts',(2.75650747396052,40.9779173143208,2.00000035166741));
#8059=CARTESIAN_POINT('',(3.25309679187835,40.2748137719929,2.00000035166741));
#8060=CARTESIAN_POINT('Ctrl Pts',(3.25309679187835,40.2748137719929,2.00000035166741));
#8061=CARTESIAN_POINT('Ctrl Pts',(3.22205998279155,40.5374330289662,2.00000035166741));
#8062=CARTESIAN_POINT('Ctrl Pts',(3.10865618564189,40.7057482011616,2.00000035166741));
#8063=CARTESIAN_POINT('',(3.6899999370426,40.3130128987134,2.00000035166741));
#8064=CARTESIAN_POINT('Ctrl Pts',(3.49781029202044,40.9421056516469,3.00000035166741));
#8065=CARTESIAN_POINT('Ctrl Pts',(3.49781029202044,40.9421056516469,2.00000035166741));
#8066=CARTESIAN_POINT('Ctrl Pts',(3.68045013673604,40.6639680273831,3.00000035166741));
#8067=CARTESIAN_POINT('Ctrl Pts',(3.68045013673604,40.6639680273831,2.00000035166741));
#8068=CARTESIAN_POINT('Ctrl Pts',(3.6899999370426,40.3130128987134,3.00000035166741));
#8069=CARTESIAN_POINT('Ctrl Pts',(3.6899999370426,40.3130128987134,2.00000035166741));
#8070=CARTESIAN_POINT('',(3.49781029202044,40.9421056516469,3.00000035166741));
#8071=CARTESIAN_POINT('',(3.6899999370426,40.3130128987134,3.00000035166741));
#8072=CARTESIAN_POINT('Origin',(3.6899999370426,40.3130128987134,3.00000035166741));
#8073=CARTESIAN_POINT('',(3.25309679187835,40.2748137719929,3.00000035166741));
#8074=CARTESIAN_POINT('Ctrl Pts',(3.25309679187835,40.2748137719929,3.00000035166741));
#8075=CARTESIAN_POINT('Ctrl Pts',(3.25309679187835,40.2748137719929,2.00000035166741));
#8076=CARTESIAN_POINT('Ctrl Pts',(3.22205998279155,40.5374330289662,3.00000035166741));
#8077=CARTESIAN_POINT('Ctrl Pts',(3.22205998279155,40.5374330289662,2.00000035166741));
#8078=CARTESIAN_POINT('Ctrl Pts',(3.10865618564189,40.7057482011616,3.00000035166741));
#8079=CARTESIAN_POINT('Ctrl Pts',(3.10865618564189,40.7057482011616,2.00000035166741));
#8080=CARTESIAN_POINT('',(3.10865618564189,40.7057482011616,3.00000035166741));
#8081=CARTESIAN_POINT('Ctrl Pts',(3.10865618564189,40.7057482011616,3.00000035166741));
#8082=CARTESIAN_POINT('Ctrl Pts',(3.10865618564189,40.7057482011616,2.00000035166741));
#8083=CARTESIAN_POINT('Ctrl Pts',(2.99525238849223,40.8740633733571,3.00000035166741));
#8084=CARTESIAN_POINT('Ctrl Pts',(2.99525238849223,40.8740633733571,2.00000035166741));
#8085=CARTESIAN_POINT('Ctrl Pts',(2.75650747396052,40.9779173143208,3.00000035166741));
#8086=CARTESIAN_POINT('Ctrl Pts',(2.75650747396052,40.9779173143208,2.00000035166741));
#8087=CARTESIAN_POINT('',(2.75650747396052,40.9779173143208,3.00000035166741));
#8088=CARTESIAN_POINT('Ctrl Pts',(2.75650747396052,40.9779173143208,3.00000035166741));
#8089=CARTESIAN_POINT('Ctrl Pts',(2.75650747396052,40.9779173143208,2.00000035166741));
#8090=CARTESIAN_POINT('Ctrl Pts',(2.51776263393463,41.0817715533078,3.00000035166741));
#8091=CARTESIAN_POINT('Ctrl Pts',(2.51776263393463,41.0817715533078,2.00000035166741));
#8092=CARTESIAN_POINT('Ctrl Pts',(2.21933141626418,41.0817715533078,3.00000035166741));
#8093=CARTESIAN_POINT('Ctrl Pts',(2.21933141626418,41.0817715533078,2.00000035166741));
#8094=CARTESIAN_POINT('',(2.21933141626418,41.0817715533078,3.00000035166741));
#8095=CARTESIAN_POINT('Ctrl Pts',(2.21933141626418,41.0817715533078,3.00000035166741));
#8096=CARTESIAN_POINT('Ctrl Pts',(2.21933141626418,41.0817715533078,2.00000035166741));
#8097=CARTESIAN_POINT('Ctrl Pts',(1.95432469524444,41.0817715533078,3.00000035166741));
#8098=CARTESIAN_POINT('Ctrl Pts',(1.95432469524444,41.0817715533078,2.00000035166741));
#8099=CARTESIAN_POINT('Ctrl Pts',(1.75139144338668,41.0029855377972,3.00000035166741));
#8100=CARTESIAN_POINT('Ctrl Pts',(1.75139144338668,41.0029855377972,2.00000035166741));
#8101=CARTESIAN_POINT('',(1.75139144338668,41.0029855377972,3.00000035166741));
#8102=CARTESIAN_POINT('Ctrl Pts',(1.75139144338668,41.0029855377972,3.00000035166741));
#8103=CARTESIAN_POINT('Ctrl Pts',(1.75139144338668,41.0029855377972,2.00000035166741));
#8104=CARTESIAN_POINT('Ctrl Pts',(1.54845834054053,40.9241998203099,3.00000035166741));
#8105=CARTESIAN_POINT('Ctrl Pts',(1.54845834054053,40.9241998203099,2.00000035166741));
#8106=CARTESIAN_POINT('Ctrl Pts',(1.44937917865813,40.7869216807187,3.00000035166741));
#8107=CARTESIAN_POINT('Ctrl Pts',(1.44937917865813,40.7869216807187,2.00000035166741));
#8108=CARTESIAN_POINT('',(1.44937917865813,40.7869216807187,3.00000035166741));
#8109=CARTESIAN_POINT('Ctrl Pts',(1.44937917865813,40.7869216807187,3.00000035166741));
#8110=CARTESIAN_POINT('Ctrl Pts',(1.44937917865813,40.7869216807187,2.00000035166741));
#8111=CARTESIAN_POINT('Ctrl Pts',(1.35030016578734,40.6496432431042,3.00000035166741));
#8112=CARTESIAN_POINT('Ctrl Pts',(1.35030016578734,40.6496432431042,2.00000035166741));
#8113=CARTESIAN_POINT('Ctrl Pts',(1.35030016578734,40.4872968800366,3.00000035166741));
#8114=CARTESIAN_POINT('Ctrl Pts',(1.35030016578734,40.4872968800366,2.00000035166741));
#8115=CARTESIAN_POINT('',(1.35030016578734,40.4872968800366,3.00000035166741));
#8116=CARTESIAN_POINT('Ctrl Pts',(1.35030016578734,40.4872968800366,3.00000035166741));
#8117=CARTESIAN_POINT('Ctrl Pts',(1.35030016578734,40.4872968800366,2.00000035166741));
#8118=CARTESIAN_POINT('Ctrl Pts',(1.35030016578734,40.3225627548993,3.00000035166741));
#8119=CARTESIAN_POINT('Ctrl Pts',(1.35030016578734,40.3225627548993,2.00000035166741));
#8120=CARTESIAN_POINT('Ctrl Pts',(1.44579798258841,40.1996091015637,3.00000035166741));
#8121=CARTESIAN_POINT('Ctrl Pts',(1.44579798258841,40.1996091015637,2.00000035166741));
#8122=CARTESIAN_POINT('',(1.44579798258841,40.1996091015637,3.00000035166741));
#8123=CARTESIAN_POINT('Ctrl Pts',(1.44579798258841,40.1996091015637,3.00000035166741));
#8124=CARTESIAN_POINT('Ctrl Pts',(1.44579798258841,40.1996091015637,2.00000035166741));
#8125=CARTESIAN_POINT('Ctrl Pts',(1.5412959484011,40.0766554482281,3.00000035166741));
#8126=CARTESIAN_POINT('Ctrl Pts',(1.5412959484011,40.0766554482281,2.00000035166741));
#8127=CARTESIAN_POINT('Ctrl Pts',(1.76094129957259,39.9930948026478,3.00000035166741));
#8128=CARTESIAN_POINT('Ctrl Pts',(1.76094129957259,39.9930948026478,2.00000035166741));
#8129=CARTESIAN_POINT('',(1.76094129957259,39.9930948026478,3.00000035166741));
#8130=CARTESIAN_POINT('Ctrl Pts',(1.76094129957259,39.9930948026478,3.00000035166741));
#8131=CARTESIAN_POINT('Ctrl Pts',(1.76094129957259,39.9930948026478,2.00000035166741));
#8132=CARTESIAN_POINT('Ctrl Pts',(1.90180078424514,39.9381834276021,3.00000035166741));
#8133=CARTESIAN_POINT('Ctrl Pts',(1.90180078424514,39.9381834276021,2.00000035166741));
#8134=CARTESIAN_POINT('Ctrl Pts',(2.3840653923899,39.8223921664059,3.00000035166741));
#8135=CARTESIAN_POINT('Ctrl Pts',(2.3840653923899,39.8223921664059,2.00000035166741));
#8136=CARTESIAN_POINT('',(2.3840653923899,39.8223921664059,3.00000035166741));
#8137=CARTESIAN_POINT('Ctrl Pts',(2.3840653923899,39.8223921664059,3.00000035166741));
#8138=CARTESIAN_POINT('Ctrl Pts',(2.3840653923899,39.8223921664059,2.00000035166741));
#8139=CARTESIAN_POINT('Ctrl Pts',(2.86633014954627,39.7066009052098,3.00000035166741));
#8140=CARTESIAN_POINT('Ctrl Pts',(2.86633014954627,39.7066009052098,2.00000035166741));
#8141=CARTESIAN_POINT('Ctrl Pts',(3.05971347071231,39.6039405472577,3.00000035166741));
#8142=CARTESIAN_POINT('Ctrl Pts',(3.05971347071231,39.6039405472577,2.00000035166741));
#8143=CARTESIAN_POINT('',(3.05971347071231,39.6039405472577,3.00000035166741));
#8144=CARTESIAN_POINT('Ctrl Pts',(3.05971347071231,39.6039405472577,3.00000035166741));
#8145=CARTESIAN_POINT('Ctrl Pts',(3.05971347071231,39.6039405472577,2.00000035166741));
#8146=CARTESIAN_POINT('Ctrl Pts',(3.31039555646479,39.472630918771,3.00000035166741));
#8147=CARTESIAN_POINT('Ctrl Pts',(3.31039555646479,39.472630918771,2.00000035166741));
#8148=CARTESIAN_POINT('Ctrl Pts',(3.43334920980037,39.278053791076,3.00000035166741));
#8149=CARTESIAN_POINT('Ctrl Pts',(3.43334920980037,39.278053791076,2.00000035166741));
#8150=CARTESIAN_POINT('',(3.43334920980037,39.278053791076,3.00000035166741));
#8151=CARTESIAN_POINT('Ctrl Pts',(3.43334920980037,39.278053791076,3.00000035166741));
#8152=CARTESIAN_POINT('Ctrl Pts',(3.43334920980037,39.278053791076,2.00000035166741));
#8153=CARTESIAN_POINT('Ctrl Pts',(3.55630278863013,39.0834768123925,3.00000035166741));
#8154=CARTESIAN_POINT('Ctrl Pts',(3.55630278863013,39.0834768123925,2.00000035166741));
#8155=CARTESIAN_POINT('Ctrl Pts',(3.55630278863013,38.8423445828259,3.00000035166741));
#8156=CARTESIAN_POINT('Ctrl Pts',(3.55630278863013,38.8423445828259,2.00000035166741));
#8157=CARTESIAN_POINT('',(3.55630278863013,38.8423445828259,3.00000035166741));
#8158=CARTESIAN_POINT('Ctrl Pts',(3.55630278863013,38.8423445828259,3.00000035166741));
#8159=CARTESIAN_POINT('Ctrl Pts',(3.55630278863013,38.8423445828259,2.00000035166741));
#8160=CARTESIAN_POINT('Ctrl Pts',(3.55630278863013,38.5773378618062,3.00000035166741));
#8161=CARTESIAN_POINT('Ctrl Pts',(3.55630278863013,38.5773378618062,2.00000035166741));
#8162=CARTESIAN_POINT('Ctrl Pts',(3.40589352227748,38.3469489224255,3.00000035166741));
#8163=CARTESIAN_POINT('Ctrl Pts',(3.40589352227748,38.3469489224255,2.00000035166741));
#8164=CARTESIAN_POINT('',(3.40589352227748,38.3469489224255,3.00000035166741));
#8165=CARTESIAN_POINT('Ctrl Pts',(3.40589352227748,38.3469489224255,3.00000035166741));
#8166=CARTESIAN_POINT('Ctrl Pts',(3.40589352227748,38.3469489224255,2.00000035166741));
#8167=CARTESIAN_POINT('Ctrl Pts',(3.25548425592483,38.1165602810681,3.00000035166741));
#8168=CARTESIAN_POINT('Ctrl Pts',(3.25548425592483,38.1165602810681,2.00000035166741));
#8169=CARTESIAN_POINT('Ctrl Pts',(2.96660296894611,37.9971876747906,3.00000035166741));
#8170=CARTESIAN_POINT('Ctrl Pts',(2.96660296894611,37.9971876747906,2.00000035166741));
#8171=CARTESIAN_POINT('',(2.96660296894611,37.9971876747906,3.00000035166741));
#8172=CARTESIAN_POINT('Ctrl Pts',(2.96660296894611,37.9971876747906,3.00000035166741));
#8173=CARTESIAN_POINT('Ctrl Pts',(2.96660296894611,37.9971876747906,2.00000035166741));
#8174=CARTESIAN_POINT('Ctrl Pts',(2.67772168196739,37.8778153665364,3.00000035166741));
#8175=CARTESIAN_POINT('Ctrl Pts',(2.67772168196739,37.8778153665364,2.00000035166741));
#8176=CARTESIAN_POINT('Ctrl Pts',(2.32437923826278,37.8778153665364,3.00000035166741));
#8177=CARTESIAN_POINT('Ctrl Pts',(2.32437923826278,37.8778153665364,2.00000035166741));
#8178=CARTESIAN_POINT('',(2.32437923826278,37.8778153665364,3.00000035166741));
#8179=CARTESIAN_POINT('Ctrl Pts',(2.32437923826278,37.8778153665364,3.00000035166741));
#8180=CARTESIAN_POINT('Ctrl Pts',(2.32437923826278,37.8778153665364,2.00000035166741));
#8181=CARTESIAN_POINT('Ctrl Pts',(1.93522498287261,37.8778153665364,3.0000003516674));
#8182=CARTESIAN_POINT('Ctrl Pts',(1.93522498287261,37.8778153665364,2.0000003516674));
#8183=CARTESIAN_POINT('Ctrl Pts',(1.63798764623702,38.0031564839184,3.0000003516674));
#8184=CARTESIAN_POINT('Ctrl Pts',(1.63798764623702,38.0031564839184,2.0000003516674));
#8185=CARTESIAN_POINT('',(1.63798764623702,38.0031564839184,3.0000003516674));
#8186=CARTESIAN_POINT('Ctrl Pts',(1.63798764623702,38.0031564839184,3.0000003516674));
#8187=CARTESIAN_POINT('Ctrl Pts',(1.63798764623702,38.0031564839184,2.0000003516674));
#8188=CARTESIAN_POINT('Ctrl Pts',(1.34075030960143,38.1284973032773,3.0000003516674));
#8189=CARTESIAN_POINT('Ctrl Pts',(1.34075030960143,38.1284973032773,2.0000003516674));
#8190=CARTESIAN_POINT('Ctrl Pts',(1.18079141058028,38.3720171459019,3.0000003516674));
#8191=CARTESIAN_POINT('Ctrl Pts',(1.18079141058028,38.3720171459019,2.0000003516674));
#8192=CARTESIAN_POINT('',(1.18079141058028,38.3720171459019,3.0000003516674));
#8193=CARTESIAN_POINT('Ctrl Pts',(1.18079141058028,38.3720171459019,3.0000003516674));
#8194=CARTESIAN_POINT('Ctrl Pts',(1.18079141058028,38.3720171459019,2.0000003516674));
#8195=CARTESIAN_POINT('Ctrl Pts',(1.02083221353591,38.6155369885266,3.0000003516674));
#8196=CARTESIAN_POINT('Ctrl Pts',(1.02083221353591,38.6155369885266,2.0000003516674));
#8197=CARTESIAN_POINT('Ctrl Pts',(1.00889519132674,38.9235177643597,3.0000003516674));
#8198=CARTESIAN_POINT('Ctrl Pts',(1.00889519132674,38.9235177643597,2.0000003516674));
#8199=CARTESIAN_POINT('',(1.00889519132674,38.9235177643597,3.0000003516674));
#8200=CARTESIAN_POINT('Origin',(1.00889519132674,38.9235177643597,3.0000003516674));
#8201=CARTESIAN_POINT('',(1.45296037472785,38.9569421119988,3.00000035166741));
#8202=CARTESIAN_POINT('Ctrl Pts',(1.45296037472785,38.9569421119988,3.00000035166741));
#8203=CARTESIAN_POINT('Ctrl Pts',(1.45296037472785,38.9569421119988,2.00000035166741));
#8204=CARTESIAN_POINT('Ctrl Pts',(1.48877218641341,38.6250868447125,3.0000003516674));
#8205=CARTESIAN_POINT('Ctrl Pts',(1.48877218641341,38.6250868447125,2.0000003516674));
#8206=CARTESIAN_POINT('Ctrl Pts',(1.69528648532927,38.4555777914822,3.0000003516674));
#8207=CARTESIAN_POINT('Ctrl Pts',(1.69528648532927,38.4555777914822,2.0000003516674));
#8208=CARTESIAN_POINT('',(1.69528648532927,38.4555777914822,3.0000003516674));
#8209=CARTESIAN_POINT('Ctrl Pts',(1.69528648532927,38.4555777914822,3.0000003516674));
#8210=CARTESIAN_POINT('Ctrl Pts',(1.69528648532927,38.4555777914822,2.0000003516674));
#8211=CARTESIAN_POINT('Ctrl Pts',(1.90180078424514,38.2860690362752,3.0000003516674));
#8212=CARTESIAN_POINT('Ctrl Pts',(1.90180078424514,38.2860690362752,2.0000003516674));
#8213=CARTESIAN_POINT('Ctrl Pts',(2.30527952589095,38.2860690362752,3.00000035166741));
#8214=CARTESIAN_POINT('Ctrl Pts',(2.30527952589095,38.2860690362752,2.00000035166741));
#8215=CARTESIAN_POINT('',(2.30527952589095,38.2860690362752,3.00000035166741));
#8216=CARTESIAN_POINT('Ctrl Pts',(2.30527952589095,38.2860690362752,3.00000035166741));
#8217=CARTESIAN_POINT('Ctrl Pts',(2.30527952589095,38.2860690362752,2.00000035166741));
#8218=CARTESIAN_POINT('Ctrl Pts',(2.72547066487372,38.2860690362752,3.00000035166741));
#8219=CARTESIAN_POINT('Ctrl Pts',(2.72547066487372,38.2860690362752,2.00000035166741));
#8220=CARTESIAN_POINT('Ctrl Pts',(2.91766025401652,38.4400594241917,3.00000035166741));
#8221=CARTESIAN_POINT('Ctrl Pts',(2.91766025401652,38.4400594241917,2.00000035166741));
#8222=CARTESIAN_POINT('',(2.91766025401652,38.4400594241917,3.00000035166741));
#8223=CARTESIAN_POINT('Ctrl Pts',(2.91766025401652,38.4400594241917,3.00000035166741));
#8224=CARTESIAN_POINT('Ctrl Pts',(2.91766025401652,38.4400594241917,2.00000035166741));
#8225=CARTESIAN_POINT('Ctrl Pts',(3.10984991766513,38.5940498121083,3.00000035166741));
#8226=CARTESIAN_POINT('Ctrl Pts',(3.10984991766513,38.5940498121083,2.00000035166741));
#8227=CARTESIAN_POINT('Ctrl Pts',(3.10984991766513,38.8113078482449,3.00000035166741));
#8228=CARTESIAN_POINT('Ctrl Pts',(3.10984991766513,38.8113078482449,2.00000035166741));
#8229=CARTESIAN_POINT('',(3.10984991766513,38.8113078482449,3.00000035166741));
#8230=CARTESIAN_POINT('Ctrl Pts',(3.10984991766513,38.8113078482449,3.00000035166741));
#8231=CARTESIAN_POINT('Ctrl Pts',(3.10984991766513,38.8113078482449,2.00000035166741));
#8232=CARTESIAN_POINT('Ctrl Pts',(3.10984991766513,38.9999160178006,3.00000035166741));
#8233=CARTESIAN_POINT('Ctrl Pts',(3.10984991766513,38.9999160178006,2.00000035166741));
#8234=CARTESIAN_POINT('Ctrl Pts',(2.97376536108554,39.1216759391129,3.00000035166741));
#8235=CARTESIAN_POINT('Ctrl Pts',(2.97376536108554,39.1216759391129,2.00000035166741));
#8236=CARTESIAN_POINT('',(2.97376536108554,39.1216759391129,3.00000035166741));
#8237=CARTESIAN_POINT('Ctrl Pts',(2.97376536108554,39.1216759391129,3.00000035166741));
#8238=CARTESIAN_POINT('Ctrl Pts',(2.97376536108554,39.1216759391129,2.00000035166741));
#8239=CARTESIAN_POINT('Ctrl Pts',(2.84006819404662,39.2434358604253,3.00000035166741));
#8240=CARTESIAN_POINT('Ctrl Pts',(2.84006819404662,39.2434358604253,2.00000035166741));
#8241=CARTESIAN_POINT('Ctrl Pts',(2.2754365233332,39.3711642928422,3.00000035166741));
#8242=CARTESIAN_POINT('Ctrl Pts',(2.2754365233332,39.3711642928422,2.00000035166741));
#8243=CARTESIAN_POINT('',(2.2754365233332,39.3711642928422,3.00000035166741));
#8244=CARTESIAN_POINT('Ctrl Pts',(2.2754365233332,39.3711642928422,3.00000035166741));
#8245=CARTESIAN_POINT('Ctrl Pts',(2.2754365233332,39.3711642928422,2.00000035166741));
#8246=CARTESIAN_POINT('Ctrl Pts',(1.71080485261977,39.4988928742707,3.00000035166741));
#8247=CARTESIAN_POINT('Ctrl Pts',(1.71080485261977,39.4988928742707,2.00000035166741));
#8248=CARTESIAN_POINT('Ctrl Pts',(1.50070935763419,39.5943906910718,3.00000035166741));
#8249=CARTESIAN_POINT('Ctrl Pts',(1.50070935763419,39.5943906910718,2.00000035166741));
#8250=CARTESIAN_POINT('',(1.50070935763419,39.5943906910718,3.00000035166741));
#8251=CARTESIAN_POINT('Ctrl Pts',(1.50070935763419,39.5943906910718,3.00000035166741));
#8252=CARTESIAN_POINT('Ctrl Pts',(1.50070935763419,39.5943906910718,2.00000035166741));
#8253=CARTESIAN_POINT('Ctrl Pts',(1.19511589683593,39.7352501757443,3.00000035166741));
#8254=CARTESIAN_POINT('Ctrl Pts',(1.19511589683593,39.7352501757443,2.00000035166741));
#8255=CARTESIAN_POINT('Ctrl Pts',(1.04948178209365,39.9513143308461,3.0000003516674));
#8256=CARTESIAN_POINT('Ctrl Pts',(1.04948178209365,39.9513143308461,2.0000003516674));
#8257=CARTESIAN_POINT('',(1.04948178209365,39.9513143308461,3.0000003516674));
#8258=CARTESIAN_POINT('Ctrl Pts',(1.04948178209365,39.9513143308461,3.0000003516674));
#8259=CARTESIAN_POINT('Ctrl Pts',(1.04948178209365,39.9513143308461,2.0000003516674));
#8260=CARTESIAN_POINT('Ctrl Pts',(0.903847369328145,40.1673784859479,3.0000003516674));
#8261=CARTESIAN_POINT('Ctrl Pts',(0.903847369328145,40.1673784859479,2.0000003516674));
#8262=CARTESIAN_POINT('Ctrl Pts',(0.903847369328145,40.449097455293,3.0000003516674));
#8263=CARTESIAN_POINT('Ctrl Pts',(0.903847369328145,40.449097455293,2.0000003516674));
#8264=CARTESIAN_POINT('',(0.903847369328145,40.449097455293,3.0000003516674));
#8265=CARTESIAN_POINT('Ctrl Pts',(0.903847369328145,40.449097455293,3.0000003516674));
#8266=CARTESIAN_POINT('Ctrl Pts',(0.903847369328145,40.449097455293,2.0000003516674));
#8267=CARTESIAN_POINT('Ctrl Pts',(0.903847369328145,40.7284289605916,3.0000003516674));
#8268=CARTESIAN_POINT('Ctrl Pts',(0.903847369328145,40.7284289605916,2.0000003516674));
#8269=CARTESIAN_POINT('Ctrl Pts',(1.06380626834929,40.9755298502743,3.0000003516674));
#8270=CARTESIAN_POINT('Ctrl Pts',(1.06380626834929,40.9755298502743,2.0000003516674));
#8271=CARTESIAN_POINT('',(1.06380626834929,40.9755298502743,3.0000003516674));
#8272=CARTESIAN_POINT('Ctrl Pts',(1.06380626834929,40.9755298502743,3.0000003516674));
#8273=CARTESIAN_POINT('Ctrl Pts',(1.06380626834929,40.9755298502743,2.0000003516674));
#8274=CARTESIAN_POINT('Ctrl Pts',(1.22376546539367,41.2226310379803,3.00000035166741));
#8275=CARTESIAN_POINT('Ctrl Pts',(1.22376546539367,41.2226310379803,2.00000035166741));
#8276=CARTESIAN_POINT('Ctrl Pts',(1.52339011706413,41.3599091775716,3.00000035166741));
#8277=CARTESIAN_POINT('Ctrl Pts',(1.52339011706413,41.3599091775716,2.00000035166741));
#8278=CARTESIAN_POINT('',(1.52339011706413,41.3599091775716,3.00000035166741));
#8279=CARTESIAN_POINT('Ctrl Pts',(1.52339011706413,41.3599091775716,3.00000035166741));
#8280=CARTESIAN_POINT('Ctrl Pts',(1.52339011706413,41.3599091775716,2.00000035166741));
#8281=CARTESIAN_POINT('Ctrl Pts',(1.82301491774619,41.497187615186,3.00000035166741));
#8282=CARTESIAN_POINT('Ctrl Pts',(1.82301491774619,41.497187615186,2.00000035166741));
#8283=CARTESIAN_POINT('Ctrl Pts',(2.19784438885749,41.497187615186,3.00000035166741));
#8284=CARTESIAN_POINT('Ctrl Pts',(2.19784438885749,41.497187615186,2.00000035166741));
#8285=CARTESIAN_POINT('',(2.19784438885749,41.497187615186,3.00000035166741));
#8286=CARTESIAN_POINT('Ctrl Pts',(2.19784438885749,41.497187615186,3.00000035166741));
#8287=CARTESIAN_POINT('Ctrl Pts',(2.19784438885749,41.497187615186,2.00000035166741));
#8288=CARTESIAN_POINT('Ctrl Pts',(2.67294675387443,41.497187615186,3.00000035166741));
#8289=CARTESIAN_POINT('Ctrl Pts',(2.67294675387443,41.497187615186,2.00000035166741));
#8290=CARTESIAN_POINT('Ctrl Pts',(2.994058656469,41.3587155945599,3.00000035166741));
#8291=CARTESIAN_POINT('Ctrl Pts',(2.994058656469,41.3587155945599,2.00000035166741));
#8292=CARTESIAN_POINT('',(2.994058656469,41.3587155945599,3.00000035166741));
#8293=CARTESIAN_POINT('Ctrl Pts',(2.994058656469,41.3587155945599,3.00000035166741));
#8294=CARTESIAN_POINT('Ctrl Pts',(2.994058656469,41.3587155945599,2.00000035166741));
#8295=CARTESIAN_POINT('Ctrl Pts',(3.31517048455776,41.2202435739338,3.00000035166741));
#8296=CARTESIAN_POINT('Ctrl Pts',(3.31517048455776,41.2202435739338,2.00000035166741));
#8297=CARTESIAN_POINT('Ctrl Pts',(3.49781029202044,40.9421056516469,3.00000035166741));
#8298=CARTESIAN_POINT('Ctrl Pts',(3.49781029202044,40.9421056516469,2.00000035166741));
#8299=CARTESIAN_POINT('Origin',(-3.633498891294,39.6875014908612,2.0000003516674));
#8300=CARTESIAN_POINT('',(-10.9569977196306,37.923176587373,2.0000003516674));
#8301=CARTESIAN_POINT('',(-10.9569977196306,41.4375013120473,2.0000003516674));
#8302=CARTESIAN_POINT('',(-10.9569977196306,37.923176587373,2.0000003516674));
#8303=CARTESIAN_POINT('',(-10.6800542744249,37.923176587373,2.0000003516674));
#8304=CARTESIAN_POINT('',(-10.6800542744249,37.923176587373,2.0000003516674));
#8305=CARTESIAN_POINT('',(-10.2980624111742,38.3911165602505,2.0000003516674));
#8306=CARTESIAN_POINT('Ctrl Pts',(-10.2980624111742,38.3911165602505,2.0000003516674));
#8307=CARTESIAN_POINT('Ctrl Pts',(-10.5678437622636,38.1499841816724,2.0000003516674));
#8308=CARTESIAN_POINT('Ctrl Pts',(-10.6800542744249,37.923176587373,2.0000003516674));
#8309=CARTESIAN_POINT('',(-9.66777547918259,38.8017576940358,2.0000003516674));
#8310=CARTESIAN_POINT('Ctrl Pts',(-9.66777547918259,38.8017576940358,2.0000003516674));
#8311=CARTESIAN_POINT('Ctrl Pts',(-10.0282798679918,38.6322489388287,2.0000003516674));
#8312=CARTESIAN_POINT('Ctrl Pts',(-10.2980624111742,38.3911165602505,2.0000003516674));
#8313=CARTESIAN_POINT('',(-9.66777547918259,39.217173755914,2.0000003516674));
#8314=CARTESIAN_POINT('',(-9.66777547918259,39.217173755914,2.0000003516674));
#8315=CARTESIAN_POINT('',(-10.1201973827928,38.9951410897076,2.0000003516674));
#8316=CARTESIAN_POINT('Ctrl Pts',(-10.1201973827928,38.9951410897076,2.0000003516674));
#8317=CARTESIAN_POINT('Ctrl Pts',(-9.86832126699387,39.1431629665196,2.0000003516674));
#8318=CARTESIAN_POINT('Ctrl Pts',(-9.66777547918259,39.217173755914,2.0000003516674));
#8319=CARTESIAN_POINT('',(-10.5272565754503,38.6990973360837,2.0000003516674));
#8320=CARTESIAN_POINT('Ctrl Pts',(-10.5272565754503,38.6990973360837,2.0000003516674));
#8321=CARTESIAN_POINT('Ctrl Pts',(-10.3720734985918,38.8471192128956,2.0000003516674));
#8322=CARTESIAN_POINT('Ctrl Pts',(-10.1201973827928,38.9951410897076,2.0000003516674));
#8323=CARTESIAN_POINT('',(-10.5272565754503,41.4375013120473,2.0000003516674));
#8324=CARTESIAN_POINT('',(-10.5272565754503,41.4375013120473,2.0000003516674));
#8325=CARTESIAN_POINT('',(-10.9569977196306,41.4375013120473,2.0000003516674));
#8326=CARTESIAN_POINT('Origin',(-10.9569977196306,37.923176587373,3.0000003516674));
#8327=CARTESIAN_POINT('',(-10.9569977196306,37.923176587373,3.0000003516674));
#8328=CARTESIAN_POINT('',(-10.9569977196306,41.4375013120473,3.0000003516674));
#8329=CARTESIAN_POINT('Origin',(-10.9569977196306,41.4375013120473,3.0000003516674));
#8330=CARTESIAN_POINT('',(-10.5272565754503,41.4375013120473,3.0000003516674));
#8331=CARTESIAN_POINT('Origin',(-10.5272565754503,41.4375013120473,3.0000003516674));
#8332=CARTESIAN_POINT('',(-10.5272565754503,38.6990973360837,3.0000003516674));
#8333=CARTESIAN_POINT('Ctrl Pts',(-10.5272565754503,38.6990973360837,3.0000003516674));
#8334=CARTESIAN_POINT('Ctrl Pts',(-10.5272565754503,38.6990973360837,2.0000003516674));
#8335=CARTESIAN_POINT('Ctrl Pts',(-10.3720734985918,38.8471192128956,3.0000003516674));
#8336=CARTESIAN_POINT('Ctrl Pts',(-10.3720734985918,38.8471192128956,2.0000003516674));
#8337=CARTESIAN_POINT('Ctrl Pts',(-10.1201973827928,38.9951410897076,3.0000003516674));
#8338=CARTESIAN_POINT('Ctrl Pts',(-10.1201973827928,38.9951410897076,2.0000003516674));
#8339=CARTESIAN_POINT('',(-10.1201973827928,38.9951410897076,3.0000003516674));
#8340=CARTESIAN_POINT('Ctrl Pts',(-10.1201973827928,38.9951410897076,3.0000003516674));
#8341=CARTESIAN_POINT('Ctrl Pts',(-10.1201973827928,38.9951410897076,2.0000003516674));
#8342=CARTESIAN_POINT('Ctrl Pts',(-9.86832126699387,39.1431629665196,3.0000003516674));
#8343=CARTESIAN_POINT('Ctrl Pts',(-9.86832126699387,39.1431629665196,2.0000003516674));
#8344=CARTESIAN_POINT('Ctrl Pts',(-9.66777547918259,39.217173755914,3.0000003516674));
#8345=CARTESIAN_POINT('Ctrl Pts',(-9.66777547918259,39.217173755914,2.0000003516674));
#8346=CARTESIAN_POINT('',(-9.66777547918259,39.217173755914,3.0000003516674));
#8347=CARTESIAN_POINT('Origin',(-9.66777547918259,39.217173755914,3.0000003516674));
#8348=CARTESIAN_POINT('',(-9.66777547918259,38.8017576940358,3.0000003516674));
#8349=CARTESIAN_POINT('Ctrl Pts',(-9.66777547918259,38.8017576940358,3.0000003516674));
#8350=CARTESIAN_POINT('Ctrl Pts',(-9.66777547918259,38.8017576940358,2.0000003516674));
#8351=CARTESIAN_POINT('Ctrl Pts',(-10.0282798679918,38.6322489388287,3.0000003516674));
#8352=CARTESIAN_POINT('Ctrl Pts',(-10.0282798679918,38.6322489388287,2.0000003516674));
#8353=CARTESIAN_POINT('Ctrl Pts',(-10.2980624111742,38.3911165602505,3.0000003516674));
#8354=CARTESIAN_POINT('Ctrl Pts',(-10.2980624111742,38.3911165602505,2.0000003516674));
#8355=CARTESIAN_POINT('',(-10.2980624111742,38.3911165602505,3.0000003516674));
#8356=CARTESIAN_POINT('Ctrl Pts',(-10.2980624111742,38.3911165602505,3.0000003516674));
#8357=CARTESIAN_POINT('Ctrl Pts',(-10.2980624111742,38.3911165602505,2.0000003516674));
#8358=CARTESIAN_POINT('Ctrl Pts',(-10.5678437622636,38.1499841816724,3.0000003516674));
#8359=CARTESIAN_POINT('Ctrl Pts',(-10.5678437622636,38.1499841816724,2.0000003516674));
#8360=CARTESIAN_POINT('Ctrl Pts',(-10.6800542744249,37.923176587373,3.0000003516674));
#8361=CARTESIAN_POINT('Ctrl Pts',(-10.6800542744249,37.923176587373,2.0000003516674));
#8362=CARTESIAN_POINT('',(-10.6800542744249,37.923176587373,3.0000003516674));
#8363=CARTESIAN_POINT('Origin',(-10.6800542744249,37.923176587373,3.0000003516674));
#8364=CARTESIAN_POINT('Origin',(-3.633498891294,39.6875014908612,2.0000003516674));
#8365=CARTESIAN_POINT('',(-8.42630132757126,41.4375013120473,2.0000003516674));
#8366=CARTESIAN_POINT('',(-7.99656137548386,41.4375013120473,2.0000003516674));
#8367=CARTESIAN_POINT('',(-8.42630132757126,41.4375013120473,2.0000003516674));
#8368=CARTESIAN_POINT('',(-8.42630132757126,40.5995067961514,2.0000003516674));
#8369=CARTESIAN_POINT('',(-8.42630132757126,40.5995067961514,2.0000003516674));
#8370=CARTESIAN_POINT('',(-8.89901622854172,40.5995067961514,2.0000003516674));
#8371=CARTESIAN_POINT('',(-8.89901622854172,40.5995067961514,2.0000003516674));
#8372=CARTESIAN_POINT('',(-8.89901622854172,40.2055779106915,2.0000003516674));
#8373=CARTESIAN_POINT('',(-8.89901622854172,40.2055779106915,2.0000003516674));
#8374=CARTESIAN_POINT('',(-8.42630132757126,40.2055779106915,2.0000003516674));
#8375=CARTESIAN_POINT('',(-8.42630132757126,40.2055779106915,2.0000003516674));
#8376=CARTESIAN_POINT('',(-8.42630132757126,37.9375013716519,2.0000003516674));
#8377=CARTESIAN_POINT('',(-8.42630132757126,37.9375013716519,2.0000003516674));
#8378=CARTESIAN_POINT('',(-8.07534679494797,37.9375013716519,2.0000003516674));
#8379=CARTESIAN_POINT('',(-8.07534679494797,37.9375013716519,2.0000003516674));
#8380=CARTESIAN_POINT('',(-6.47814377866684,40.2055779106915,2.0000003516674));
#8381=CARTESIAN_POINT('',(-6.47814377866684,40.2055779106915,2.0000003516674));
#8382=CARTESIAN_POINT('',(-6.47814377866684,40.5995067961514,2.0000003516674));
#8383=CARTESIAN_POINT('',(-6.47814377866684,40.5995067961514,2.0000003516674));
#8384=CARTESIAN_POINT('',(-7.99656137548386,40.5995067961514,2.0000003516674));
#8385=CARTESIAN_POINT('',(-7.99656137548386,40.5995067961514,2.0000003516674));
#8386=CARTESIAN_POINT('',(-7.99656137548386,41.4375013120473,2.0000003516674));
#8387=CARTESIAN_POINT('',(-6.90072163663803,40.2055779106915,2.0000003516674));
#8388=CARTESIAN_POINT('',(-7.99656137548386,40.2055779106915,2.0000003516674));
#8389=CARTESIAN_POINT('',(-6.90072163663803,40.2055779106915,2.0000003516674));
#8390=CARTESIAN_POINT('',(-7.99656137548386,38.6274740107358,2.0000003516674));
#8391=CARTESIAN_POINT('',(-7.99656137548386,38.6274740107358,2.0000003516674));
#8392=CARTESIAN_POINT('',(-7.99656137548386,40.2055779106915,2.0000003516674));
#8393=CARTESIAN_POINT('Origin',(-8.42630132757126,41.4375013120473,3.0000003516674));
#8394=CARTESIAN_POINT('',(-8.42630132757126,41.4375013120473,3.0000003516674));
#8395=CARTESIAN_POINT('',(-7.99656137548386,41.4375013120473,3.0000003516674));
#8396=CARTESIAN_POINT('Origin',(-7.99656137548386,41.4375013120473,3.0000003516674));
#8397=CARTESIAN_POINT('',(-7.99656137548386,40.5995067961514,3.0000003516674));
#8398=CARTESIAN_POINT('Origin',(-7.99656137548386,40.5995067961514,3.0000003516674));
#8399=CARTESIAN_POINT('',(-6.47814377866684,40.5995067961514,3.0000003516674));
#8400=CARTESIAN_POINT('Origin',(-6.47814377866684,40.5995067961514,3.0000003516674));
#8401=CARTESIAN_POINT('',(-6.47814377866684,40.2055779106915,3.0000003516674));
#8402=CARTESIAN_POINT('Origin',(-6.47814377866684,40.2055779106915,3.0000003516674));
#8403=CARTESIAN_POINT('',(-8.07534679494797,37.9375013716519,3.0000003516674));
#8404=CARTESIAN_POINT('Origin',(-8.07534679494797,37.9375013716519,3.0000003516674));
#8405=CARTESIAN_POINT('',(-8.42630132757126,37.9375013716519,3.0000003516674));
#8406=CARTESIAN_POINT('Origin',(-8.42630132757126,37.9375013716519,3.0000003516674));
#8407=CARTESIAN_POINT('',(-8.42630132757126,40.2055779106915,3.0000003516674));
#8408=CARTESIAN_POINT('Origin',(-8.42630132757126,40.2055779106915,3.0000003516674));
#8409=CARTESIAN_POINT('',(-8.89901622854172,40.2055779106915,3.0000003516674));
#8410=CARTESIAN_POINT('Origin',(-8.89901622854172,40.2055779106915,3.0000003516674));
#8411=CARTESIAN_POINT('',(-8.89901622854172,40.5995067961514,3.0000003516674));
#8412=CARTESIAN_POINT('Origin',(-8.89901622854172,40.5995067961514,3.0000003516674));
#8413=CARTESIAN_POINT('',(-8.42630132757126,40.5995067961514,3.0000003516674));
#8414=CARTESIAN_POINT('Origin',(-8.42630132757126,40.5995067961514,3.0000003516674));
#8415=CARTESIAN_POINT('Origin',(-6.90072163663803,40.2055779106915,3.0000003516674));
#8416=CARTESIAN_POINT('',(-6.90072163663803,40.2055779106915,3.0000003516674));
#8417=CARTESIAN_POINT('',(-7.99656137548386,40.2055779106915,3.0000003516674));
#8418=CARTESIAN_POINT('Origin',(-7.99656137548386,40.2055779106915,3.0000003516674));
#8419=CARTESIAN_POINT('',(-7.99656137548386,38.6274740107358,3.0000003516674));
#8420=CARTESIAN_POINT('Origin',(-7.99656137548386,38.6274740107358,3.0000003516674));
#8421=CARTESIAN_POINT('Origin',(-3.633498891294,39.6875014908612,2.0000003516674));
#8422=CARTESIAN_POINT('',(-3.99519785962999,41.4375013120473,2.0000003516674));
#8423=CARTESIAN_POINT('',(-3.53203281484544,41.4375013120473,2.0000003516674));
#8424=CARTESIAN_POINT('',(-3.99519785962999,41.4375013120473,2.0000003516674));
#8425=CARTESIAN_POINT('',(-3.99519785962999,40.0145819790662,2.0000003516674));
#8426=CARTESIAN_POINT('',(-3.99519785962999,40.0145819790662,2.0000003516674));
#8427=CARTESIAN_POINT('',(-4.89287838064134,40.0145819790662,2.0000003516674));
#8428=CARTESIAN_POINT('',(-4.89287838064134,40.0145819790662,2.0000003516674));
#8429=CARTESIAN_POINT('',(-5.91948136411606,39.7054073221982,2.0000003516674));
#8430=CARTESIAN_POINT('Ctrl Pts',(-5.91948136411606,39.7054073221982,2.0000003516674));
#8431=CARTESIAN_POINT('Ctrl Pts',(-5.63537522874772,40.0145819790662,2.0000003516674));
#8432=CARTESIAN_POINT('Ctrl Pts',(-4.89287838064134,40.0145819790662,2.0000003516674));
#8433=CARTESIAN_POINT('',(-6.20358809553086,38.9497797198594,2.0000003516674));
#8434=CARTESIAN_POINT('Ctrl Pts',(-6.20358809553086,38.9497797198594,2.0000003516674));
#8435=CARTESIAN_POINT('Ctrl Pts',(-6.20358809553086,39.3962326653302,2.0000003516674));
#8436=CARTESIAN_POINT('Ctrl Pts',(-5.91948136411606,39.7054073221982,2.0000003516674));
#8437=CARTESIAN_POINT('',(-6.09734639249741,38.4722900398076,2.0000003516674));
#8438=CARTESIAN_POINT('Ctrl Pts',(-6.09734639249741,38.4722900398076,2.0000003516674));
#8439=CARTESIAN_POINT('Ctrl Pts',(-6.20358809553086,38.689547777921,2.0000003516674));
#8440=CARTESIAN_POINT('Ctrl Pts',(-6.20358809553086,38.9497797198594,2.0000003516674));
#8441=CARTESIAN_POINT('',(-5.81682130418717,38.1344658143819,2.0000003516674));
#8442=CARTESIAN_POINT('Ctrl Pts',(-5.81682130418717,38.1344658143819,2.0000003516674));
#8443=CARTESIAN_POINT('Ctrl Pts',(-5.99110528551041,38.2550320036709,2.0000003516674));
#8444=CARTESIAN_POINT('Ctrl Pts',(-6.09734639249741,38.4722900398076,2.0000003516674));
#8445=CARTESIAN_POINT('',(-5.38469299398362,37.9709255702794,2.0000003516674));
#8446=CARTESIAN_POINT('Ctrl Pts',(-5.38469299398362,37.9709255702794,2.0000003516674));
#8447=CARTESIAN_POINT('Ctrl Pts',(-5.64253791891037,38.013899923116,2.0000003516674));
#8448=CARTESIAN_POINT('Ctrl Pts',(-5.81682130418717,38.1344658143819,2.0000003516674));
#8449=CARTESIAN_POINT('',(-4.85229238592088,37.9375013716519,2.0000003516674));
#8450=CARTESIAN_POINT('Ctrl Pts',(-4.85229238592088,37.9375013716519,2.0000003516674));
#8451=CARTESIAN_POINT('Ctrl Pts',(-5.20085975252092,37.9375013716519,2.0000003516674));
#8452=CARTESIAN_POINT('Ctrl Pts',(-5.38469299398362,37.9709255702794,2.0000003516674));
#8453=CARTESIAN_POINT('',(-3.53203281484544,37.9375013716519,2.0000003516674));
#8454=CARTESIAN_POINT('',(-3.53203281484544,37.9375013716519,2.0000003516674));
#8455=CARTESIAN_POINT('',(-3.53203281484544,41.4375013120473,2.0000003516674));
#8456=CARTESIAN_POINT('',(-3.99519785962999,38.3505299694836,2.0000003516674));
#8457=CARTESIAN_POINT('',(-3.99519785962999,39.6015533812344,2.0000003516674));
#8458=CARTESIAN_POINT('',(-3.99519785962999,38.3505299694836,2.0000003516674));
#8459=CARTESIAN_POINT('',(-4.89049121461809,38.3505299694836,2.0000003516674));
#8460=CARTESIAN_POINT('',(-4.89049121461809,38.3505299694836,2.0000003516674));
#8461=CARTESIAN_POINT('',(-5.32261952482164,38.3815670020878,2.0000003516674));
#8462=CARTESIAN_POINT('Ctrl Pts',(-5.32261952482164,38.3815670020878,2.0000003516674));
#8463=CARTESIAN_POINT('Ctrl Pts',(-5.20563468061388,38.3505299694836,2.0000003516674));
#8464=CARTESIAN_POINT('Ctrl Pts',(-4.89049121461809,38.3505299694836,2.0000003516674));
#8465=CARTESIAN_POINT('',(-5.61508163534104,38.5880813010037,2.0000003516674));
#8466=CARTESIAN_POINT('Ctrl Pts',(-5.61508163534104,38.5880813010037,2.0000003516674));
#8467=CARTESIAN_POINT('Ctrl Pts',(-5.50406560026109,38.4317034490407,2.0000003516674));
#8468=CARTESIAN_POINT('Ctrl Pts',(-5.32261952482164,38.3815670020878,2.0000003516674));
#8469=CARTESIAN_POINT('',(-5.72609826646744,38.9641043551266,2.0000003516674));
#8470=CARTESIAN_POINT('Ctrl Pts',(-5.72609826646744,38.9641043551266,2.0000003516674));
#8471=CARTESIAN_POINT('Ctrl Pts',(-5.72609826646744,38.7444591529668,2.0000003516674));
#8472=CARTESIAN_POINT('Ctrl Pts',(-5.61508163534104,38.5880813010037,2.0000003516674));
#8473=CARTESIAN_POINT('',(-5.53749009691178,39.4344317920506,2.0000003516674));
#8474=CARTESIAN_POINT('Ctrl Pts',(-5.53749009691178,39.4344317920506,2.0000003516674));
#8475=CARTESIAN_POINT('Ctrl Pts',(-5.72609826646744,39.2673103518784,2.0000003516674));
#8476=CARTESIAN_POINT('Ctrl Pts',(-5.72609826646744,38.9641043551266,2.0000003516674));
#8477=CARTESIAN_POINT('',(-4.900041070804,39.6015533812344,2.0000003516674));
#8478=CARTESIAN_POINT('Ctrl Pts',(-4.900041070804,39.6015533812344,2.0000003516674));
#8479=CARTESIAN_POINT('Ctrl Pts',(-5.34888133130968,39.6015533812344,2.0000003516674));
#8480=CARTESIAN_POINT('Ctrl Pts',(-5.53749009691178,39.4344317920506,2.0000003516674));
#8481=CARTESIAN_POINT('',(-3.99519785962999,39.6015533812344,2.0000003516674));
#8482=CARTESIAN_POINT('Origin',(-3.99519785962998,41.4375013120473,3.0000003516674));
#8483=CARTESIAN_POINT('',(-3.99519785962998,41.4375013120473,3.0000003516674));
#8484=CARTESIAN_POINT('',(-3.53203281484543,41.4375013120473,3.0000003516674));
#8485=CARTESIAN_POINT('Origin',(-3.53203281484543,41.4375013120473,3.0000003516674));
#8486=CARTESIAN_POINT('',(-3.53203281484543,37.9375013716519,3.0000003516674));
#8487=CARTESIAN_POINT('Origin',(-3.53203281484543,37.9375013716519,3.0000003516674));
#8488=CARTESIAN_POINT('',(-4.85229238592087,37.9375013716519,3.0000003516674));
#8489=CARTESIAN_POINT('Ctrl Pts',(-4.85229238592087,37.9375013716519,3.0000003516674));
#8490=CARTESIAN_POINT('Ctrl Pts',(-4.85229238592087,37.9375013716519,2.0000003516674));
#8491=CARTESIAN_POINT('Ctrl Pts',(-5.20085975252091,37.9375013716519,3.0000003516674));
#8492=CARTESIAN_POINT('Ctrl Pts',(-5.20085975252091,37.9375013716519,2.0000003516674));
#8493=CARTESIAN_POINT('Ctrl Pts',(-5.38469299398361,37.9709255702794,3.0000003516674));
#8494=CARTESIAN_POINT('Ctrl Pts',(-5.38469299398361,37.9709255702794,2.0000003516674));
#8495=CARTESIAN_POINT('',(-5.38469299398361,37.9709255702794,3.0000003516674));
#8496=CARTESIAN_POINT('Ctrl Pts',(-5.38469299398361,37.9709255702794,3.0000003516674));
#8497=CARTESIAN_POINT('Ctrl Pts',(-5.38469299398361,37.9709255702794,2.0000003516674));
#8498=CARTESIAN_POINT('Ctrl Pts',(-5.64253791891037,38.013899923116,3.0000003516674));
#8499=CARTESIAN_POINT('Ctrl Pts',(-5.64253791891037,38.013899923116,2.0000003516674));
#8500=CARTESIAN_POINT('Ctrl Pts',(-5.81682130418717,38.1344658143819,3.0000003516674));
#8501=CARTESIAN_POINT('Ctrl Pts',(-5.81682130418717,38.1344658143819,2.0000003516674));
#8502=CARTESIAN_POINT('',(-5.81682130418717,38.1344658143819,3.0000003516674));
#8503=CARTESIAN_POINT('Ctrl Pts',(-5.81682130418717,38.1344658143819,3.0000003516674));
#8504=CARTESIAN_POINT('Ctrl Pts',(-5.81682130418717,38.1344658143819,2.0000003516674));
#8505=CARTESIAN_POINT('Ctrl Pts',(-5.99110528551041,38.2550320036709,3.0000003516674));
#8506=CARTESIAN_POINT('Ctrl Pts',(-5.99110528551041,38.2550320036709,2.0000003516674));
#8507=CARTESIAN_POINT('Ctrl Pts',(-6.09734639249741,38.4722900398076,3.0000003516674));
#8508=CARTESIAN_POINT('Ctrl Pts',(-6.09734639249741,38.4722900398076,2.0000003516674));
#8509=CARTESIAN_POINT('',(-6.09734639249741,38.4722900398076,3.0000003516674));
#8510=CARTESIAN_POINT('Ctrl Pts',(-6.09734639249741,38.4722900398076,3.0000003516674));
#8511=CARTESIAN_POINT('Ctrl Pts',(-6.09734639249741,38.4722900398076,2.0000003516674));
#8512=CARTESIAN_POINT('Ctrl Pts',(-6.20358809553086,38.689547777921,3.0000003516674));
#8513=CARTESIAN_POINT('Ctrl Pts',(-6.20358809553086,38.689547777921,2.0000003516674));
#8514=CARTESIAN_POINT('Ctrl Pts',(-6.20358809553086,38.9497797198594,3.0000003516674));
#8515=CARTESIAN_POINT('Ctrl Pts',(-6.20358809553086,38.9497797198594,2.0000003516674));
#8516=CARTESIAN_POINT('',(-6.20358809553086,38.9497797198594,3.0000003516674));
#8517=CARTESIAN_POINT('Ctrl Pts',(-6.20358809553086,38.9497797198594,3.0000003516674));
#8518=CARTESIAN_POINT('Ctrl Pts',(-6.20358809553086,38.9497797198594,2.0000003516674));
#8519=CARTESIAN_POINT('Ctrl Pts',(-6.20358809553086,39.3962326653302,3.0000003516674));
#8520=CARTESIAN_POINT('Ctrl Pts',(-6.20358809553086,39.3962326653302,2.0000003516674));
#8521=CARTESIAN_POINT('Ctrl Pts',(-5.91948136411606,39.7054073221982,3.0000003516674));
#8522=CARTESIAN_POINT('Ctrl Pts',(-5.91948136411606,39.7054073221982,2.0000003516674));
#8523=CARTESIAN_POINT('',(-5.91948136411606,39.7054073221982,3.0000003516674));
#8524=CARTESIAN_POINT('Ctrl Pts',(-5.91948136411606,39.7054073221982,3.0000003516674));
#8525=CARTESIAN_POINT('Ctrl Pts',(-5.91948136411606,39.7054073221982,2.0000003516674));
#8526=CARTESIAN_POINT('Ctrl Pts',(-5.63537522874772,40.0145819790662,3.0000003516674));
#8527=CARTESIAN_POINT('Ctrl Pts',(-5.63537522874772,40.0145819790662,2.0000003516674));
#8528=CARTESIAN_POINT('Ctrl Pts',(-4.89287838064133,40.0145819790662,3.0000003516674));
#8529=CARTESIAN_POINT('Ctrl Pts',(-4.89287838064133,40.0145819790662,2.0000003516674));
#8530=CARTESIAN_POINT('',(-4.89287838064133,40.0145819790662,3.0000003516674));
#8531=CARTESIAN_POINT('Origin',(-4.89287838064133,40.0145819790662,3.0000003516674));
#8532=CARTESIAN_POINT('',(-3.99519785962998,40.0145819790662,3.0000003516674));
#8533=CARTESIAN_POINT('Origin',(-3.99519785962998,40.0145819790662,3.0000003516674));
#8534=CARTESIAN_POINT('Origin',(-3.99519785962998,38.3505299694836,3.0000003516674));
#8535=CARTESIAN_POINT('',(-3.99519785962998,38.3505299694836,3.0000003516674));
#8536=CARTESIAN_POINT('',(-3.99519785962998,39.6015533812344,3.0000003516674));
#8537=CARTESIAN_POINT('Origin',(-3.99519785962998,39.6015533812344,3.0000003516674));
#8538=CARTESIAN_POINT('',(-4.90004107080399,39.6015533812344,3.0000003516674));
#8539=CARTESIAN_POINT('Ctrl Pts',(-4.90004107080399,39.6015533812344,3.0000003516674));
#8540=CARTESIAN_POINT('Ctrl Pts',(-4.90004107080399,39.6015533812344,2.0000003516674));
#8541=CARTESIAN_POINT('Ctrl Pts',(-5.34888133130967,39.6015533812344,3.0000003516674));
#8542=CARTESIAN_POINT('Ctrl Pts',(-5.34888133130967,39.6015533812344,2.0000003516674));
#8543=CARTESIAN_POINT('Ctrl Pts',(-5.53749009691178,39.4344317920506,3.0000003516674));
#8544=CARTESIAN_POINT('Ctrl Pts',(-5.53749009691178,39.4344317920506,2.0000003516674));
#8545=CARTESIAN_POINT('',(-5.53749009691178,39.4344317920506,3.0000003516674));
#8546=CARTESIAN_POINT('Ctrl Pts',(-5.53749009691178,39.4344317920506,3.0000003516674));
#8547=CARTESIAN_POINT('Ctrl Pts',(-5.53749009691178,39.4344317920506,2.0000003516674));
#8548=CARTESIAN_POINT('Ctrl Pts',(-5.72609826646744,39.2673103518784,3.0000003516674));
#8549=CARTESIAN_POINT('Ctrl Pts',(-5.72609826646744,39.2673103518784,2.0000003516674));
#8550=CARTESIAN_POINT('Ctrl Pts',(-5.72609826646744,38.9641043551266,3.0000003516674));
#8551=CARTESIAN_POINT('Ctrl Pts',(-5.72609826646744,38.9641043551266,2.0000003516674));
#8552=CARTESIAN_POINT('',(-5.72609826646744,38.9641043551266,3.0000003516674));
#8553=CARTESIAN_POINT('Ctrl Pts',(-5.72609826646744,38.9641043551266,3.0000003516674));
#8554=CARTESIAN_POINT('Ctrl Pts',(-5.72609826646744,38.9641043551266,2.0000003516674));
#8555=CARTESIAN_POINT('Ctrl Pts',(-5.72609826646744,38.7444591529668,3.0000003516674));
#8556=CARTESIAN_POINT('Ctrl Pts',(-5.72609826646744,38.7444591529668,2.0000003516674));
#8557=CARTESIAN_POINT('Ctrl Pts',(-5.61508163534104,38.5880813010037,3.0000003516674));
#8558=CARTESIAN_POINT('Ctrl Pts',(-5.61508163534104,38.5880813010037,2.0000003516674));
#8559=CARTESIAN_POINT('',(-5.61508163534104,38.5880813010037,3.0000003516674));
#8560=CARTESIAN_POINT('Ctrl Pts',(-5.61508163534104,38.5880813010037,3.0000003516674));
#8561=CARTESIAN_POINT('Ctrl Pts',(-5.61508163534104,38.5880813010037,2.0000003516674));
#8562=CARTESIAN_POINT('Ctrl Pts',(-5.50406560026108,38.4317034490407,3.0000003516674));
#8563=CARTESIAN_POINT('Ctrl Pts',(-5.50406560026108,38.4317034490407,2.0000003516674));
#8564=CARTESIAN_POINT('Ctrl Pts',(-5.32261952482163,38.3815670020878,3.0000003516674));
#8565=CARTESIAN_POINT('Ctrl Pts',(-5.32261952482163,38.3815670020878,2.0000003516674));
#8566=CARTESIAN_POINT('',(-5.32261952482163,38.3815670020878,3.0000003516674));
#8567=CARTESIAN_POINT('Ctrl Pts',(-5.32261952482163,38.3815670020878,3.0000003516674));
#8568=CARTESIAN_POINT('Ctrl Pts',(-5.32261952482163,38.3815670020878,2.0000003516674));
#8569=CARTESIAN_POINT('Ctrl Pts',(-5.20563468061387,38.3505299694836,3.0000003516674));
#8570=CARTESIAN_POINT('Ctrl Pts',(-5.20563468061387,38.3505299694836,2.0000003516674));
#8571=CARTESIAN_POINT('Ctrl Pts',(-4.89049121461808,38.3505299694836,3.0000003516674));
#8572=CARTESIAN_POINT('Ctrl Pts',(-4.89049121461808,38.3505299694836,2.0000003516674));
#8573=CARTESIAN_POINT('',(-4.89049121461808,38.3505299694836,3.0000003516674));
#8574=CARTESIAN_POINT('Origin',(-4.89049121461808,38.3505299694836,3.0000003516674));
#8575=CARTESIAN_POINT('Origin',(-3.633498891294,39.6875014908612,2.0000003516674));
#8576=CARTESIAN_POINT('',(-2.39560708127915,40.064718426019,2.0000003516674));
#8577=CARTESIAN_POINT('',(-1.36661633573472,40.064718426019,2.0000003516674));
#8578=CARTESIAN_POINT('',(-2.39560708127915,40.064718426019,2.0000003516674));
#8579=CARTESIAN_POINT('',(-2.39560708127915,40.7164916403592,2.0000003516674));
#8580=CARTESIAN_POINT('',(-2.39560708127915,40.7164916403592,2.0000003516674));
#8581=CARTESIAN_POINT('',(-1.96109100900589,40.9635928280652,2.0000003516674));
#8582=CARTESIAN_POINT('Ctrl Pts',(-1.96109100900589,40.9635928280652,2.0000003516674));
#8583=CARTESIAN_POINT('Ctrl Pts',(-2.24758490644394,40.847801566869,2.0000003516674));
#8584=CARTESIAN_POINT('Ctrl Pts',(-2.39560708127915,40.7164916403592,2.0000003516674));
#8585=CARTESIAN_POINT('',(-1.37377842985093,41.0793840892613,2.0000003516674));
#8586=CARTESIAN_POINT('Ctrl Pts',(-1.37377842985093,41.0793840892613,2.0000003516674));
#8587=CARTESIAN_POINT('Ctrl Pts',(-1.67459711156784,41.0793840892613,2.0000003516674));
#8588=CARTESIAN_POINT('Ctrl Pts',(-1.96109100900589,40.9635928280652,2.0000003516674));
#8589=CARTESIAN_POINT('',(-0.71961775146424,40.9265872843564,2.0000003516674));
#8590=CARTESIAN_POINT('Ctrl Pts',(-0.71961775146424,40.9265872843564,2.0000003516674));
#8591=CARTESIAN_POINT('Ctrl Pts',(-1.02759882532059,41.0793840892613,2.0000003516674));
#8592=CARTESIAN_POINT('Ctrl Pts',(-1.37377842985093,41.0793840892613,2.0000003516674));
#8593=CARTESIAN_POINT('',(-0.25048419557511,40.4586473114789,2.00000035166741));
#8594=CARTESIAN_POINT('Ctrl Pts',(-0.25048419557511,40.4586473114789,2.00000035166741));
#8595=CARTESIAN_POINT('Ctrl Pts',(-0.41163697563111,40.7737904794514,2.00000035166741));
#8596=CARTESIAN_POINT('Ctrl Pts',(-0.71961775146424,40.9265872843564,2.0000003516674));
#8597=CARTESIAN_POINT('',(-0.0893314155191105,39.6755638726056,2.00000035166741));
#8598=CARTESIAN_POINT('Ctrl Pts',(-0.0893314155191105,39.6755638726056,
2.00000035166741));
#8599=CARTESIAN_POINT('Ctrl Pts',(-0.0893314155191105,40.1435038454831,
2.00000035166741));
#8600=CARTESIAN_POINT('Ctrl Pts',(-0.25048419557511,40.4586473114789,2.00000035166741));
#8601=CARTESIAN_POINT('',(-0.223028508052222,38.9712665982545,2.0000003516674));
#8602=CARTESIAN_POINT('Ctrl Pts',(-0.223028508052222,38.9712665982545,2.0000003516674));
#8603=CARTESIAN_POINT('Ctrl Pts',(-0.0893314155191105,39.2959597714245,
2.00000035166741));
#8604=CARTESIAN_POINT('Ctrl Pts',(-0.0893314155191105,39.6755638726056,
2.00000035166741));
#8605=CARTESIAN_POINT('',(-0.443867293223731,38.6250868447125,2.0000003516674));
#8606=CARTESIAN_POINT('Ctrl Pts',(-0.443867293223731,38.6250868447125,2.0000003516674));
#8607=CARTESIAN_POINT('Ctrl Pts',(-0.301814225539557,38.7826582796872,2.0000003516674));
#8608=CARTESIAN_POINT('Ctrl Pts',(-0.223028508052222,38.9712665982545,2.0000003516674));
#8609=CARTESIAN_POINT('',(-0.817503181323401,38.3708235628903,2.0000003516674));
#8610=CARTESIAN_POINT('Ctrl Pts',(-0.817503181323401,38.3708235628903,2.0000003516674));
#8611=CARTESIAN_POINT('Ctrl Pts',(-0.585920658931128,38.4675151117146,2.0000003516674));
#8612=CARTESIAN_POINT('Ctrl Pts',(-0.443867293223731,38.6250868447125,2.0000003516674));
#8613=CARTESIAN_POINT('',(-1.36661633573472,38.2741317160428,2.0000003516674));
#8614=CARTESIAN_POINT('Ctrl Pts',(-1.36661633573472,38.2741317160428,2.0000003516674));
#8615=CARTESIAN_POINT('Ctrl Pts',(-1.04908570371567,38.2741317160428,2.0000003516674));
#8616=CARTESIAN_POINT('Ctrl Pts',(-0.817503181323401,38.3708235628903,2.0000003516674));
#8617=CARTESIAN_POINT('',(-1.84888109289109,38.3660486347974,2.0000003516674));
#8618=CARTESIAN_POINT('Ctrl Pts',(-1.84888109289109,38.3660486347974,2.0000003516674));
#8619=CARTESIAN_POINT('Ctrl Pts',(-1.63162335477769,38.2741317160428,2.0000003516674));
#8620=CARTESIAN_POINT('Ctrl Pts',(-1.36661633573472,38.2741317160428,2.0000003516674));
#8621=CARTESIAN_POINT('',(-2.18312367521225,38.6107620604336,2.0000003516674));
#8622=CARTESIAN_POINT('Ctrl Pts',(-2.18312367521225,38.6107620604336,2.0000003516674));
#8623=CARTESIAN_POINT('Ctrl Pts',(-2.06613883100449,38.4579652555287,2.0000003516674));
#8624=CARTESIAN_POINT('Ctrl Pts',(-1.84888109289109,38.3660486347974,2.0000003516674));
#8625=CARTESIAN_POINT('',(-2.37889453493058,39.0309529013932,2.0000003516674));
#8626=CARTESIAN_POINT('Ctrl Pts',(-2.37889453493058,39.0309529013932,2.0000003516674));
#8627=CARTESIAN_POINT('Ctrl Pts',(-2.30010851942002,38.7635588653386,2.0000003516674));
#8628=CARTESIAN_POINT('Ctrl Pts',(-2.18312367521225,38.6107620604336,2.0000003516674));
#8629=CARTESIAN_POINT('',(-2.79669806085526,38.9163553722203,2.0000003516674));
#8630=CARTESIAN_POINT('',(-2.79669806085526,38.9163553722203,2.0000003516674));
#8631=CARTESIAN_POINT('',(-2.53169163785874,38.3433678753674,2.0000003516674));
#8632=CARTESIAN_POINT('Ctrl Pts',(-2.53169163785874,38.3433678753674,2.0000003516674));
#8633=CARTESIAN_POINT('Ctrl Pts',(-2.70597502313553,38.5630130775273,2.0000003516674));
#8634=CARTESIAN_POINT('Ctrl Pts',(-2.79669806085526,38.9163553722203,2.0000003516674));
#8635=CARTESIAN_POINT('',(-2.05062016569077,38.000769019872,2.0000003516674));
#8636=CARTESIAN_POINT('Ctrl Pts',(-2.05062016569077,38.000769019872,2.0000003516674));
#8637=CARTESIAN_POINT('Ctrl Pts',(-2.35740765653549,38.1237223751843,2.0000003516674));
#8638=CARTESIAN_POINT('Ctrl Pts',(-2.53169163785874,38.3433678753674,2.0000003516674));
#8639=CARTESIAN_POINT('',(-1.36422857366501,37.8778153665364,2.0000003516674));
#8640=CARTESIAN_POINT('Ctrl Pts',(-1.36422857366501,37.8778153665364,2.0000003516674));
#8641=CARTESIAN_POINT('Ctrl Pts',(-1.74383327089249,37.8778153665364,2.0000003516674));
#8642=CARTESIAN_POINT('Ctrl Pts',(-2.05062016569077,38.000769019872,2.0000003516674));
#8643=CARTESIAN_POINT('',(-0.440286246165621,38.0926856406033,2.0000003516674));
#8644=CARTESIAN_POINT('Ctrl Pts',(-0.440286246165621,38.0926856406033,2.0000003516674));
#8645=CARTESIAN_POINT('Ctrl Pts',(-0.841377523764956,37.8778153665364,2.0000003516674));
#8646=CARTESIAN_POINT('Ctrl Pts',(-1.36422857366501,37.8778153665364,2.0000003516674));
#8647=CARTESIAN_POINT('',(0.174481722489007,38.7504276640713,2.0000003516674));
#8648=CARTESIAN_POINT('Ctrl Pts',(0.174481722489007,38.7504276640713,2.0000003516674));
#8649=CARTESIAN_POINT('Ctrl Pts',(-0.0391949685662907,38.3075559146702,
2.0000003516674));
#8650=CARTESIAN_POINT('Ctrl Pts',(-0.440286246165621,38.0926856406033,2.0000003516674));
#8651=CARTESIAN_POINT('',(0.388158413544301,39.7042134411633,2.00000035166741));
#8652=CARTESIAN_POINT('Ctrl Pts',(0.388158413544301,39.7042134411633,2.00000035166741));
#8653=CARTESIAN_POINT('Ctrl Pts',(0.388158413544301,39.1932994134724,2.00000035166741));
#8654=CARTESIAN_POINT('Ctrl Pts',(0.174481722489007,38.7504276640713,2.0000003516674));
#8655=CARTESIAN_POINT('',(0.17328813947738,40.6377059228718,2.00000035166741));
#8656=CARTESIAN_POINT('Ctrl Pts',(0.17328813947738,40.6377059228718,2.00000035166741));
#8657=CARTESIAN_POINT('Ctrl Pts',(0.388158413544301,40.2199023969472,2.00000035166741));
#8658=CARTESIAN_POINT('Ctrl Pts',(0.388158413544301,39.7042134411633,2.00000035166741));
#8659=CARTESIAN_POINT('',(-0.462967005595555,41.2763485319913,2.00000035166741));
#8660=CARTESIAN_POINT('Ctrl Pts',(-0.462967005595555,41.2763485319913,2.00000035166741));
#8661=CARTESIAN_POINT('Ctrl Pts',(-0.0415824326127667,41.0555094487965,
2.00000035166741));
#8662=CARTESIAN_POINT('Ctrl Pts',(0.17328813947738,40.6377059228718,2.00000035166741));
#8663=CARTESIAN_POINT('',(-1.40004023633896,41.497187615186,2.0000003516674));
#8664=CARTESIAN_POINT('Ctrl Pts',(-1.40004023633896,41.497187615186,2.0000003516674));
#8665=CARTESIAN_POINT('Ctrl Pts',(-0.884351578578343,41.497187615186,2.0000003516674));
#8666=CARTESIAN_POINT('Ctrl Pts',(-0.462967005595555,41.2763485319913,2.00000035166741));
#8667=CARTESIAN_POINT('',(-2.1449242504686,41.3599091775716,2.0000003516674));
#8668=CARTESIAN_POINT('Ctrl Pts',(-2.1449242504686,41.3599091775716,2.0000003516674));
#8669=CARTESIAN_POINT('Ctrl Pts',(-1.7820320995897,41.497187615186,2.0000003516674));
#8670=CARTESIAN_POINT('Ctrl Pts',(-1.40004023633896,41.497187615186,2.0000003516674));
#8671=CARTESIAN_POINT('',(-2.84922226987778,40.9504619248212,2.0000003516674));
#8672=CARTESIAN_POINT('Ctrl Pts',(-2.84922226987778,40.9504619248212,2.0000003516674));
#8673=CARTESIAN_POINT('Ctrl Pts',(-2.50781640134751,41.2226310379803,2.0000003516674));
#8674=CARTESIAN_POINT('Ctrl Pts',(-2.1449242504686,41.3599091775716,2.0000003516674));
#8675=CARTESIAN_POINT('',(-2.84922226987778,39.651689530164,2.0000003516674));
#8676=CARTESIAN_POINT('',(-2.84922226987778,39.651689530164,2.0000003516674));
#8677=CARTESIAN_POINT('',(-1.36661633573472,39.6540769942105,2.0000003516674));
#8678=CARTESIAN_POINT('',(-1.36661633573472,39.6540769942105,2.0000003516674));
#8679=CARTESIAN_POINT('',(-1.36661633573472,40.064718426019,2.0000003516674));
#8680=CARTESIAN_POINT('Origin',(-2.39560708127915,40.064718426019,3.0000003516674));
#8681=CARTESIAN_POINT('',(-2.39560708127915,40.064718426019,3.0000003516674));
#8682=CARTESIAN_POINT('',(-1.36661633573472,40.064718426019,3.0000003516674));
#8683=CARTESIAN_POINT('Origin',(-1.36661633573472,40.064718426019,3.0000003516674));
#8684=CARTESIAN_POINT('',(-1.36661633573472,39.6540769942105,3.0000003516674));
#8685=CARTESIAN_POINT('Origin',(-1.36661633573472,39.6540769942105,3.0000003516674));
#8686=CARTESIAN_POINT('',(-2.84922226987778,39.651689530164,3.0000003516674));
#8687=CARTESIAN_POINT('Origin',(-2.84922226987778,39.651689530164,3.0000003516674));
#8688=CARTESIAN_POINT('',(-2.84922226987778,40.9504619248212,3.0000003516674));
#8689=CARTESIAN_POINT('Ctrl Pts',(-2.84922226987778,40.9504619248212,3.0000003516674));
#8690=CARTESIAN_POINT('Ctrl Pts',(-2.84922226987778,40.9504619248212,2.0000003516674));
#8691=CARTESIAN_POINT('Ctrl Pts',(-2.50781640134751,41.2226310379803,3.0000003516674));
#8692=CARTESIAN_POINT('Ctrl Pts',(-2.50781640134751,41.2226310379803,2.0000003516674));
#8693=CARTESIAN_POINT('Ctrl Pts',(-2.1449242504686,41.3599091775716,3.0000003516674));
#8694=CARTESIAN_POINT('Ctrl Pts',(-2.1449242504686,41.3599091775716,2.0000003516674));
#8695=CARTESIAN_POINT('',(-2.1449242504686,41.3599091775716,3.0000003516674));
#8696=CARTESIAN_POINT('Ctrl Pts',(-2.1449242504686,41.3599091775716,3.0000003516674));
#8697=CARTESIAN_POINT('Ctrl Pts',(-2.1449242504686,41.3599091775716,2.0000003516674));
#8698=CARTESIAN_POINT('Ctrl Pts',(-1.7820320995897,41.497187615186,3.0000003516674));
#8699=CARTESIAN_POINT('Ctrl Pts',(-1.7820320995897,41.497187615186,2.0000003516674));
#8700=CARTESIAN_POINT('Ctrl Pts',(-1.40004023633896,41.497187615186,3.0000003516674));
#8701=CARTESIAN_POINT('Ctrl Pts',(-1.40004023633896,41.497187615186,2.0000003516674));
#8702=CARTESIAN_POINT('',(-1.40004023633896,41.497187615186,3.0000003516674));
#8703=CARTESIAN_POINT('Ctrl Pts',(-1.40004023633896,41.497187615186,3.0000003516674));
#8704=CARTESIAN_POINT('Ctrl Pts',(-1.40004023633896,41.497187615186,2.0000003516674));
#8705=CARTESIAN_POINT('Ctrl Pts',(-0.884351578578343,41.497187615186,3.0000003516674));
#8706=CARTESIAN_POINT('Ctrl Pts',(-0.884351578578343,41.497187615186,2.0000003516674));
#8707=CARTESIAN_POINT('Ctrl Pts',(-0.462967005595555,41.2763485319913,3.0000003516674));
#8708=CARTESIAN_POINT('Ctrl Pts',(-0.462967005595555,41.2763485319913,2.0000003516674));
#8709=CARTESIAN_POINT('',(-0.462967005595555,41.2763485319913,3.0000003516674));
#8710=CARTESIAN_POINT('Ctrl Pts',(-0.462967005595555,41.2763485319913,3.0000003516674));
#8711=CARTESIAN_POINT('Ctrl Pts',(-0.462967005595555,41.2763485319913,2.0000003516674));
#8712=CARTESIAN_POINT('Ctrl Pts',(-0.0415824326127667,41.0555094487965,
3.0000003516674));
#8713=CARTESIAN_POINT('Ctrl Pts',(-0.0415824326127665,41.0555094487965,
2.0000003516674));
#8714=CARTESIAN_POINT('Ctrl Pts',(0.17328813947738,40.6377059228718,3.0000003516674));
#8715=CARTESIAN_POINT('Ctrl Pts',(0.17328813947738,40.6377059228718,2.0000003516674));
#8716=CARTESIAN_POINT('',(0.17328813947738,40.6377059228718,3.0000003516674));
#8717=CARTESIAN_POINT('Ctrl Pts',(0.17328813947738,40.6377059228718,3.0000003516674));
#8718=CARTESIAN_POINT('Ctrl Pts',(0.17328813947738,40.6377059228718,2.0000003516674));
#8719=CARTESIAN_POINT('Ctrl Pts',(0.388158413544301,40.2199023969472,3.0000003516674));
#8720=CARTESIAN_POINT('Ctrl Pts',(0.388158413544301,40.2199023969472,2.0000003516674));
#8721=CARTESIAN_POINT('Ctrl Pts',(0.388158413544301,39.7042134411633,3.0000003516674));
#8722=CARTESIAN_POINT('Ctrl Pts',(0.388158413544301,39.7042134411633,2.0000003516674));
#8723=CARTESIAN_POINT('',(0.388158413544301,39.7042134411633,3.0000003516674));
#8724=CARTESIAN_POINT('Ctrl Pts',(0.388158413544301,39.7042134411633,3.0000003516674));
#8725=CARTESIAN_POINT('Ctrl Pts',(0.388158413544301,39.7042134411633,2.0000003516674));
#8726=CARTESIAN_POINT('Ctrl Pts',(0.388158413544301,39.1932994134724,3.0000003516674));
#8727=CARTESIAN_POINT('Ctrl Pts',(0.388158413544301,39.1932994134724,2.0000003516674));
#8728=CARTESIAN_POINT('Ctrl Pts',(0.174481722489007,38.7504276640713,3.0000003516674));
#8729=CARTESIAN_POINT('Ctrl Pts',(0.174481722489007,38.7504276640713,2.0000003516674));
#8730=CARTESIAN_POINT('',(0.174481722489007,38.7504276640713,3.0000003516674));
#8731=CARTESIAN_POINT('Ctrl Pts',(0.174481722489007,38.7504276640713,3.0000003516674));
#8732=CARTESIAN_POINT('Ctrl Pts',(0.174481722489007,38.7504276640713,2.0000003516674));
#8733=CARTESIAN_POINT('Ctrl Pts',(-0.0391949685662907,38.3075559146702,
3.0000003516674));
#8734=CARTESIAN_POINT('Ctrl Pts',(-0.0391949685662905,38.3075559146702,
2.0000003516674));
#8735=CARTESIAN_POINT('Ctrl Pts',(-0.440286246165621,38.0926856406033,3.0000003516674));
#8736=CARTESIAN_POINT('Ctrl Pts',(-0.440286246165621,38.0926856406033,2.0000003516674));
#8737=CARTESIAN_POINT('',(-0.440286246165621,38.0926856406033,3.0000003516674));
#8738=CARTESIAN_POINT('Ctrl Pts',(-0.440286246165621,38.0926856406033,3.0000003516674));
#8739=CARTESIAN_POINT('Ctrl Pts',(-0.440286246165621,38.0926856406033,2.0000003516674));
#8740=CARTESIAN_POINT('Ctrl Pts',(-0.841377523764956,37.8778153665364,3.0000003516674));
#8741=CARTESIAN_POINT('Ctrl Pts',(-0.841377523764955,37.8778153665364,2.0000003516674));
#8742=CARTESIAN_POINT('Ctrl Pts',(-1.36422857366501,37.8778153665364,3.0000003516674));
#8743=CARTESIAN_POINT('Ctrl Pts',(-1.36422857366501,37.8778153665364,2.0000003516674));
#8744=CARTESIAN_POINT('',(-1.36422857366501,37.8778153665364,3.0000003516674));
#8745=CARTESIAN_POINT('Ctrl Pts',(-1.36422857366501,37.8778153665364,3.0000003516674));
#8746=CARTESIAN_POINT('Ctrl Pts',(-1.36422857366501,37.8778153665364,2.0000003516674));
#8747=CARTESIAN_POINT('Ctrl Pts',(-1.74383327089249,37.8778153665364,3.0000003516674));
#8748=CARTESIAN_POINT('Ctrl Pts',(-1.74383327089249,37.8778153665364,2.0000003516674));
#8749=CARTESIAN_POINT('Ctrl Pts',(-2.05062016569077,38.000769019872,3.0000003516674));
#8750=CARTESIAN_POINT('Ctrl Pts',(-2.05062016569077,38.000769019872,2.0000003516674));
#8751=CARTESIAN_POINT('',(-2.05062016569077,38.000769019872,3.0000003516674));
#8752=CARTESIAN_POINT('Ctrl Pts',(-2.05062016569077,38.000769019872,3.0000003516674));
#8753=CARTESIAN_POINT('Ctrl Pts',(-2.05062016569077,38.000769019872,2.0000003516674));
#8754=CARTESIAN_POINT('Ctrl Pts',(-2.35740765653549,38.1237223751843,3.0000003516674));
#8755=CARTESIAN_POINT('Ctrl Pts',(-2.35740765653549,38.1237223751843,2.0000003516674));
#8756=CARTESIAN_POINT('Ctrl Pts',(-2.53169163785874,38.3433678753674,3.0000003516674));
#8757=CARTESIAN_POINT('Ctrl Pts',(-2.53169163785874,38.3433678753674,2.0000003516674));
#8758=CARTESIAN_POINT('',(-2.53169163785874,38.3433678753674,3.0000003516674));
#8759=CARTESIAN_POINT('Ctrl Pts',(-2.53169163785874,38.3433678753674,3.0000003516674));
#8760=CARTESIAN_POINT('Ctrl Pts',(-2.53169163785874,38.3433678753674,2.0000003516674));
#8761=CARTESIAN_POINT('Ctrl Pts',(-2.70597502313553,38.5630130775273,3.0000003516674));
#8762=CARTESIAN_POINT('Ctrl Pts',(-2.70597502313553,38.5630130775273,2.0000003516674));
#8763=CARTESIAN_POINT('Ctrl Pts',(-2.79669806085526,38.9163553722203,3.0000003516674));
#8764=CARTESIAN_POINT('Ctrl Pts',(-2.79669806085526,38.9163553722203,2.0000003516674));
#8765=CARTESIAN_POINT('',(-2.79669806085526,38.9163553722203,3.0000003516674));
#8766=CARTESIAN_POINT('Origin',(-2.79669806085526,38.9163553722203,3.0000003516674));
#8767=CARTESIAN_POINT('',(-2.37889453493058,39.0309529013932,3.0000003516674));
#8768=CARTESIAN_POINT('Ctrl Pts',(-2.37889453493058,39.0309529013932,3.0000003516674));
#8769=CARTESIAN_POINT('Ctrl Pts',(-2.37889453493058,39.0309529013932,2.0000003516674));
#8770=CARTESIAN_POINT('Ctrl Pts',(-2.30010851942002,38.7635588653386,3.0000003516674));
#8771=CARTESIAN_POINT('Ctrl Pts',(-2.30010851942002,38.7635588653386,2.0000003516674));
#8772=CARTESIAN_POINT('Ctrl Pts',(-2.18312367521225,38.6107620604336,3.0000003516674));
#8773=CARTESIAN_POINT('Ctrl Pts',(-2.18312367521225,38.6107620604336,2.0000003516674));
#8774=CARTESIAN_POINT('',(-2.18312367521225,38.6107620604336,3.0000003516674));
#8775=CARTESIAN_POINT('Ctrl Pts',(-2.18312367521225,38.6107620604336,3.0000003516674));
#8776=CARTESIAN_POINT('Ctrl Pts',(-2.18312367521225,38.6107620604336,2.0000003516674));
#8777=CARTESIAN_POINT('Ctrl Pts',(-2.06613883100449,38.4579652555287,3.0000003516674));
#8778=CARTESIAN_POINT('Ctrl Pts',(-2.06613883100449,38.4579652555287,2.0000003516674));
#8779=CARTESIAN_POINT('Ctrl Pts',(-1.84888109289109,38.3660486347974,3.0000003516674));
#8780=CARTESIAN_POINT('Ctrl Pts',(-1.84888109289109,38.3660486347974,2.0000003516674));
#8781=CARTESIAN_POINT('',(-1.84888109289109,38.3660486347974,3.0000003516674));
#8782=CARTESIAN_POINT('Ctrl Pts',(-1.84888109289109,38.3660486347974,3.0000003516674));
#8783=CARTESIAN_POINT('Ctrl Pts',(-1.84888109289109,38.3660486347974,2.0000003516674));
#8784=CARTESIAN_POINT('Ctrl Pts',(-1.63162335477769,38.2741317160428,3.0000003516674));
#8785=CARTESIAN_POINT('Ctrl Pts',(-1.63162335477769,38.2741317160428,2.0000003516674));
#8786=CARTESIAN_POINT('Ctrl Pts',(-1.36661633573472,38.2741317160428,3.0000003516674));
#8787=CARTESIAN_POINT('Ctrl Pts',(-1.36661633573472,38.2741317160428,2.0000003516674));
#8788=CARTESIAN_POINT('',(-1.36661633573472,38.2741317160428,3.0000003516674));
#8789=CARTESIAN_POINT('Ctrl Pts',(-1.36661633573472,38.2741317160428,3.0000003516674));
#8790=CARTESIAN_POINT('Ctrl Pts',(-1.36661633573472,38.2741317160428,2.0000003516674));
#8791=CARTESIAN_POINT('Ctrl Pts',(-1.04908570371567,38.2741317160428,3.0000003516674));
#8792=CARTESIAN_POINT('Ctrl Pts',(-1.04908570371567,38.2741317160428,2.0000003516674));
#8793=CARTESIAN_POINT('Ctrl Pts',(-0.817503181323401,38.3708235628903,3.0000003516674));
#8794=CARTESIAN_POINT('Ctrl Pts',(-0.817503181323401,38.3708235628903,2.0000003516674));
#8795=CARTESIAN_POINT('',(-0.817503181323401,38.3708235628903,3.0000003516674));
#8796=CARTESIAN_POINT('Ctrl Pts',(-0.817503181323401,38.3708235628903,3.0000003516674));
#8797=CARTESIAN_POINT('Ctrl Pts',(-0.817503181323401,38.3708235628903,2.0000003516674));
#8798=CARTESIAN_POINT('Ctrl Pts',(-0.585920658931128,38.4675151117146,3.0000003516674));
#8799=CARTESIAN_POINT('Ctrl Pts',(-0.585920658931128,38.4675151117146,2.0000003516674));
#8800=CARTESIAN_POINT('Ctrl Pts',(-0.443867293223731,38.6250868447125,3.0000003516674));
#8801=CARTESIAN_POINT('Ctrl Pts',(-0.443867293223731,38.6250868447125,2.0000003516674));
#8802=CARTESIAN_POINT('',(-0.443867293223731,38.6250868447125,3.0000003516674));
#8803=CARTESIAN_POINT('Ctrl Pts',(-0.443867293223731,38.6250868447125,3.0000003516674));
#8804=CARTESIAN_POINT('Ctrl Pts',(-0.443867293223731,38.6250868447125,2.0000003516674));
#8805=CARTESIAN_POINT('Ctrl Pts',(-0.301814225539557,38.7826582796872,3.0000003516674));
#8806=CARTESIAN_POINT('Ctrl Pts',(-0.301814225539557,38.7826582796872,2.0000003516674));
#8807=CARTESIAN_POINT('Ctrl Pts',(-0.223028508052222,38.9712665982545,3.0000003516674));
#8808=CARTESIAN_POINT('Ctrl Pts',(-0.223028508052222,38.9712665982545,2.0000003516674));
#8809=CARTESIAN_POINT('',(-0.223028508052222,38.9712665982545,3.0000003516674));
#8810=CARTESIAN_POINT('Ctrl Pts',(-0.223028508052222,38.9712665982545,3.0000003516674));
#8811=CARTESIAN_POINT('Ctrl Pts',(-0.223028508052222,38.9712665982545,2.0000003516674));
#8812=CARTESIAN_POINT('Ctrl Pts',(-0.0893314155191105,39.2959597714245,
3.0000003516674));
#8813=CARTESIAN_POINT('Ctrl Pts',(-0.0893314155191103,39.2959597714245,
2.0000003516674));
#8814=CARTESIAN_POINT('Ctrl Pts',(-0.0893314155191105,39.6755638726056,
3.0000003516674));
#8815=CARTESIAN_POINT('Ctrl Pts',(-0.0893314155191103,39.6755638726056,
2.0000003516674));
#8816=CARTESIAN_POINT('',(-0.0893314155191105,39.6755638726056,3.0000003516674));
#8817=CARTESIAN_POINT('Ctrl Pts',(-0.0893314155191105,39.6755638726056,
3.0000003516674));
#8818=CARTESIAN_POINT('Ctrl Pts',(-0.0893314155191103,39.6755638726056,
2.0000003516674));
#8819=CARTESIAN_POINT('Ctrl Pts',(-0.0893314155191105,40.1435038454831,
3.0000003516674));
#8820=CARTESIAN_POINT('Ctrl Pts',(-0.0893314155191103,40.1435038454831,
2.0000003516674));
#8821=CARTESIAN_POINT('Ctrl Pts',(-0.25048419557511,40.4586473114789,3.0000003516674));
#8822=CARTESIAN_POINT('Ctrl Pts',(-0.25048419557511,40.4586473114789,2.0000003516674));
#8823=CARTESIAN_POINT('',(-0.25048419557511,40.4586473114789,3.0000003516674));
#8824=CARTESIAN_POINT('Ctrl Pts',(-0.25048419557511,40.4586473114789,3.0000003516674));
#8825=CARTESIAN_POINT('Ctrl Pts',(-0.25048419557511,40.4586473114789,2.0000003516674));
#8826=CARTESIAN_POINT('Ctrl Pts',(-0.41163697563111,40.7737904794514,3.0000003516674));
#8827=CARTESIAN_POINT('Ctrl Pts',(-0.41163697563111,40.7737904794514,2.0000003516674));
#8828=CARTESIAN_POINT('Ctrl Pts',(-0.71961775146424,40.9265872843564,3.0000003516674));
#8829=CARTESIAN_POINT('Ctrl Pts',(-0.71961775146424,40.9265872843564,2.0000003516674));
#8830=CARTESIAN_POINT('',(-0.71961775146424,40.9265872843564,3.0000003516674));
#8831=CARTESIAN_POINT('Ctrl Pts',(-0.71961775146424,40.9265872843564,3.0000003516674));
#8832=CARTESIAN_POINT('Ctrl Pts',(-0.71961775146424,40.9265872843564,2.0000003516674));
#8833=CARTESIAN_POINT('Ctrl Pts',(-1.02759882532059,41.0793840892613,3.0000003516674));
#8834=CARTESIAN_POINT('Ctrl Pts',(-1.02759882532059,41.0793840892613,2.0000003516674));
#8835=CARTESIAN_POINT('Ctrl Pts',(-1.37377842985093,41.0793840892613,3.0000003516674));
#8836=CARTESIAN_POINT('Ctrl Pts',(-1.37377842985093,41.0793840892613,2.0000003516674));
#8837=CARTESIAN_POINT('',(-1.37377842985093,41.0793840892613,3.0000003516674));
#8838=CARTESIAN_POINT('Ctrl Pts',(-1.37377842985093,41.0793840892613,3.0000003516674));
#8839=CARTESIAN_POINT('Ctrl Pts',(-1.37377842985093,41.0793840892613,2.0000003516674));
#8840=CARTESIAN_POINT('Ctrl Pts',(-1.67459711156784,41.0793840892613,3.0000003516674));
#8841=CARTESIAN_POINT('Ctrl Pts',(-1.67459711156784,41.0793840892613,2.0000003516674));
#8842=CARTESIAN_POINT('Ctrl Pts',(-1.96109100900589,40.9635928280652,3.0000003516674));
#8843=CARTESIAN_POINT('Ctrl Pts',(-1.96109100900589,40.9635928280652,2.0000003516674));
#8844=CARTESIAN_POINT('',(-1.96109100900589,40.9635928280652,3.0000003516674));
#8845=CARTESIAN_POINT('Ctrl Pts',(-1.96109100900589,40.9635928280652,3.0000003516674));
#8846=CARTESIAN_POINT('Ctrl Pts',(-1.96109100900589,40.9635928280652,2.0000003516674));
#8847=CARTESIAN_POINT('Ctrl Pts',(-2.24758490644394,40.847801566869,3.0000003516674));
#8848=CARTESIAN_POINT('Ctrl Pts',(-2.24758490644394,40.847801566869,2.0000003516674));
#8849=CARTESIAN_POINT('Ctrl Pts',(-2.39560708127915,40.7164916403592,3.0000003516674));
#8850=CARTESIAN_POINT('Ctrl Pts',(-2.39560708127915,40.7164916403592,2.0000003516674));
#8851=CARTESIAN_POINT('',(-2.39560708127915,40.7164916403592,3.0000003516674));
#8852=CARTESIAN_POINT('Origin',(-2.39560708127915,40.7164916403592,3.0000003516674));
#8853=CARTESIAN_POINT('Origin',(-23.032887968421,24.1000006526709,9.99999967142939));
#8854=CARTESIAN_POINT('',(1.382110478878,24.1000006526709,2.00000017881393));
#8855=CARTESIAN_POINT('',(-1.58288886845113,24.1000003874302,2.00000017881392));
#8856=CARTESIAN_POINT('',(-14.2003887447715,24.1000006526709,2.00000017881393));
#8857=CARTESIAN_POINT('',(1.382110478878,24.1000006526709,13.1499996714294));
#8858=CARTESIAN_POINT('',(1.382110478878,24.1000006526709,9.13000016391276));
#8859=CARTESIAN_POINT('',(10.442110478878,24.1000006526709,13.1499996714294));
#8860=CARTESIAN_POINT('',(-23.032887968421,24.1000006526709,13.1499996714294));
#8861=CARTESIAN_POINT('',(10.442110478878,24.1000006526709,1.84999967142939));
#8862=CARTESIAN_POINT('',(10.442110478878,24.1000006526709,11.1300001192093));
#8863=CARTESIAN_POINT('',(12.367110478878,24.1000006526709,1.84999967142939));
#8864=CARTESIAN_POINT('',(-7.33288874477148,24.1000006526709,1.84999967142938));
#8865=CARTESIAN_POINT('',(12.367112031579,24.099999461323,13.7999997660518));
#8866=CARTESIAN_POINT('',(12.367112031579,24.1000006526709,15.1300001788139));
#8867=CARTESIAN_POINT('',(-24.032887968421,24.099999461323,13.7999997660518));
#8868=CARTESIAN_POINT('',(-23.032887968421,24.099999461323,13.7999997660518));
#8869=CARTESIAN_POINT('',(-24.032887968421,24.0999995410785,13.0000001937151));
#8870=CARTESIAN_POINT('',(-24.032887968421,24.1000006526709,9.56500011920927));
#8871=CARTESIAN_POINT('',(-23.032887968421,24.0999995410785,13.0000001937151));
#8872=CARTESIAN_POINT('',(-23.532887968421,24.1000006526709,13.0000001937151));
#8873=CARTESIAN_POINT('',(-23.032887968421,24.1000006526709,1.85000002980231));
#8874=CARTESIAN_POINT('',(-23.032887968421,24.1000006526709,8.71249980200081));
#8875=CARTESIAN_POINT('',(-21.107887968421,24.1000006526709,1.84999967142939));
#8876=CARTESIAN_POINT('',(-26.032887968421,24.1000006526709,1.85000002980231));
#8877=CARTESIAN_POINT('',(-21.107887968421,24.1000003576279,13.1500001490116));
#8878=CARTESIAN_POINT('',(-21.107887968421,24.1000006526709,9.56500011920927));
#8879=CARTESIAN_POINT('',(-18.8328888684511,24.1000006526709,13.1499996714294));
#8880=CARTESIAN_POINT('',(-23.032887968421,24.1000006526709,13.1499996714294));
#8881=CARTESIAN_POINT('',(-18.8328888684511,24.1000003874302,1.85000017881392));
#8882=CARTESIAN_POINT('',(-18.8328888684511,24.1000006526709,6.07499992512166));
#8883=CARTESIAN_POINT('',(-23.032887968421,24.1000006526709,1.84999967142939));
#8884=CARTESIAN_POINT('',(-21.107887968421,24.1000006526709,-8.32667268468867E-15));
#8885=CARTESIAN_POINT('',(-21.107887968421,24.1000006526709,7.99999988041817));
#8886=CARTESIAN_POINT('',(10.442110478878,24.1000006526709,-4.44089209850063E-15));
#8887=CARTESIAN_POINT('',(-22.032887968421,24.1000006526709,-8.88178419700125E-15));
#8888=CARTESIAN_POINT('',(10.442110478878,24.1000006526709,9.56499988041818));
#8889=CARTESIAN_POINT('',(7.13210923278238,24.1000006526709,1.84999967142939));
#8890=CARTESIAN_POINT('',(-23.032887968421,24.1000006526709,1.84999967142939));
#8891=CARTESIAN_POINT('',(4.16711113154888,24.1000006526709,1.84999967142939));
#8892=CARTESIAN_POINT('',(-23.032887968421,24.1000006526709,1.84999967142939));
#8893=CARTESIAN_POINT('',(1.382110478878,24.1000006526709,1.84999967142939));
#8894=CARTESIAN_POINT('',(-23.032887968421,24.1000006526709,1.84999967142939));
#8895=CARTESIAN_POINT('',(-1.58288886845113,24.1000006526709,1.84999967142939));
#8896=CARTESIAN_POINT('',(-23.032887968421,24.1000006526709,1.84999967142939));
#8897=CARTESIAN_POINT('',(-4.367889521122,24.1000006526709,1.84999967142939));
#8898=CARTESIAN_POINT('',(-23.032887968421,24.1000006526709,1.84999967142939));
#8899=CARTESIAN_POINT('',(-7.33288886845113,24.1000006526709,1.84999967142939));
#8900=CARTESIAN_POINT('',(-23.032887968421,24.1000006526709,1.84999967142939));
#8901=CARTESIAN_POINT('',(-10.117889521122,24.1000006526709,1.84999967142939));
#8902=CARTESIAN_POINT('',(-23.032887968421,24.1000006526709,1.84999967142939));
#8903=CARTESIAN_POINT('',(-13.0828888684511,24.1000006526709,1.84999967142939));
#8904=CARTESIAN_POINT('',(-23.032887968421,24.1000006526709,1.84999967142939));
#8905=CARTESIAN_POINT('',(-15.867889521122,24.1000006526709,1.85000017881393));
#8906=CARTESIAN_POINT('',(-23.032887968421,24.1000006526709,1.84999967142939));
#8907=CARTESIAN_POINT('',(-15.867889521122,24.1000006526709,13.1499996714294));
#8908=CARTESIAN_POINT('',(-15.867889521122,24.1000006526709,2.00000017881393));
#8909=CARTESIAN_POINT('',(-13.0828888684511,24.1000003874302,13.1499996714294));
#8910=CARTESIAN_POINT('',(-23.032887968421,24.1000006526709,13.1499996714294));
#8911=CARTESIAN_POINT('',(-13.0828888684511,24.1000003874302,2.00000017881392));
#8912=CARTESIAN_POINT('',(-13.0828888684511,24.1000006526709,11.6399999102205));
#8913=CARTESIAN_POINT('',(-10.117889521122,24.1000006526709,2.00000017881393));
#8914=CARTESIAN_POINT('',(-25.7003887447715,24.1000006526709,2.00000017881393));
#8915=CARTESIAN_POINT('',(-10.117889521122,24.1000003874302,13.1499996714294));
#8916=CARTESIAN_POINT('',(-10.117889521122,24.1000003874302,3.99999992512166));
#8917=CARTESIAN_POINT('',(-7.33288886845113,24.1000006526709,13.1499996714294));
#8918=CARTESIAN_POINT('',(-23.032887968421,24.1000006526709,13.1499996714294));
#8919=CARTESIAN_POINT('',(-7.33288886845113,24.1000003874302,2.00000017881392));
#8920=CARTESIAN_POINT('',(-7.33288886845113,24.1000006526709,13.2049999102205));
#8921=CARTESIAN_POINT('',(-4.367889521122,24.1000006526709,2.00000017881393));
#8922=CARTESIAN_POINT('',(-19.9503887447715,24.1000006526709,2.00000017881393));
#8923=CARTESIAN_POINT('',(-4.367889521122,24.1000006526709,13.1499996714294));
#8924=CARTESIAN_POINT('',(-4.367889521122,24.1000006526709,9.13000016391276));
#8925=CARTESIAN_POINT('',(-1.58288886845113,24.1000006526709,13.1499996714294));
#8926=CARTESIAN_POINT('',(-23.032887968421,24.1000006526709,13.1499996714294));
#8927=CARTESIAN_POINT('',(-1.58288886845113,24.1000006526709,13.2049999102205));
#8928=CARTESIAN_POINT('Origin',(8.36711047887801,-0.149998815357678,9.99999967142939));
#8929=CARTESIAN_POINT('',(1.38210923278238,-0.14999961256981,1.84999967142939));
#8930=CARTESIAN_POINT('',(-1.58288886845113,-0.14999961256981,1.84999967142939));
#8931=CARTESIAN_POINT('',(-12.3078884184361,-0.149998815357678,1.84999967142939));
#8932=CARTESIAN_POINT('',(-1.58288886845113,-0.14999961256981,13.1299996714294));
#8933=CARTESIAN_POINT('',(-1.58288886845113,-0.14999961256981,8.07499967142939));
#8934=CARTESIAN_POINT('',(-4.36789076721763,-0.14999961256981,13.1299996714294));
#8935=CARTESIAN_POINT('',(-23.032887968421,-0.149998815357677,13.1299996714294));
#8936=CARTESIAN_POINT('',(-4.36789076721762,-0.14999961256981,1.84999967142939));
#8937=CARTESIAN_POINT('',(-4.367889521122,-0.14999961256981,3.99999992512166));
#8938=CARTESIAN_POINT('',(-7.33288886845113,-0.14999961256981,1.84999967142939));
#8939=CARTESIAN_POINT('',(-15.182888418436,-0.149998815357678,1.84999967142939));
#8940=CARTESIAN_POINT('',(-7.33288886845113,-0.14999961256981,13.1299996714294));
#8941=CARTESIAN_POINT('',(-7.33288886845113,-0.14999961256981,8.07499967142939));
#8942=CARTESIAN_POINT('',(-10.1178907672176,-0.14999961256981,13.1299996714294));
#8943=CARTESIAN_POINT('',(-23.032887968421,-0.149998815357677,13.1299996714294));
#8944=CARTESIAN_POINT('',(-10.1178907672176,-0.14999961256981,1.84999967142939));
#8945=CARTESIAN_POINT('',(-10.117889521122,-0.14999961256981,3.99999992512166));
#8946=CARTESIAN_POINT('',(-13.0828888684511,-0.14999961256981,1.84999967142939));
#8947=CARTESIAN_POINT('',(-23.032887968421,-0.149998815357679,1.84999967142939));
#8948=CARTESIAN_POINT('',(-13.0828888684511,-0.14999961256981,13.1299996714294));
#8949=CARTESIAN_POINT('',(-13.0828888684511,-0.14999961256981,8.07499967142939));
#8950=CARTESIAN_POINT('',(-15.8678907672176,-0.14999961256981,13.1299996714294));
#8951=CARTESIAN_POINT('',(-23.032887968421,-0.149998815357677,13.1299996714294));
#8952=CARTESIAN_POINT('',(-15.8678907672176,-0.14999961256981,1.84999967142939));
#8953=CARTESIAN_POINT('',(-15.867889521122,-0.14999961256981,3.99999992512166));
#8954=CARTESIAN_POINT('',(-18.8328888684511,-0.14999961256981,1.84999967142939));
#8955=CARTESIAN_POINT('',(-23.032887968421,-0.149998815357679,1.84999967142939));
#8956=CARTESIAN_POINT('',(-18.8328888684511,-0.14999961256981,13.1299996714294));
#8957=CARTESIAN_POINT('',(-18.8328888684511,-0.14999961256981,8.07499967142939));
#8958=CARTESIAN_POINT('',(-21.107887968421,-0.149998815357679,13.1300001490116));
#8959=CARTESIAN_POINT('',(-23.032887968421,-0.149998815357677,13.1299996714294));
#8960=CARTESIAN_POINT('',(-21.107887968421,-0.149998815357679,1.84999967142939));
#8961=CARTESIAN_POINT('',(-21.107887968421,-0.149998815357677,3.99999988041818));
#8962=CARTESIAN_POINT('',(-23.032887968421,-0.149998815357679,1.84999967142939));
#8963=CARTESIAN_POINT('',(-10.3328887447715,-0.149998815357677,1.85000002980231));
#8964=CARTESIAN_POINT('',(-23.032887968421,-0.149998815357677,13.0000001937151));
#8965=CARTESIAN_POINT('',(-23.032887968421,-0.149998815357678,8.71249980200081));
#8966=CARTESIAN_POINT('',(-24.032887968421,-0.150001585181929,13.0000001937151));
#8967=CARTESIAN_POINT('',(-7.8328887447715,-0.149998815357677,13.0000001937151));
#8968=CARTESIAN_POINT('',(-24.032887968421,-0.150001783669009,13.7990151749165));
#8969=CARTESIAN_POINT('',(-24.032887968421,-0.149998815357676,9.56500011920927));
#8970=CARTESIAN_POINT('',(-23.032887968421,-0.150001783669009,13.7990151749165));
#8971=CARTESIAN_POINT('',(-23.032887968421,-0.150001783669009,13.7990151749165));
#8972=CARTESIAN_POINT('',(12.367112031579,-0.150001783669009,13.7990151749165));
#8973=CARTESIAN_POINT('',(-7.33288874477149,-0.149998815357678,13.7990129462454));
#8974=CARTESIAN_POINT('',(12.367110478878,-0.149998815357679,1.84999967142939));
#8975=CARTESIAN_POINT('',(12.367112031579,-0.149998815357675,15.1300001788139));
#8976=CARTESIAN_POINT('',(10.442110478878,-0.149998815357679,1.84999967142939));
#8977=CARTESIAN_POINT('',(12.367110478878,-0.149998815357678,1.84999967142939));
#8978=CARTESIAN_POINT('',(10.442110478878,-0.149998815357679,13.1299996714294));
#8979=CARTESIAN_POINT('',(10.442110478878,-0.149998815357677,5.56499988041817));
#8980=CARTESIAN_POINT('',(7.13210923278238,-0.14999961256981,13.1299996714294));
#8981=CARTESIAN_POINT('',(-23.032887968421,-0.149998815357677,13.1299996714294));
#8982=CARTESIAN_POINT('',(7.13210923278238,-0.14999961256981,1.84999967142939));
#8983=CARTESIAN_POINT('',(7.132110478878,-0.14999961256981,3.99999992512166));
#8984=CARTESIAN_POINT('',(4.16711113154888,-0.14999961256981,1.84999967142939));
#8985=CARTESIAN_POINT('',(-9.43288841843605,-0.149998815357678,1.84999967142939));
#8986=CARTESIAN_POINT('',(4.16711113154888,-0.14999961256981,13.1299996714294));
#8987=CARTESIAN_POINT('',(4.16711113154888,-0.14999961256981,8.0749996714294));
#8988=CARTESIAN_POINT('',(1.38210923278238,-0.14999961256981,13.1299996714294));
#8989=CARTESIAN_POINT('',(-23.032887968421,-0.149998815357677,13.1299996714294));
#8990=CARTESIAN_POINT('',(1.382110478878,-0.14999961256981,3.99999992512166));
#8991=CARTESIAN_POINT('Origin',(-24.032887968421,24.0999995410785,13.0000001937151));
#8992=CARTESIAN_POINT('',(-24.032887968421,26.0000003874302,13.0000001937151));
#8993=CARTESIAN_POINT('',(-23.032887968421,26.0000003874302,13.0000001937151));
#8994=CARTESIAN_POINT('Origin',(-23.032887968421,11.9749995337445,7.42499993257224));
#8995=CARTESIAN_POINT('',(-23.032887968421,17.9874999456862,1.85000002980231));
#8996=CARTESIAN_POINT('Origin',(-24.032887968421,12.0000001788139,6.00000008940696));
#8997=CARTESIAN_POINT('',(-24.032887968421,25.2999994345009,16.8003281942047));
#8998=CARTESIAN_POINT('',(-24.032887968421,24.1000006526709,17.7013127652234));
#8999=CARTESIAN_POINT('',(-24.032887968421,23.640225965482,18.0465213650774));
#9000=CARTESIAN_POINT('',(-24.032887968421,24.1000006526709,18.1300001788139));
#9001=CARTESIAN_POINT('',(-24.032887968421,24.1000006526709,9.56500011920927));
#9002=CARTESIAN_POINT('',(-24.032887968421,26.0000003874302,18.1300001788139));
#9003=CARTESIAN_POINT('',(-24.032887968421,26.0000003874302,18.1300001788139));
#9004=CARTESIAN_POINT('',(-24.032887968421,26.0000003874302,-8.88178419700125E-15));
#9005=CARTESIAN_POINT('',(-24.032887968421,26.0000003874302,15.1300001788139));
#9006=CARTESIAN_POINT('',(-24.032887968421,-2.00000002980232,-8.88178419700125E-15));
#9007=CARTESIAN_POINT('',(-24.032887968421,-2.00000002980232,-4.44089209850063E-15));
#9008=CARTESIAN_POINT('',(-24.032887968421,-2.00000002980232,18.1300001788139));
#9009=CARTESIAN_POINT('',(-24.032887968421,-2.00000002980232,12.0000001788139));
#9010=CARTESIAN_POINT('',(-24.032887968421,-0.149998815357675,18.1300001788139));
#9011=CARTESIAN_POINT('',(-24.032887968421,26.0000003874302,18.1300001788139));
#9012=CARTESIAN_POINT('',(-24.032887968421,-0.150000592321162,17.7003281740881));
#9013=CARTESIAN_POINT('',(-24.032887968421,-0.149998815357676,9.56500011920927));
#9014=CARTESIAN_POINT('',(-24.032887968421,-1.35000056549907,16.8003281942047));
#9015=CARTESIAN_POINT('',(-24.032887968421,0.929920914118589,18.5102693039179));
#9016=CARTESIAN_POINT('',(-24.032887968421,-1.35000056549907,14.6999997459352));
#9017=CARTESIAN_POINT('',(-24.032887968421,-1.35000056549907,11.4001641418058));
#9018=CARTESIAN_POINT('',(-24.032887968421,5.00727117278819,9.9268251088455));
#9019=CARTESIAN_POINT('',(-24.032887968421,25.2999994345009,14.6999997459352));
#9020=CARTESIAN_POINT('',(-24.032887968421,18.3559997685254,9.49199999645352));
#9021=CARTESIAN_POINT('',(-24.032887968421,25.2999994345009,10.3499999176711));
#9022=CARTESIAN_POINT('Origin',(-21.107887968421,12.0000001788139,6.00000008940696));
#9023=CARTESIAN_POINT('',(-21.107887968421,18.0000002682209,1.85000002980231));
#9024=CARTESIAN_POINT('',(-21.107887968421,-0.150000000000001,-8.32667268468867E-15));
#9025=CARTESIAN_POINT('',(-21.107887968421,-0.149998815357678,7.99999988041818));
#9026=CARTESIAN_POINT('',(-21.107887968421,23.9500006526709,-8.32667268468867E-15));
#9027=CARTESIAN_POINT('Origin',(-29.032887968421,24.0000003576279,1.85000002980231));
#9028=CARTESIAN_POINT('Origin',(-23.032887968421,-1.35000056549907,16.8003281942047));
#9029=CARTESIAN_POINT('',(12.367112031579,-1.35000056549907,16.8003281942047));
#9030=CARTESIAN_POINT('',(-23.032887968421,-1.35000056549907,16.8003281942047));
#9031=CARTESIAN_POINT('',(12.367112031579,-1.35000056549907,14.6999997459352));
#9032=CARTESIAN_POINT('',(12.367112031579,-1.35000056549907,16.8003281942047));
#9033=CARTESIAN_POINT('',(-23.032887968421,-1.35000056549907,14.6999997459352));
#9034=CARTESIAN_POINT('Origin',(-23.032887968421,-0.150000592321162,17.7003281740881));
#9035=CARTESIAN_POINT('',(12.367112031579,-0.150000592321162,17.7003281740881));
#9036=CARTESIAN_POINT('',(-7.33288874477149,-0.149998815357678,17.7003295068107));
#9037=CARTESIAN_POINT('',(12.367112031579,-0.150000592321162,17.7003281740881));
#9038=CARTESIAN_POINT('Origin',(-23.032887968421,-1.35000056549907,14.6999997459352));
#9039=CARTESIAN_POINT('',(12.367112031579,-0.150001783669009,13.7990151749165));
#9040=CARTESIAN_POINT('Origin',(12.367110478878,12.0000001788139,6.00000008940696));
#9041=CARTESIAN_POINT('',(12.367110478878,1.18464232201632E-6,1.84999967142939));
#9042=CARTESIAN_POINT('',(12.367112031579,-0.149998815357675,18.1300001788139));
#9043=CARTESIAN_POINT('',(12.367112031579,-0.149998815357675,15.1300001788139));
#9044=CARTESIAN_POINT('',(12.367112031579,24.1000006526709,18.1300001788139));
#9045=CARTESIAN_POINT('',(12.367112031579,19.0000002831221,18.1300001788139));
#9046=CARTESIAN_POINT('',(12.367112031579,24.1000006526709,17.7013127652234));
#9047=CARTESIAN_POINT('',(12.367112031579,24.1000006526709,15.1300001788139));
#9048=CARTESIAN_POINT('',(12.367112031579,25.2999994345009,16.8003281942047));
#9049=CARTESIAN_POINT('',(12.367112031579,24.1000006526709,17.7013127652234));
#9050=CARTESIAN_POINT('',(12.367112031579,25.2999994345009,14.6999997459352));
#9051=CARTESIAN_POINT('',(12.367112031579,25.2999994345009,14.6999997459352));
#9052=CARTESIAN_POINT('',(12.367112031579,24.099999461323,13.7999997660518));
#9053=CARTESIAN_POINT('Origin',(8.36711047887801,-0.149998815357678,9.99999967142939));
#9054=CARTESIAN_POINT('',(-22.032887968421,-0.149998815357674,18.1300001788139));
#9055=CARTESIAN_POINT('Origin',(8.36711047887801,-0.149998815357678,9.99999967142939));
#9056=CARTESIAN_POINT('',(1.382110478878,-0.149998815357679,0.15000017881393));
#9057=CARTESIAN_POINT('',(1.382110478878,-0.149998815357677,7.00000017881393));
#9058=CARTESIAN_POINT('',(4.13211047887801,-0.149998815357679,1.85000017881393));
#9059=CARTESIAN_POINT('',(-23.032887968421,-0.149998815357679,1.84999967142939));
#9060=CARTESIAN_POINT('',(4.13211047887801,-0.149998815357679,0.15000017881393));
#9061=CARTESIAN_POINT('',(4.132110478878,-0.149998815357678,7.00000017881393));
#9062=CARTESIAN_POINT('',(7.13211047887801,-0.149998815357679,0.15000017881393));
#9063=CARTESIAN_POINT('',(-23.032887968421,-0.149998815357677,0.149999671429387));
#9064=CARTESIAN_POINT('',(7.132110478878,-0.149998815357677,7.00000017881393));
#9065=CARTESIAN_POINT('',(10.367110478878,-0.149998815357678,1.84999967142939));
#9066=CARTESIAN_POINT('',(10.442110478878,-0.150000000000001,-4.44089209850063E-15));
#9067=CARTESIAN_POINT('',(10.442110478878,-0.14999881535768,9.00000013411045));
#9068=CARTESIAN_POINT('',(-22.032887968421,-0.14999881535768,-4.44089209850063E-15));
#9069=CARTESIAN_POINT('',(-18.867889521122,-0.149998815357679,1.85000017881393));
#9070=CARTESIAN_POINT('',(-23.032887968421,-0.149998815357679,1.84999967142939));
#9071=CARTESIAN_POINT('',(-18.867889521122,-0.149998815357679,0.150000178813925));
#9072=CARTESIAN_POINT('',(-18.867889521122,-0.149998815357678,7.00000017881393));
#9073=CARTESIAN_POINT('',(-15.867889521122,-0.149998815357679,0.150000178813925));
#9074=CARTESIAN_POINT('',(-34.532887968421,-0.149998815357677,0.149999671429386));
#9075=CARTESIAN_POINT('',(-15.867889521122,-0.149998815357677,7.00000017881393));
#9076=CARTESIAN_POINT('',(-13.117889521122,-0.149998815357679,1.85000017881393));
#9077=CARTESIAN_POINT('',(-23.032887968421,-0.149998815357679,1.84999967142939));
#9078=CARTESIAN_POINT('',(-13.117889521122,-0.149998815357679,0.150000178813925));
#9079=CARTESIAN_POINT('',(-13.117889521122,-0.149998815357678,7.00000017881393));
#9080=CARTESIAN_POINT('',(-10.117889521122,-0.149998815357679,0.150000178813925));
#9081=CARTESIAN_POINT('',(-31.657887968421,-0.149998815357677,0.149999671429386));
#9082=CARTESIAN_POINT('',(-10.117889521122,-0.149998815357677,7.00000017881393));
#9083=CARTESIAN_POINT('',(-7.367889521122,-0.149998815357679,1.85000017881392));
#9084=CARTESIAN_POINT('',(-23.032887968421,-0.149998815357679,1.84999967142939));
#9085=CARTESIAN_POINT('',(-7.367889521122,-0.149998815357679,0.150000178813925));
#9086=CARTESIAN_POINT('',(-7.367889521122,-0.149998815357678,7.00000017881393));
#9087=CARTESIAN_POINT('',(-4.367889521122,-0.149998815357679,0.150000178813925));
#9088=CARTESIAN_POINT('',(-28.782887968421,-0.149998815357677,0.149999671429391));
#9089=CARTESIAN_POINT('',(-4.36788952112201,-0.149998815357677,8.56500017881393));
#9090=CARTESIAN_POINT('',(-1.61788952112199,-0.149998815357679,1.85000017881392));
#9091=CARTESIAN_POINT('',(-23.032887968421,-0.149998815357679,1.84999967142939));
#9092=CARTESIAN_POINT('',(-1.61788952112199,-0.149998815357679,0.150000178813925));
#9093=CARTESIAN_POINT('',(-1.617889521122,-0.149998815357678,7.00000017881393));
#9094=CARTESIAN_POINT('',(-25.907887968421,-0.149998815357677,0.149999671429391));
#9095=CARTESIAN_POINT('Origin',(-23.032887968421,25.2999994345009,16.8003281942047));
#9096=CARTESIAN_POINT('',(-23.032887968421,25.2999994345009,16.8003281942047));
#9097=CARTESIAN_POINT('',(-23.032887968421,24.1000006526709,17.7013127652234));
#9098=CARTESIAN_POINT('Origin',(-23.032887968421,25.2999994345009,14.6999997459352));
#9099=CARTESIAN_POINT('',(-23.032887968421,25.2999994345009,14.6999997459352));
#9100=CARTESIAN_POINT('Origin',(-23.032887968421,24.099999461323,13.7999997660518));
#9101=CARTESIAN_POINT('Origin',(-23.032887968421,24.1000006526709,9.99999967142939));
#9102=CARTESIAN_POINT('',(-23.032887968421,24.1000006526709,18.1300001788139));
#9103=CARTESIAN_POINT('Origin',(-21.032887968421,26.0000003874302,18.1300001788139));
#9104=CARTESIAN_POINT('',(14.367110478878,-2.00000002980232,18.1300001788139));
#9105=CARTESIAN_POINT('',(-23.032887968421,-2.00000002980232,18.1300001788139));
#9106=CARTESIAN_POINT('',(14.367110478878,26.0000003874302,18.1300001788139));
#9107=CARTESIAN_POINT('',(14.367110478878,26.0000003874302,18.1300001788139));
#9108=CARTESIAN_POINT('',(12.367110478878,26.0000003874302,18.1300001788139));
#9109=CARTESIAN_POINT('Origin',(-15.867889521122,-2.04999934732913,2.00000017881393));
#9110=CARTESIAN_POINT('',(-15.8678907672176,-2.00000120207451,13.1299996714294));
#9111=CARTESIAN_POINT('',(-15.867889521122,4.9750004157424,13.1300001490116));
#9112=CARTESIAN_POINT('',(-15.8678907672176,-2.00000120207451,10.1499996714294));
#9113=CARTESIAN_POINT('',(-15.8678907672176,-2.00000120207451,10.1499996714294));
#9114=CARTESIAN_POINT('',(-15.8678907672176,-2.00000000574413,1.84999967142939));
#9115=CARTESIAN_POINT('',(-15.867889521122,-2.00000025437921,3.57500072687908));
#9116=CARTESIAN_POINT('',(-15.867889521122,-2.02499968856573,1.84999967142939));
#9117=CARTESIAN_POINT('Origin',(-18.8328888684511,3.87430190151861E-7,10.1499996714294));
#9118=CARTESIAN_POINT('',(-18.8328888684511,-2.00000000574413,1.84999967142939));
#9119=CARTESIAN_POINT('',(-18.8328888684511,-0.999999821186066,1.84999967142939));
#9120=CARTESIAN_POINT('',(-18.8328888684511,-2.00000120207451,10.1499996714294));
#9121=CARTESIAN_POINT('',(-18.8328888684511,-2.00000084173413,7.65000032544715));
#9122=CARTESIAN_POINT('',(-18.8328888684511,-2.00000120207451,13.1299996714294));
#9123=CARTESIAN_POINT('',(-18.8328888684511,-2.00000120207451,10.1499996714294));
#9124=CARTESIAN_POINT('',(-18.8328888684511,6.00000028312206,13.1300001490116));
#9125=CARTESIAN_POINT('Origin',(-17.367889521122,-2.00000048139378,5.15000126773752));
#9126=CARTESIAN_POINT('',(-22.032887968421,-2.00000002980232,1.84999967142939));
#9127=CARTESIAN_POINT('',(-16.6178901441698,-2.00000120207451,10.1499996714294));
#9128=CARTESIAN_POINT('Origin',(-4.33288874477149,12.0000001788139,13.1300001490116));
#9129=CARTESIAN_POINT('',(-13.0828888684511,-2.00000120207451,13.1299996714294));
#9130=CARTESIAN_POINT('',(-13.0828888684511,6.00000028312206,13.1300001490116));
#9131=CARTESIAN_POINT('',(-12.6828883565962,-2.00000002980232,13.1300001490116));
#9132=CARTESIAN_POINT('Origin',(-13.0828888684511,3.87430190151861E-7,10.1499996714294));
#9133=CARTESIAN_POINT('',(-13.0828888684511,-2.00000000574413,1.84999967142939));
#9134=CARTESIAN_POINT('',(-13.0828888684511,-0.999999821186066,1.84999967142939));
#9135=CARTESIAN_POINT('',(-13.0828888684511,-2.00000120207451,10.1499996714294));
#9136=CARTESIAN_POINT('',(-13.0828888684511,-2.0000006039093,5.99999952729308));
#9137=CARTESIAN_POINT('',(-13.0828888684511,-2.00000120207451,10.1499996714294));
#9138=CARTESIAN_POINT('Origin',(-18.8328888684511,-2.00000000574413,1.84999967142939));
#9139=CARTESIAN_POINT('',(-10.117889521122,-2.00000000574413,1.84999967142939));
#9140=CARTESIAN_POINT('',(-22.032887968421,-2.00000002980232,1.84999967142939));
#9141=CARTESIAN_POINT('',(-10.117889521122,-2.00000120207451,10.1499996714294));
#9142=CARTESIAN_POINT('',(-10.117889521122,-2.00000001655438,1.92499992872501));
#9143=CARTESIAN_POINT('',(-14.4753898178344,-2.00000120207451,10.1499996714294));
#9144=CARTESIAN_POINT('Origin',(-10.117889521122,-2.04999934732913,2.00000017881393));
#9145=CARTESIAN_POINT('',(-10.117889521122,-2.00000120207451,13.1299996714294));
#9146=CARTESIAN_POINT('',(-10.117889521122,4.9750004157424,13.1300001490116));
#9147=CARTESIAN_POINT('',(-10.117889521122,-2.00000120207451,10.1499996714294));
#9148=CARTESIAN_POINT('',(-10.117889521122,-2.02499968856573,1.84999967142939));
#9149=CARTESIAN_POINT('Origin',(-4.33288874477149,12.0000001788139,13.1300001490116));
#9150=CARTESIAN_POINT('',(-21.107887968421,-2.00000002980232,13.1300001490116));
#9151=CARTESIAN_POINT('',(-12.6828883565962,-2.00000002980232,13.1300001490116));
#9152=CARTESIAN_POINT('',(-21.107887968421,5.00000007450581,13.1300001490116));
#9153=CARTESIAN_POINT('Origin',(-7.33288886845113,3.87430190151861E-7,10.1499996714294));
#9154=CARTESIAN_POINT('',(-7.33288886845113,-2.00000000574413,1.84999967142939));
#9155=CARTESIAN_POINT('',(-7.33288886845112,-0.999999821186066,1.84999967142938));
#9156=CARTESIAN_POINT('',(-7.33288886845113,-2.00000120207451,10.1499996714294));
#9157=CARTESIAN_POINT('',(-7.33288886845113,-2.0000006039093,5.99999952729308));
#9158=CARTESIAN_POINT('',(-7.33288886845113,-2.00000120207451,13.1299996714294));
#9159=CARTESIAN_POINT('',(-7.33288886845113,-2.00000120207451,10.1499996714294));
#9160=CARTESIAN_POINT('',(-7.33288886845113,6.00000028312206,13.1300001490116));
#9161=CARTESIAN_POINT('Origin',(-18.8328888684511,-2.00000000574413,1.84999967142939));
#9162=CARTESIAN_POINT('',(-4.367889521122,-2.00000000574413,1.84999967142939));
#9163=CARTESIAN_POINT('',(-22.032887968421,-2.00000002980232,1.84999967142939));
#9164=CARTESIAN_POINT('',(-4.367889521122,-2.00000120207451,10.1499996714294));
#9165=CARTESIAN_POINT('',(-4.367889521122,-2.00000001655438,1.92499992872501));
#9166=CARTESIAN_POINT('',(-11.6003898178344,-2.00000120207451,10.1499996714294));
#9167=CARTESIAN_POINT('Origin',(-4.367889521122,-2.04999934732913,2.00000017881393));
#9168=CARTESIAN_POINT('',(-4.367889521122,-2.00000120207451,13.1299996714294));
#9169=CARTESIAN_POINT('',(-4.367889521122,4.9750004157424,13.1300001490116));
#9170=CARTESIAN_POINT('',(-4.367889521122,-2.00000120207451,10.1499996714294));
#9171=CARTESIAN_POINT('',(-4.367889521122,-2.02499968856573,1.84999967142938));
#9172=CARTESIAN_POINT('Origin',(-4.33288874477149,12.0000001788139,13.1300001490116));
#9173=CARTESIAN_POINT('',(-12.6828883565962,-2.00000002980232,13.1300001490116));
#9174=CARTESIAN_POINT('Origin',(-1.58288886845113,3.87430190151861E-7,10.1499996714294));
#9175=CARTESIAN_POINT('',(-1.58288886845113,-2.00000000574413,1.84999967142939));
#9176=CARTESIAN_POINT('',(-1.58288886845112,-0.999999821186066,1.84999967142938));
#9177=CARTESIAN_POINT('',(-1.58288886845113,-2.00000120207451,10.1499996714294));
#9178=CARTESIAN_POINT('',(-1.58288886845113,-2.0000006039093,5.99999952729308));
#9179=CARTESIAN_POINT('',(-1.58288886845113,-2.00000120207451,13.1299996714294));
#9180=CARTESIAN_POINT('',(-1.58288886845113,-2.00000120207451,10.1499996714294));
#9181=CARTESIAN_POINT('',(-1.58288886845113,6.00000028312206,13.1300001490116));
#9182=CARTESIAN_POINT('Origin',(-18.8328888684511,-2.00000000574413,1.84999967142939));
#9183=CARTESIAN_POINT('',(1.382110478878,-2.00000000574413,1.84999967142939));
#9184=CARTESIAN_POINT('',(-22.032887968421,-2.00000002980232,1.84999967142939));
#9185=CARTESIAN_POINT('',(1.382110478878,-2.00000120207451,10.1499996714294));
#9186=CARTESIAN_POINT('',(1.382110478878,-2.00000001655438,1.92499992872502));
#9187=CARTESIAN_POINT('',(-8.72538981783438,-2.00000120207451,10.1499996714294));
#9188=CARTESIAN_POINT('Origin',(1.382110478878,-2.04999934732913,2.00000017881393));
#9189=CARTESIAN_POINT('',(1.382110478878,-2.00000120207451,13.1299996714294));
#9190=CARTESIAN_POINT('',(1.382110478878,4.9750004157424,13.1300001490116));
#9191=CARTESIAN_POINT('',(1.382110478878,-2.00000120207451,10.1499996714294));
#9192=CARTESIAN_POINT('',(1.382110478878,-2.02499968856573,1.84999967142938));
#9193=CARTESIAN_POINT('Origin',(-4.33288874477149,12.0000001788139,13.1300001490116));
#9194=CARTESIAN_POINT('',(-12.6828883565962,-2.00000002980232,13.1300001490116));
#9195=CARTESIAN_POINT('Origin',(4.16711113154888,3.87430190151861E-7,10.1499996714294));
#9196=CARTESIAN_POINT('',(4.16711113154888,-2.00000000574413,1.84999967142939));
#9197=CARTESIAN_POINT('',(4.16711113154888,-0.999999821186066,1.84999967142938));
#9198=CARTESIAN_POINT('',(4.16711113154888,-2.00000120207451,10.1499996714294));
#9199=CARTESIAN_POINT('',(4.16711113154888,-2.0000006039093,5.99999952729309));
#9200=CARTESIAN_POINT('',(4.16711113154888,-2.00000120207451,13.1299996714294));
#9201=CARTESIAN_POINT('',(4.16711113154888,-2.00000120207451,10.1499996714294));
#9202=CARTESIAN_POINT('',(4.16711113154888,6.00000028312206,13.1300001490116));
#9203=CARTESIAN_POINT('Origin',(-18.8328888684511,-2.00000000574413,1.84999967142939));
#9204=CARTESIAN_POINT('',(7.132110478878,-2.00000000574413,1.84999967142939));
#9205=CARTESIAN_POINT('',(-22.032887968421,-2.00000002980232,1.84999967142939));
#9206=CARTESIAN_POINT('',(7.132110478878,-2.00000120207451,10.1499996714294));
#9207=CARTESIAN_POINT('',(7.132110478878,-2.00000001655438,1.92499992872502));
#9208=CARTESIAN_POINT('',(-5.85038981783438,-2.00000120207451,10.1499996714294));
#9209=CARTESIAN_POINT('Origin',(7.132110478878,-2.04999934732913,2.00000017881393));
#9210=CARTESIAN_POINT('',(7.132110478878,-2.00000120207451,13.1299996714294));
#9211=CARTESIAN_POINT('',(7.132110478878,4.9750004157424,13.1300001490116));
#9212=CARTESIAN_POINT('',(7.132110478878,-2.00000120207451,10.1499996714294));
#9213=CARTESIAN_POINT('',(7.132110478878,-2.02499968856573,1.84999967142938));
#9214=CARTESIAN_POINT('Origin',(-4.33288874477149,12.0000001788139,13.1300001490116));
#9215=CARTESIAN_POINT('',(-12.6828883565962,-2.00000002980232,13.1300001490116));
#9216=CARTESIAN_POINT('Origin',(10.442110478878,12.0000001788139,9.13000008940696));
#9217=CARTESIAN_POINT('',(10.442110478878,-2.00000002980232,1.85000002980232));
#9218=CARTESIAN_POINT('',(10.442110478878,5.00000007450581,1.85000002980232));
#9219=CARTESIAN_POINT('',(10.442110478878,-2.00000002980232,13.1299996714294));
#9220=CARTESIAN_POINT('',(10.442110478878,-2.00000002980232,9.00000013411045));
#9221=CARTESIAN_POINT('',(10.442110478878,6.00000068172813,13.1299996714294));
#9222=CARTESIAN_POINT('Origin',(-21.107887968421,12.0000001788139,6.00000008940696));
#9223=CARTESIAN_POINT('',(-21.107887968421,-2.00000002980232,1.85000002980232));
#9224=CARTESIAN_POINT('',(-21.107887968421,-2.00000002980232,10.0000001490116));
#9225=CARTESIAN_POINT('',(-21.107887968421,5.00000007450581,1.85000002980232));
#9226=CARTESIAN_POINT('Origin',(-4.33288874477149,12.0000001788139,13.1300001490116));
#9227=CARTESIAN_POINT('',(-12.6828883565962,-2.00000002980232,13.1300001490116));
#9228=CARTESIAN_POINT('Origin',(-23.032887968421,-2.00000002980232,1.84999967142939));
#9229=CARTESIAN_POINT('',(-22.032887968421,-2.00000002980232,1.84999967142939));
#9230=CARTESIAN_POINT('Origin',(-21.032887968421,-2.00000002980232,15.1300001788139));
#9231=CARTESIAN_POINT('',(14.367110478878,-2.00000002980232,-3.88578058618805E-15));
#9232=CARTESIAN_POINT('',(-21.032887968421,-2.00000002980232,-8.32667268468867E-15));
#9233=CARTESIAN_POINT('',(14.367110478878,-2.00000002980232,15.1300001788139));
#9234=CARTESIAN_POINT('',(-22.032887968421,-2.00000002980232,1.84999967142939));
#9235=CARTESIAN_POINT('',(-22.032887968421,-2.00000002980232,1.84999967142939));
#9236=CARTESIAN_POINT('',(-22.032887968421,-2.00000002980232,1.84999967142939));
#9237=CARTESIAN_POINT('',(-22.032887968421,-2.00000002980232,1.84999967142939));
#9238=CARTESIAN_POINT('',(-22.032887968421,-2.00000002980232,1.84999967142939));
#9239=CARTESIAN_POINT('Origin',(10.442110478878,12.0000001788139,9.13000008940696));
#9240=CARTESIAN_POINT('',(10.442110478878,6.00000068172813,1.84999967142939));
#9241=CARTESIAN_POINT('',(10.442110478878,10.9750003114343,-1.33226762955019E-14));
#9242=CARTESIAN_POINT('Origin',(8.36711047887802,1.18464232201632E-6,1.84999967142939));
#9243=CARTESIAN_POINT('Origin',(14.367110478878,12.0000001788139,9.13000008940696));
#9244=CARTESIAN_POINT('',(14.367110478878,26.0000003874302,-3.88578058618805E-15));
#9245=CARTESIAN_POINT('',(14.367110478878,-2.00000002980232,-3.88578058618805E-15));
#9246=CARTESIAN_POINT('',(14.367110478878,26.0000003874302,-3.88578058618805E-15));
#9247=CARTESIAN_POINT('Origin',(-21.032887968421,-2.00000002980232,-8.32667268468867E-15));
#9248=CARTESIAN_POINT('',(-23.032887968421,26.0000003874302,-3.88578058618805E-15));
#9249=CARTESIAN_POINT('Origin',(-23.032887968421,23.8000006526709,1.84999967142939));
#9250=CARTESIAN_POINT('',(7.13210923278238,26.0000003874302,1.84999967142939));
#9251=CARTESIAN_POINT('',(7.132110478878,23.8750006526709,1.84999967142939));
#9252=CARTESIAN_POINT('',(10.442110478878,26.0000003874302,1.84999967142939));
#9253=CARTESIAN_POINT('',(10.442110478878,17.9000004157424,1.84999967142939));
#9254=CARTESIAN_POINT('',(10.367110478878,26.0000003874302,1.84999967142939));
#9255=CARTESIAN_POINT('Origin',(5.64961018216563,24.1040003874302,5.99999967142939));
#9256=CARTESIAN_POINT('',(4.16711113154888,24.1040003874302,2.00000017881393));
#9257=CARTESIAN_POINT('',(4.16711113154888,24.1040003874302,13.1500001490116));
#9258=CARTESIAN_POINT('',(4.16711113154888,24.1040003874302,10.0000001490116));
#9259=CARTESIAN_POINT('',(7.132110478878,24.1040006526709,2.00000017881393));
#9260=CARTESIAN_POINT('',(-8.45038874477149,24.1040006526709,2.00000017881393));
#9261=CARTESIAN_POINT('',(7.13210923278238,24.1040003874302,13.1500001490116));
#9262=CARTESIAN_POINT('',(7.13210923278238,24.1040003874302,10.0000001490116));
#9263=CARTESIAN_POINT('',(-8.69163889312768,24.1040003874302,13.1499996714294));
#9264=CARTESIAN_POINT('Origin',(-23.032887968421,26.0000003874302,13.1499996714294));
#9265=CARTESIAN_POINT('',(1.382110478878,26.0000003874302,13.1499996714294));
#9266=CARTESIAN_POINT('',(1.382110478878,24.9750005200505,13.1499996714294));
#9267=CARTESIAN_POINT('',(4.16711113154888,26.0000003874302,13.1499996714294));
#9268=CARTESIAN_POINT('',(-22.032887968421,26.0000003874302,13.1499996714294));
#9269=CARTESIAN_POINT('',(4.16711113154888,26.0000003874302,13.1499996714294));
#9270=CARTESIAN_POINT('',(7.13210923278238,26.0000003874302,13.1499996714294));
#9271=CARTESIAN_POINT('',(7.132110478878,24.9750005200505,13.1499996714294));
#9272=CARTESIAN_POINT('',(10.442110478878,26.0000003874302,13.1499996714294));
#9273=CARTESIAN_POINT('',(-22.032887968421,26.0000003874302,13.1499996714294));
#9274=CARTESIAN_POINT('',(10.442110478878,19.0000002831221,13.1499996714294));
#9275=CARTESIAN_POINT('Origin',(-23.032887968421,26.0000003874302,13.1499996714294));
#9276=CARTESIAN_POINT('',(-4.36789076721763,26.0000003874302,13.1499996714294));
#9277=CARTESIAN_POINT('',(-4.36788952112201,24.9750005200505,13.1499996714294));
#9278=CARTESIAN_POINT('',(-1.58288886845113,26.0000003874302,13.1499996714294));
#9279=CARTESIAN_POINT('',(-22.032887968421,26.0000003874302,13.1499996714294));
#9280=CARTESIAN_POINT('',(-1.58288886845113,26.0000003874302,13.1499996714294));
#9281=CARTESIAN_POINT('Origin',(-23.032887968421,23.8000006526709,1.84999967142939));
#9282=CARTESIAN_POINT('',(1.38210923278238,26.0000003874302,1.84999967142939));
#9283=CARTESIAN_POINT('',(1.382110478878,23.8750006526709,1.84999967142939));
#9284=CARTESIAN_POINT('',(4.16711113154888,26.0000003874302,1.84999967142939));
#9285=CARTESIAN_POINT('',(4.16711113154888,24.9000005200505,1.84999967142939));
#9286=CARTESIAN_POINT('',(10.367110478878,26.0000003874302,1.84999967142939));
#9287=CARTESIAN_POINT('Origin',(-23.032887968421,26.0000003874302,13.1499996714294));
#9288=CARTESIAN_POINT('',(-18.8328888684511,26.0000003874302,13.1499996714294));
#9289=CARTESIAN_POINT('',(-18.8328888684511,26.0000003874302,13.1499996714294));
#9290=CARTESIAN_POINT('',(-21.107887968421,26.0000003874302,13.1500001490116));
#9291=CARTESIAN_POINT('',(-21.107887968421,25.000000372529,13.1499996714294));
#9292=CARTESIAN_POINT('',(-22.032887968421,26.0000003874302,13.1499996714294));
#9293=CARTESIAN_POINT('Origin',(-21.032887968421,26.0000003874302,3.12999999999999));
#9294=CARTESIAN_POINT('',(-15.8678907672176,26.0000003874302,1.84999967142939));
#9295=CARTESIAN_POINT('',(-13.0828888684511,26.0000003874302,1.84999967142939));
#9296=CARTESIAN_POINT('',(10.367110478878,26.0000003874302,1.84999967142939));
#9297=CARTESIAN_POINT('',(-13.0828888684511,26.0000003874302,13.1499996714294));
#9298=CARTESIAN_POINT('',(-13.0828888684511,26.0000003874302,10.0000001490116));
#9299=CARTESIAN_POINT('',(-15.867889521122,26.0000003874302,13.1499996714294));
#9300=CARTESIAN_POINT('',(-22.032887968421,26.0000003874302,13.1499996714294));
#9301=CARTESIAN_POINT('',(-15.8678907672176,26.0000003874302,3.12999993480741));
#9302=CARTESIAN_POINT('',(-18.8328888684511,26.0000003874302,1.84999967142939));
#9303=CARTESIAN_POINT('',(-18.8328888684511,26.0000003874302,10.0000001490116));
#9304=CARTESIAN_POINT('',(-21.107887968421,26.0000003874302,1.84999967142939));
#9305=CARTESIAN_POINT('',(-21.107887968421,26.0000003874302,10.0000001490116));
#9306=CARTESIAN_POINT('',(10.367110478878,26.0000003874302,1.84999967142939));
#9307=CARTESIAN_POINT('',(-10.1178907672176,26.0000003874302,1.84999967142939));
#9308=CARTESIAN_POINT('',(-7.33288886845113,26.0000003874302,1.84999967142939));
#9309=CARTESIAN_POINT('',(10.367110478878,26.0000003874302,1.84999967142939));
#9310=CARTESIAN_POINT('',(-7.33288886845113,26.0000003874302,13.1499996714294));
#9311=CARTESIAN_POINT('',(-7.33288886845113,26.0000003874302,10.0000001490116));
#9312=CARTESIAN_POINT('',(-10.117889521122,26.0000003874302,13.1499996714294));
#9313=CARTESIAN_POINT('',(-22.032887968421,26.0000003874302,13.1499996714294));
#9314=CARTESIAN_POINT('',(-10.1178907672176,26.0000003874302,-6.51925891048677E-8));
#9315=CARTESIAN_POINT('',(-4.36789076721762,26.0000003874302,1.84999967142939));
#9316=CARTESIAN_POINT('',(-1.58288886845113,26.0000003874302,1.84999967142939));
#9317=CARTESIAN_POINT('',(10.367110478878,26.0000003874302,1.84999967142939));
#9318=CARTESIAN_POINT('',(-1.58288886845113,26.0000003874302,10.0000001490116));
#9319=CARTESIAN_POINT('',(-4.36789076721762,26.0000003874302,3.12999993480741));
#9320=CARTESIAN_POINT('',(7.13210923278238,26.0000003874302,-6.51925841088641E-8));
#9321=CARTESIAN_POINT('',(10.442110478878,26.0000003874302,6.63999983571469));
#9322=CARTESIAN_POINT('',(4.16711113154888,26.0000003874302,10.0000001490116));
#9323=CARTESIAN_POINT('',(1.38210923278238,26.0000003874302,3.12999993480742));
#9324=CARTESIAN_POINT('Origin',(-23.032887968421,23.8000006526709,1.84999967142939));
#9325=CARTESIAN_POINT('',(-4.367889521122,23.8750006526709,1.84999967142939));
#9326=CARTESIAN_POINT('',(-1.58288886845112,24.9000005200505,1.84999967142939));
#9327=CARTESIAN_POINT('Origin',(-23.032887968421,26.0000003874302,13.1499996714294));
#9328=CARTESIAN_POINT('',(-10.117889521122,24.9750005200505,13.1499996714294));
#9329=CARTESIAN_POINT('',(-7.33288886845113,26.0000003874302,13.1499996714294));
#9330=CARTESIAN_POINT('Origin',(-23.032887968421,23.8000006526709,1.84999967142939));
#9331=CARTESIAN_POINT('',(-10.117889521122,23.8750006526709,1.84999967142939));
#9332=CARTESIAN_POINT('',(-7.33288886845112,24.9000005200505,1.84999967142939));
#9333=CARTESIAN_POINT('Origin',(-23.032887968421,26.0000003874302,13.1499996714294));
#9334=CARTESIAN_POINT('',(-15.867889521122,24.9750005200505,13.1499996714294));
#9335=CARTESIAN_POINT('',(-13.0828888684511,26.0000003874302,13.1499996714294));
#9336=CARTESIAN_POINT('Origin',(-23.032887968421,23.8000006526709,1.84999967142939));
#9337=CARTESIAN_POINT('',(-15.867889521122,23.8750006526709,1.84999967142939));
#9338=CARTESIAN_POINT('',(-13.0828888684511,24.9000005200505,1.84999967142939));
#9339=CARTESIAN_POINT('Origin',(-23.032887968421,23.8000006526709,1.84999967142939));
#9340=CARTESIAN_POINT('',(-18.8328888684511,24.9000005200505,1.84999967142939));
#9341=CARTESIAN_POINT('',(-21.107887968421,17.9000004157424,1.84999967142939));
#9342=CARTESIAN_POINT('Origin',(-15.867889521122,23.9500006526709,2.00000017881393));
#9343=CARTESIAN_POINT('Origin',(-18.8328888684511,26.0000003874302,10.1499996714294));
#9344=CARTESIAN_POINT('Origin',(-21.107887968421,12.0000001788139,6.00000008940696));
#9345=CARTESIAN_POINT('Origin',(10.442110478878,12.0000001788139,9.13000008940696));
#9346=CARTESIAN_POINT('Origin',(-23.032887968421,-2.00000002980232,1.84999967142939));
#9347=CARTESIAN_POINT('',(7.13211047887801,23.9500006526709,1.85000017881393));
#9348=CARTESIAN_POINT('',(7.13211047887801,11.9750005200505,1.84999967142939));
#9349=CARTESIAN_POINT('',(4.16711113154888,23.9500003874302,1.84999967142939));
#9350=CARTESIAN_POINT('',(-8.45038874477149,23.9500006526709,1.85000017881392));
#9351=CARTESIAN_POINT('',(4.13211047887801,23.9500006526709,1.85000017881393));
#9352=CARTESIAN_POINT('',(-8.45038874477149,23.9500006526709,1.85000017881392));
#9353=CARTESIAN_POINT('',(4.13211047887801,12.9250007860363,1.85000017881392));
#9354=CARTESIAN_POINT('Origin',(4.16711113154888,26.0000003874302,13.2799996714294));
#9355=CARTESIAN_POINT('',(4.16711113154888,26.0000003874302,1.84999967142939));
#9356=CARTESIAN_POINT('',(4.16711113154888,23.9500003874302,2.00000017881393));
#9357=CARTESIAN_POINT('',(4.16711113154888,23.9500006526709,6.07499992512166));
#9358=CARTESIAN_POINT('',(4.16711113154888,25.000000372529,2.00000002980232));
#9359=CARTESIAN_POINT('Origin',(7.132110478878,23.9500006526709,5.13000017881393));
#9360=CARTESIAN_POINT('',(7.13211047887801,23.9500006526709,2.00000017881393));
#9361=CARTESIAN_POINT('',(7.132110478878,23.9750005051494,2.00000002980232));
#9362=CARTESIAN_POINT('',(7.132110478878,23.9500006526709,3.56500017881393));
#9363=CARTESIAN_POINT('',(7.13210923278238,26.0000003874302,1.84999967142939));
#9364=CARTESIAN_POINT('Origin',(4.13211047887801,23.9500006526709,2.00000017881392));
#9365=CARTESIAN_POINT('',(-8.45038874477149,23.9500006526709,1.85000017881392));
#9366=CARTESIAN_POINT('',(-8.45038874477149,23.9500006526709,2.00000017881393));
#9367=CARTESIAN_POINT('Origin',(-21.032887968421,26.0000003874302,2.00000017881393));
#9368=CARTESIAN_POINT('Origin',(4.16711113154888,26.0000003874302,1.84999967142939));
#9369=CARTESIAN_POINT('Origin',(7.13211047887801,23.9500006526709,2.00000017881393));
#9370=CARTESIAN_POINT('',(7.13211047887801,23.9500006526709,0.15000017881393));
#9371=CARTESIAN_POINT('',(7.13211047887801,-0.149998815357679,0.15000017881393));
#9372=CARTESIAN_POINT('',(7.13211047887801,23.9500006526709,0.999999925121662));
#9373=CARTESIAN_POINT('Origin',(4.13211047887801,-0.149998815357679,2.00000017881393));
#9374=CARTESIAN_POINT('',(4.13211047887801,23.9500006526709,0.15000017881393));
#9375=CARTESIAN_POINT('',(4.13211047887801,23.9500006526709,0.999999925121662));
#9376=CARTESIAN_POINT('',(4.13211047887801,23.9500006526709,0.15000017881393));
#9377=CARTESIAN_POINT('Origin',(4.132110478878,23.9500006526709,2.00000017881393));
#9378=CARTESIAN_POINT('',(-9.45038874477149,23.9500006526709,0.149999671429386));
#9379=CARTESIAN_POINT('Origin',(-23.032887968421,26.0000003874302,0.149999671429387));
#9380=CARTESIAN_POINT('Origin',(-23.032887968421,-2.00000002980232,1.84999967142939));
#9381=CARTESIAN_POINT('',(-4.36789076721762,23.9500003874302,1.84999967142939));
#9382=CARTESIAN_POINT('',(-4.367889521122,11.9750005200505,1.84999967142939));
#9383=CARTESIAN_POINT('',(-7.33288886845113,23.9500003874302,1.84999967142939));
#9384=CARTESIAN_POINT('',(-7.35038919478656,23.9500006526709,1.84999967142939));
#9385=CARTESIAN_POINT('',(-7.367889521122,23.9500006526709,1.85000017881392));
#9386=CARTESIAN_POINT('',(-19.9503887447715,23.9500006526709,1.85000017881392));
#9387=CARTESIAN_POINT('',(-7.367889521122,12.9250007860363,1.85000017881392));
#9388=CARTESIAN_POINT('Origin',(-7.33288886845113,26.0000003874302,13.2799996714294));
#9389=CARTESIAN_POINT('',(-7.33288886845113,26.0000003874302,1.84999967142939));
#9390=CARTESIAN_POINT('',(-7.33288886845113,23.9500003874302,2.00000017881392));
#9391=CARTESIAN_POINT('',(-7.33288886845113,23.9500006526709,6.07499992512166));
#9392=CARTESIAN_POINT('',(-7.33288886845113,25.000000372529,2.00000002980231));
#9393=CARTESIAN_POINT('Origin',(-7.33288886845113,26.0000003874302,1.84999967142939));
#9394=CARTESIAN_POINT('',(-4.36789076721762,26.0000003874302,1.84999967142939));
#9395=CARTESIAN_POINT('',(-7.35038919478656,23.9500006526709,1.84999967142939));
#9396=CARTESIAN_POINT('Origin',(-4.367889521122,23.9500006526709,5.13000017881393));
#9397=CARTESIAN_POINT('',(-4.367889521122,23.9500006526709,2.00000017881393));
#9398=CARTESIAN_POINT('',(-4.367889521122,23.9750005051494,2.00000002980231));
#9399=CARTESIAN_POINT('',(-4.367889521122,23.9500006526709,3.56500017881392));
#9400=CARTESIAN_POINT('Origin',(-7.367889521122,23.9500006526709,2.00000017881392));
#9401=CARTESIAN_POINT('',(-19.9503887447715,23.9500006526709,2.00000017881393));
#9402=CARTESIAN_POINT('Origin',(-32.532887968421,26.0000003874302,2.00000017881393));
#9403=CARTESIAN_POINT('Origin',(-4.367889521122,23.9500006526709,5.13000017881393));
#9404=CARTESIAN_POINT('',(-4.367889521122,23.9500006526709,0.150000178813925));
#9405=CARTESIAN_POINT('',(-4.367889521122,-0.149998815357679,0.150000178813925));
#9406=CARTESIAN_POINT('',(-4.367889521122,23.9500006526709,0.999999925121662));
#9407=CARTESIAN_POINT('Origin',(-7.367889521122,23.9500006526709,2.00000017881393));
#9408=CARTESIAN_POINT('',(-7.367889521122,23.9500006526709,0.150000178813925));
#9409=CARTESIAN_POINT('',(-20.9503887447715,23.9500006526709,0.149999671429387));
#9410=CARTESIAN_POINT('',(-7.367889521122,23.9500006526709,0.999999925121662));
#9411=CARTESIAN_POINT('Origin',(-7.367889521122,-0.149998815357679,2.00000017881393));
#9412=CARTESIAN_POINT('',(-7.367889521122,23.9500006526709,0.150000178813925));
#9413=CARTESIAN_POINT('Origin',(-34.532887968421,26.0000003874302,0.149999671429395));
#9414=CARTESIAN_POINT('Origin',(-23.032887968421,-2.00000002980232,1.84999967142939));
#9415=CARTESIAN_POINT('',(-15.8678907672176,23.9500003874302,1.84999967142939));
#9416=CARTESIAN_POINT('',(-15.867889521122,11.9750005200505,1.84999967142939));
#9417=CARTESIAN_POINT('',(-18.867889521122,23.9500006526709,1.85000017881393));
#9418=CARTESIAN_POINT('',(-18.8503891947866,23.9500006526709,1.84999967142939));
#9419=CARTESIAN_POINT('',(-18.867889521122,12.9250007860363,1.85000017881392));
#9420=CARTESIAN_POINT('Origin',(-46.032887968421,26.0000003874302,0.149999671429391));
#9421=CARTESIAN_POINT('',(-18.867889521122,23.9500006526709,0.150000178813925));
#9422=CARTESIAN_POINT('',(-18.867889521122,23.9500006526709,0.150000178813925));
#9423=CARTESIAN_POINT('',(-15.867889521122,23.9500006526709,0.150000178813925));
#9424=CARTESIAN_POINT('',(-32.4503887447715,23.9500006526709,0.149999671429386));
#9425=CARTESIAN_POINT('',(-15.867889521122,-0.149998815357679,0.150000178813925));
#9426=CARTESIAN_POINT('Origin',(-18.867889521122,-0.149998815357679,2.00000017881393));
#9427=CARTESIAN_POINT('',(-18.867889521122,23.9500006526709,0.999999925121662));
#9428=CARTESIAN_POINT('Origin',(-18.867889521122,23.9500006526709,2.00000017881393));
#9429=CARTESIAN_POINT('',(-15.867889521122,23.9500006526709,0.999999925121662));
#9430=CARTESIAN_POINT('Origin',(-15.867889521122,23.9500006526709,2.00000017881393));
#9431=CARTESIAN_POINT('Origin',(-13.0828888684511,26.0000003874302,10.1499996714294));
#9432=CARTESIAN_POINT('',(-13.0828888684511,23.9500003874302,1.84999967142939));
#9433=CARTESIAN_POINT('',(-13.0828888684511,26.0000003874302,1.84999967142939));
#9434=CARTESIAN_POINT('',(-13.0828888684511,23.9500003874302,2.00000017881392));
#9435=CARTESIAN_POINT('',(-13.0828888684511,23.9500006526709,6.07499992512166));
#9436=CARTESIAN_POINT('',(-13.0828888684511,25.000000372529,2.00000002980231));
#9437=CARTESIAN_POINT('Origin',(-13.0828888684511,26.0000003874302,1.84999967142939));
#9438=CARTESIAN_POINT('',(-10.117889521122,23.9500006526709,1.85000017881393));
#9439=CARTESIAN_POINT('',(-10.1178907672176,26.0000003874302,1.84999967142939));
#9440=CARTESIAN_POINT('',(-25.7003887447715,23.9500006526709,1.85000017881392));
#9441=CARTESIAN_POINT('Origin',(-13.117889521122,23.9500006526709,2.00000017881392));
#9442=CARTESIAN_POINT('',(-10.117889521122,23.9500006526709,2.00000017881393));
#9443=CARTESIAN_POINT('',(-10.117889521122,23.9500006526709,2.00000017881393));
#9444=CARTESIAN_POINT('',(-25.7003887447715,23.9500006526709,2.00000017881393));
#9445=CARTESIAN_POINT('Origin',(-38.282887968421,26.0000003874302,2.00000017881393));
#9446=CARTESIAN_POINT('',(-10.117889521122,23.9750005051494,2.00000002980231));
#9447=CARTESIAN_POINT('Origin',(-10.117889521122,23.9500006526709,2.00000017881393));
#9448=CARTESIAN_POINT('Origin',(-23.032887968421,-2.00000002980232,1.84999967142939));
#9449=CARTESIAN_POINT('',(-10.117889521122,11.9750005200505,1.84999967142939));
#9450=CARTESIAN_POINT('',(-25.7003887447715,23.9500006526709,1.85000017881392));
#9451=CARTESIAN_POINT('',(-13.117889521122,23.9500006526709,1.85000017881393));
#9452=CARTESIAN_POINT('',(-25.7003887447715,23.9500006526709,1.85000017881392));
#9453=CARTESIAN_POINT('',(-13.117889521122,12.9250007860363,1.85000017881392));
#9454=CARTESIAN_POINT('Origin',(-10.117889521122,23.9500006526709,2.00000017881393));
#9455=CARTESIAN_POINT('',(-10.117889521122,23.9500006526709,0.150000178813925));
#9456=CARTESIAN_POINT('',(-10.117889521122,-0.149998815357679,0.150000178813925));
#9457=CARTESIAN_POINT('',(-10.117889521122,23.9500006526709,0.999999925121662));
#9458=CARTESIAN_POINT('Origin',(-13.117889521122,-0.149998815357679,2.00000017881393));
#9459=CARTESIAN_POINT('',(-13.117889521122,23.9500006526709,0.150000178813925));
#9460=CARTESIAN_POINT('',(-13.117889521122,23.9500006526709,0.999999925121662));
#9461=CARTESIAN_POINT('',(-13.117889521122,23.9500006526709,0.150000178813925));
#9462=CARTESIAN_POINT('Origin',(-13.117889521122,23.9500006526709,2.00000017881393));
#9463=CARTESIAN_POINT('',(-26.7003887447715,23.9500006526709,0.149999671429386));
#9464=CARTESIAN_POINT('Origin',(-40.282887968421,26.0000003874302,0.149999671429387));
#9465=CARTESIAN_POINT('Origin',(-23.032887968421,-2.00000002980232,1.84999967142939));
#9466=CARTESIAN_POINT('',(1.382110478878,23.9500006526709,1.85000017881393));
#9467=CARTESIAN_POINT('',(1.382110478878,11.9750005200505,1.84999967142939));
#9468=CARTESIAN_POINT('',(-1.58288886845113,23.9500003874302,1.84999967142939));
#9469=CARTESIAN_POINT('',(-14.2003887447715,23.9500006526709,1.85000017881392));
#9470=CARTESIAN_POINT('',(-1.61788952112199,23.9500006526709,1.85000017881392));
#9471=CARTESIAN_POINT('',(-14.2003887447715,23.9500006526709,1.85000017881392));
#9472=CARTESIAN_POINT('',(-1.61788952112199,12.9250007860363,1.85000017881392));
#9473=CARTESIAN_POINT('Origin',(1.382110478878,23.9500006526709,5.13000017881393));
#9474=CARTESIAN_POINT('',(1.382110478878,23.9500006526709,2.00000017881393));
#9475=CARTESIAN_POINT('',(1.382110478878,23.9750005051494,2.00000002980232));
#9476=CARTESIAN_POINT('',(1.382110478878,23.9500006526709,3.56500017881393));
#9477=CARTESIAN_POINT('',(1.38210923278238,26.0000003874302,1.84999967142939));
#9478=CARTESIAN_POINT('Origin',(-1.58288886845113,26.0000003874302,1.84999967142939));
#9479=CARTESIAN_POINT('',(-14.2003887447715,23.9500006526709,1.85000017881392));
#9480=CARTESIAN_POINT('',(-1.58288886845113,26.0000003874302,1.84999967142939));
#9481=CARTESIAN_POINT('Origin',(-1.58288886845113,26.0000003874302,13.2799996714294));
#9482=CARTESIAN_POINT('',(-1.58288886845113,23.9500003874302,2.00000017881392));
#9483=CARTESIAN_POINT('',(-1.58288886845113,23.9500006526709,6.07499992512166));
#9484=CARTESIAN_POINT('',(-1.58288886845113,25.000000372529,2.00000002980231));
#9485=CARTESIAN_POINT('Origin',(-1.61788952112199,23.9500006526709,2.00000017881392));
#9486=CARTESIAN_POINT('',(-14.2003887447715,23.9500006526709,2.00000017881393));
#9487=CARTESIAN_POINT('Origin',(-26.782887968421,26.0000003874302,2.00000017881393));
#9488=CARTESIAN_POINT('Origin',(1.382110478878,23.9500006526709,2.00000017881393));
#9489=CARTESIAN_POINT('',(1.382110478878,23.9500006526709,0.15000017881393));
#9490=CARTESIAN_POINT('',(1.382110478878,-0.149998815357679,0.15000017881393));
#9491=CARTESIAN_POINT('',(1.382110478878,23.9500006526709,0.999999925121662));
#9492=CARTESIAN_POINT('Origin',(-1.61788952112199,-0.149998815357679,2.00000017881393));
#9493=CARTESIAN_POINT('',(-1.61788952112199,23.9500006526709,0.150000178813925));
#9494=CARTESIAN_POINT('',(-1.61788952112199,23.9500006526709,0.999999925121657));
#9495=CARTESIAN_POINT('',(-1.61788952112199,23.9500006526709,0.150000178813925));
#9496=CARTESIAN_POINT('Origin',(-1.617889521122,23.9500006526709,2.00000017881393));
#9497=CARTESIAN_POINT('',(-15.2003887447715,23.9500006526709,0.149999671429391));
#9498=CARTESIAN_POINT('Origin',(-28.782887968421,26.0000003874302,0.149999671429391));
#9499=CARTESIAN_POINT('Origin',(26.4899998804182,12.0000001788139,2.800001552701));
#9500=CARTESIAN_POINT('',(32.0299999400228,24.0000003576279,2.800001552701));
#9501=CARTESIAN_POINT('',(20.9499998208135,24.0000003576279,2.800001552701));
#9502=CARTESIAN_POINT('',(28.4899999102205,24.0000003576279,2.800001552701));
#9503=CARTESIAN_POINT('',(20.9499998208135,0.0499999999999945,2.80000155270101));
#9504=CARTESIAN_POINT('',(20.9499998208135,4.44089209850063E-15,2.80000155270101));
#9505=CARTESIAN_POINT('',(32.0299999400228,0.0499999999999945,2.800001552701));
#9506=CARTESIAN_POINT('',(24.4899998506159,0.0499999999999945,2.800001552701));
#9507=CARTESIAN_POINT('',(32.0299999400228,24.0000003576279,2.800001552701));
#9508=CARTESIAN_POINT('Origin',(30.4899999400228,24.0000003576279,1.000001552701));
#9509=CARTESIAN_POINT('',(20.9499998208135,24.0000003576279,1.000001552701));
#9510=CARTESIAN_POINT('',(32.0299999400228,24.0000003576279,1.000001552701));
#9511=CARTESIAN_POINT('',(28.4899999102205,24.0000003576279,1.00000000000001));
#9512=CARTESIAN_POINT('',(20.9499998208135,24.0000003576279,1.000001552701));
#9513=CARTESIAN_POINT('',(32.0299999400228,24.0000003576279,1.000001552701));
#9514=CARTESIAN_POINT('Origin',(32.0299999400228,4.44089209850063E-15,1.000001552701));
#9515=CARTESIAN_POINT('',(32.0299999400228,0.0499999999999945,1.000001552701));
#9516=CARTESIAN_POINT('',(32.0299999400228,0.0499999999999945,1.000001552701));
#9517=CARTESIAN_POINT('',(32.0299999400228,18.0000002682209,1.00000000000001));
#9518=CARTESIAN_POINT('Origin',(22.4899998208135,0.0499999999999945,1.000001552701));
#9519=CARTESIAN_POINT('',(20.9499998208135,0.0499999999999945,1.000001552701));
#9520=CARTESIAN_POINT('',(24.4899998506159,0.0499999999999945,1.00000000000001));
#9521=CARTESIAN_POINT('',(20.9499998208135,0.0499999999999945,1.000001552701));
#9522=CARTESIAN_POINT('Origin',(20.9499998208135,24.0000003576279,1.000001552701));
#9523=CARTESIAN_POINT('',(20.9499998208135,18.0000002682209,1.00000000000001));
#9524=CARTESIAN_POINT('Origin',(34.0549999698251,26.0000003874302,1.00000000000001));
#9525=CARTESIAN_POINT('',(34.0549999698251,26.0000003874302,1.00000000000001));
#9526=CARTESIAN_POINT('',(34.0549999698251,-2.00000002980232,1.));
#9527=CARTESIAN_POINT('',(34.0549999698251,26.0000003874302,1.00000000000001));
#9528=CARTESIAN_POINT('',(34.0549999698251,-2.00000002980232,-4.44089209850063E-15));
#9529=CARTESIAN_POINT('',(34.0549999698251,-2.00000002980232,1.));
#9530=CARTESIAN_POINT('',(34.0549999698251,26.0000003874302,0.));
#9531=CARTESIAN_POINT('',(34.0549999698251,26.0000003874302,0.));
#9532=CARTESIAN_POINT('',(34.0549999698251,26.0000003874302,1.00000000000001));
#9533=CARTESIAN_POINT('Origin',(18.9249997910112,-2.00000002980232,1.00000000000001));
#9534=CARTESIAN_POINT('',(18.9249997910112,-2.00000002980232,1.00000000000001));
#9535=CARTESIAN_POINT('',(18.9249997910112,26.0000003874302,1.00000000000001));
#9536=CARTESIAN_POINT('',(18.9249997910112,-2.00000002980232,1.00000000000001));
#9537=CARTESIAN_POINT('',(18.9249997910112,26.0000003874302,0.));
#9538=CARTESIAN_POINT('',(18.9249997910112,26.0000003874302,1.00000000000001));
#9539=CARTESIAN_POINT('',(18.9249997910112,-2.00000002980232,1.33226762955019E-14));
#9540=CARTESIAN_POINT('',(18.9249997910112,-2.00000002980232,1.33226762955019E-14));
#9541=CARTESIAN_POINT('',(18.9249997910112,-2.00000002980232,1.00000000000001));
#9542=CARTESIAN_POINT('Origin',(26.4899998804182,12.0000001788139,1.00000000000001));
#9543=CARTESIAN_POINT('',(20.4899997910112,26.0000003874302,1.00000000000001));
#9544=CARTESIAN_POINT('',(32.4899999698251,-2.00000002980232,1.));
#9545=CARTESIAN_POINT('Origin',(32.4899999698251,-2.00000002980232,1.));
#9546=CARTESIAN_POINT('',(32.4899999698251,-2.00000002980232,-4.44089209850063E-15));
#9547=CARTESIAN_POINT('Origin',(20.4899997910112,26.0000003874302,1.00000000000001));
#9548=CARTESIAN_POINT('',(20.4899997910112,26.0000003874302,0.));
#9549=CARTESIAN_POINT('Origin',(26.4899998804182,12.0000001788139,0.));
#9550=CARTESIAN_POINT('Origin',(28.3627951840293,36.2760087998807,29.4500019624829));
#9551=CARTESIAN_POINT('',(28.3627951840293,36.2760087998807,29.4500019624829));
#9552=CARTESIAN_POINT('',(30.8627954634261,36.2760087998807,29.4500019624829));
#9553=CARTESIAN_POINT('',(28.3627951840293,36.2760087998807,29.4500019624829));
#9554=CARTESIAN_POINT('',(30.8627954634261,32.5000087998807,29.4500019624829));
#9555=CARTESIAN_POINT('',(30.8627954634261,36.7760089941219,29.4500019624829));
#9556=CARTESIAN_POINT('',(28.3627951840293,32.5000087998807,29.4500019624829));
#9557=CARTESIAN_POINT('',(28.3627951840293,32.5000087998807,29.4500019624829));
#9558=CARTESIAN_POINT('',(28.3627955193054,36.7760089941219,29.4500019624829));
#9559=CARTESIAN_POINT('Origin',(29.6127953237277,36.2760087998807,32.4000013843179));
#9560=CARTESIAN_POINT('',(28.3627955193054,36.2760042193158,35.3500008061528));
#9561=CARTESIAN_POINT('',(28.3627955193054,36.2760042193158,17.6750004030764));
#9562=CARTESIAN_POINT('',(30.8627954634261,36.2760049827433,35.3500008061528));
#9563=CARTESIAN_POINT('',(40.8627954634261,36.2760087998807,35.3500008061528));
#9564=CARTESIAN_POINT('',(30.8627954634261,36.2760049827433,0.375000789761545));
#9565=CARTESIAN_POINT('Origin',(29.6127953237277,32.5000087998807,32.4000013843179));
#9566=CARTESIAN_POINT('',(28.3627951840293,32.5000087998807,35.3500008061528));
#9567=CARTESIAN_POINT('',(28.3627955193054,32.5000087998807,33.8750010952354));
#9568=CARTESIAN_POINT('',(30.8627954634261,32.5000087998807,35.3500008061528));
#9569=CARTESIAN_POINT('',(30.8627954634261,32.5000087998807,16.5750014819205));
#9570=CARTESIAN_POINT('',(40.8627954634261,32.5000087998807,35.3500008061528));
#9571=CARTESIAN_POINT('Origin',(38.3627955193054,36.2760087998807,29.4500019624829));
#9572=CARTESIAN_POINT('',(38.3627955193054,36.2760087998807,29.4500019624829));
#9573=CARTESIAN_POINT('',(40.8627954634261,36.2760087998807,29.4500019624829));
#9574=CARTESIAN_POINT('',(28.3627951840293,36.2760087998807,29.4500019624829));
#9575=CARTESIAN_POINT('',(40.8627954634261,32.5000087998807,29.4500019624829));
#9576=CARTESIAN_POINT('',(40.8627954634261,36.7760087998807,29.4500019624829));
#9577=CARTESIAN_POINT('',(38.3627955193054,32.5000087998807,29.4500019624829));
#9578=CARTESIAN_POINT('',(28.3627951840293,32.5000087998807,29.4500019624829));
#9579=CARTESIAN_POINT('',(38.3627955193054,36.7760087998807,29.4500019624829));
#9580=CARTESIAN_POINT('Origin',(39.6127954913657,36.2760087998807,32.4000013843179));
#9581=CARTESIAN_POINT('',(38.3627955193054,36.2760072730258,35.3500008061528));
#9582=CARTESIAN_POINT('',(38.3627955193054,36.2760072730258,17.6750004030764));
#9583=CARTESIAN_POINT('',(40.8627954634261,36.2760080364532,35.3500008061528));
#9584=CARTESIAN_POINT('',(40.8627954634261,36.2760087998807,35.3500008061528));
#9585=CARTESIAN_POINT('',(40.8627954634261,36.2760080364532,0.375000789761545));
#9586=CARTESIAN_POINT('Origin',(39.6127954913657,32.5000087998807,32.4000013843179));
#9587=CARTESIAN_POINT('',(40.8627954634261,32.5000087998807,35.3500008061528));
#9588=CARTESIAN_POINT('',(40.8627954634261,32.5000087998807,16.5750014819205));
#9589=CARTESIAN_POINT('',(38.3627955193054,32.5000087998807,35.3500008061528));
#9590=CARTESIAN_POINT('',(40.8627954634261,32.5000087998807,35.3500008061528));
#9591=CARTESIAN_POINT('',(38.3627955193054,32.5000087998807,33.8750010952354));
#9592=CARTESIAN_POINT('Origin',(33.3627955193054,36.2760087998807,29.4500019624829));
#9593=CARTESIAN_POINT('',(33.3627955193054,36.2760087998807,29.4500019624829));
#9594=CARTESIAN_POINT('',(35.8627954634261,36.2760087998807,29.4500019624829));
#9595=CARTESIAN_POINT('',(28.3627951840293,36.2760087998807,29.4500019624829));
#9596=CARTESIAN_POINT('',(35.8627954634261,32.5000087998807,29.4500019624829));
#9597=CARTESIAN_POINT('',(35.8627954634261,36.7760088970013,29.4500019624829));
#9598=CARTESIAN_POINT('',(33.3627955193054,32.5000087998807,29.4500019624829));
#9599=CARTESIAN_POINT('',(28.3627951840293,32.5000087998807,29.4500019624829));
#9600=CARTESIAN_POINT('',(33.3627955193054,36.7760088970013,29.4500019624829));
#9601=CARTESIAN_POINT('Origin',(34.6127954913657,36.2760087998807,32.4000013843179));
#9602=CARTESIAN_POINT('',(35.8627954634261,36.2760065095982,35.3500008061528));
#9603=CARTESIAN_POINT('',(33.3627955193054,36.2760057461708,35.3500008061528));
#9604=CARTESIAN_POINT('',(40.8627954634261,36.2760087998807,35.3500008061528));
#9605=CARTESIAN_POINT('',(35.8627954634261,36.2760065095982,0.375000789761545));
#9606=CARTESIAN_POINT('',(33.3627955193054,36.2760057461708,17.6750004030764));
#9607=CARTESIAN_POINT('Origin',(34.6127954913657,32.5000087998807,32.4000013843179));
#9608=CARTESIAN_POINT('',(35.8627954634261,32.5000087998807,35.3500008061528));
#9609=CARTESIAN_POINT('',(33.3627955193054,32.5000087998807,35.3500008061528));
#9610=CARTESIAN_POINT('',(40.8627954634261,32.5000087998807,35.3500008061528));
#9611=CARTESIAN_POINT('',(33.3627955193054,32.5000087998807,33.8750010952354));
#9612=CARTESIAN_POINT('',(35.8627954634261,32.5000087998807,16.5750014819205));
#9613=CARTESIAN_POINT('Origin',(35.8627954634261,37.2760089941219,0.75000157952309));
#9614=CARTESIAN_POINT('',(35.8627954634261,36.2760065095982,0.75000157952309));
#9615=CARTESIAN_POINT('',(35.8627954634261,36.2760065095982,0.375000789761545));
#9616=CARTESIAN_POINT('',(35.8627954634261,32.4997181561755,0.75000157952309));
#9617=CARTESIAN_POINT('',(35.8627954634261,37.2760089941219,0.75000157952309));
#9618=CARTESIAN_POINT('',(35.8627954634261,32.4997181561755,35.3500008061528));
#9619=CARTESIAN_POINT('',(35.8627954634261,32.4997181561755,18.5750007897615));
#9620=CARTESIAN_POINT('',(35.8627954634261,35.8319392832052,35.35));
#9621=CARTESIAN_POINT('Origin',(33.3627955193054,37.2760089941219,35.3500008061528));
#9622=CARTESIAN_POINT('',(33.3627955193054,32.499717392748,35.3500008061528));
#9623=CARTESIAN_POINT('',(33.3627955193054,35.8319392832052,35.35));
#9624=CARTESIAN_POINT('',(33.3627955193054,32.499717392748,0.75000157952309));
#9625=CARTESIAN_POINT('',(33.3627955193054,32.499717392748,35.8750004030764));
#9626=CARTESIAN_POINT('',(33.3627955193054,36.2760057461708,0.75000157952309));
#9627=CARTESIAN_POINT('',(33.3627955193054,37.2760089941219,0.75000157952309));
#9628=CARTESIAN_POINT('',(33.3627955193054,36.2760057461708,17.6750004030764));
#9629=CARTESIAN_POINT('Origin',(33.3627955193054,37.2760089941219,0.75000157952309));
#9630=CARTESIAN_POINT('',(26.3127964524927,32.4997152398827,0.75000157952309));
#9631=CARTESIAN_POINT('',(26.3127952993238,36.2760035933051,0.75000157952309));
#9632=CARTESIAN_POINT('Origin',(28.3627955193054,37.2760091883631,0.75000157952309));
#9633=CARTESIAN_POINT('',(30.8627954634261,32.4997166293205,0.75000157952309));
#9634=CARTESIAN_POINT('',(28.3627955193054,32.499715865893,0.75000157952309));
#9635=CARTESIAN_POINT('',(23.812796452493,32.4997144764552,0.75000157952309));
#9636=CARTESIAN_POINT('',(30.8627954634261,36.2760049827433,0.75000157952309));
#9637=CARTESIAN_POINT('',(30.8627954634261,37.2760091883631,0.75000157952309));
#9638=CARTESIAN_POINT('',(28.3627955193054,36.2760042193158,0.75000157952309));
#9639=CARTESIAN_POINT('',(23.812795299324,36.2760028298777,0.75000157952309));
#9640=CARTESIAN_POINT('',(28.3627955193054,37.2760091883631,0.75000157952309));
#9641=CARTESIAN_POINT('Origin',(28.3627955193054,37.2760091883631,35.3500008061528));
#9642=CARTESIAN_POINT('',(28.3627955193054,32.499715865893,35.3500008061528));
#9643=CARTESIAN_POINT('',(28.3627955193054,35.8319393803258,35.35));
#9644=CARTESIAN_POINT('',(28.3627955193054,32.499715865893,35.8750004030764));
#9645=CARTESIAN_POINT('',(28.3627955193054,36.2760042193158,17.6750004030764));
#9646=CARTESIAN_POINT('Origin',(30.8627954634261,37.2760091883631,0.75000157952309));
#9647=CARTESIAN_POINT('',(30.8627954634261,36.2760049827433,0.375000789761545));
#9648=CARTESIAN_POINT('',(30.8627954634261,32.4997166293205,35.3500008061528));
#9649=CARTESIAN_POINT('',(30.8627954634261,32.4997166293205,18.5750007897615));
#9650=CARTESIAN_POINT('',(30.8627954634261,35.8319393803258,35.35));
#9651=CARTESIAN_POINT('Origin',(38.3627955193054,37.2760087998807,0.75000157952309));
#9652=CARTESIAN_POINT('',(40.8627954634261,32.4997196830305,0.75000157952309));
#9653=CARTESIAN_POINT('',(38.3627955193054,32.499718919603,0.75000157952309));
#9654=CARTESIAN_POINT('',(28.8127964524925,32.4997160033102,0.75000157952309));
#9655=CARTESIAN_POINT('',(40.8627954634261,36.2760080364532,0.75000157952309));
#9656=CARTESIAN_POINT('',(40.8627954634261,37.2760087998807,0.75000157952309));
#9657=CARTESIAN_POINT('',(38.3627955193054,36.2760072730258,0.75000157952309));
#9658=CARTESIAN_POINT('',(28.8127952993235,36.2760043567327,0.75000157952309));
#9659=CARTESIAN_POINT('',(38.3627955193054,37.2760087998807,0.75000157952309));
#9660=CARTESIAN_POINT('Origin',(38.3627955193054,37.2760087998807,35.3500008061528));
#9661=CARTESIAN_POINT('',(38.3627955193054,32.499718919603,35.3500008061528));
#9662=CARTESIAN_POINT('',(38.3627955193054,35.8319391860846,35.35));
#9663=CARTESIAN_POINT('',(38.3627955193054,32.499718919603,35.8750004030764));
#9664=CARTESIAN_POINT('',(38.3627955193054,36.2760072730258,17.6750004030764));
#9665=CARTESIAN_POINT('Origin',(40.8627954634261,37.2760087998807,0.75000157952309));
#9666=CARTESIAN_POINT('',(40.8627954634261,36.2760080364532,0.375000789761545));
#9667=CARTESIAN_POINT('',(40.8627954634261,32.4997196830305,35.3500008061528));
#9668=CARTESIAN_POINT('',(40.8627954634261,32.4997196830305,18.5750007897615));
#9669=CARTESIAN_POINT('',(40.8627954634261,35.8319391860846,35.35));
#9670=CARTESIAN_POINT('Origin',(19.2627959271391,32.499713087017,36.4));
#9671=CARTESIAN_POINT('',(18.9627962316816,32.4997129954058,35.35));
#9672=CARTESIAN_POINT('',(19.2627959271391,32.499713087017,35.35));
#9673=CARTESIAN_POINT('',(18.9627962316816,32.4997129954058,35.35));
#9674=CARTESIAN_POINT('',(19.2627959271391,32.499713087017,0.));
#9675=CARTESIAN_POINT('',(19.2627959271391,32.499713087017,35.35));
#9676=CARTESIAN_POINT('',(43.512795927138,32.4997204922638,-1.77635683940025E-14));
#9677=CARTESIAN_POINT('',(19.2627959271391,32.499713087017,0.));
#9678=CARTESIAN_POINT('',(43.5127959563775,32.4997121449472,35.35));
#9679=CARTESIAN_POINT('',(43.5127959563775,32.4997121449472,35.35));
#9680=CARTESIAN_POINT('',(18.9627962316816,32.4997129954058,35.35));
#9681=CARTESIAN_POINT('',(18.9627962316816,32.4997129954058,35.35));
#9682=CARTESIAN_POINT('',(27.3627957875263,32.4997152551511,24.4500010721385));
#9683=CARTESIAN_POINT('',(27.3627957875263,32.4997152551511,8.95000167191029));
#9684=CARTESIAN_POINT('',(27.3627957875263,32.4997155605221,23.1750008359551));
#9685=CARTESIAN_POINT('',(22.3627951095235,32.4997143390379,8.95000167191029));
#9686=CARTESIAN_POINT('',(21.3127960949167,32.4997137130276,8.95000167191029));
#9687=CARTESIAN_POINT('',(22.3627951095235,32.4997143390379,24.4500010721385));
#9688=CARTESIAN_POINT('',(22.3627951095235,32.4997140336669,23.1750008359551));
#9689=CARTESIAN_POINT('',(22.812796433918,32.4997141710842,24.4500010721386));
#9690=CARTESIAN_POINT('Origin',(23.3627951095235,36.2760087998807,8.95000167191029));
#9691=CARTESIAN_POINT('',(22.3627951095235,36.2760087998807,8.95000167191029));
#9692=CARTESIAN_POINT('',(27.3627957875263,36.2760087998807,8.95000167191029));
#9693=CARTESIAN_POINT('',(21.3127949417478,36.27600206645,8.95000167191029));
#9694=CARTESIAN_POINT('',(22.3627951095235,36.2760087998807,8.95000167191029));
#9695=CARTESIAN_POINT('',(27.3627957875263,36.2760087998807,8.95000167191029));
#9696=CARTESIAN_POINT('Origin',(26.3627957875263,36.2760087998807,24.4500010721385));
#9697=CARTESIAN_POINT('',(27.3627957875263,36.2760087998807,24.4500010721385));
#9698=CARTESIAN_POINT('',(22.3627951095235,36.2760087998807,24.4500010721385));
#9699=CARTESIAN_POINT('',(22.812795280749,36.2760025245066,24.4500010721385));
#9700=CARTESIAN_POINT('',(27.3627957875263,36.2760087998807,24.4500010721385));
#9701=CARTESIAN_POINT('',(22.3627951095235,36.2760087998807,24.4500010721385));
#9702=CARTESIAN_POINT('Origin',(22.3627951095235,36.2760087998807,23.4500010721386));
#9703=CARTESIAN_POINT('',(22.3627951095235,36.2760023870896,4.97500083595514));
#9704=CARTESIAN_POINT('Origin',(27.3627957875263,36.2760087998807,9.95000167191029));
#9705=CARTESIAN_POINT('',(27.3627957875263,36.2760039139449,4.97500083595514));
#9706=CARTESIAN_POINT('Origin',(18.6627959596358,34.3878695722886,0.));
#9707=CARTESIAN_POINT('',(19.2627947739702,36.2760014404395,0.));
#9708=CARTESIAN_POINT('',(19.2627953505527,34.3878635985588,0.));
#9709=CARTESIAN_POINT('',(43.512794773969,36.2760088456862,-1.77635683940025E-14));
#9710=CARTESIAN_POINT('',(19.2627947739702,36.2760014404395,0.));
#9711=CARTESIAN_POINT('',(43.5127953797899,34.3878666522688,0.));
#9712=CARTESIAN_POINT('Origin',(19.2627947739702,36.2760014404395,0.));
#9713=CARTESIAN_POINT('',(18.9627950785127,36.2760013488282,35.35));
#9714=CARTESIAN_POINT('',(43.5127948032086,36.2760004983696,35.35));
#9715=CARTESIAN_POINT('',(18.9627950785127,36.2760013488282,35.35));
#9716=CARTESIAN_POINT('',(43.5127948032086,36.2760004983696,35.35));
#9717=CARTESIAN_POINT('',(19.2627947739702,36.2760014404395,35.35));
#9718=CARTESIAN_POINT('',(19.2627947739702,36.2760014404395,35.35));
#9719=CARTESIAN_POINT('',(18.9627950785127,36.2760013488282,35.35));
#9720=CARTESIAN_POINT('',(18.9627950785127,36.2760013488282,35.35));
#9721=CARTESIAN_POINT('Origin',(43.5127953797931,34.3878561437799,18.15));
#9722=CARTESIAN_POINT('',(43.5127948032086,36.2760004983696,-0.0500000000000012));
#9723=CARTESIAN_POINT('',(43.5127948032086,36.2760004983696,35.35));
#9724=CARTESIAN_POINT('',(43.5127959563775,32.4997121449472,-0.0500000000000012));
#9725=CARTESIAN_POINT('',(43.512795379795,34.3878499868278,-0.0500000000000012));
#9726=CARTESIAN_POINT('',(43.5127959563775,32.4997121449472,35.35));
#9727=CARTESIAN_POINT('Origin',(44.6827947573008,35.3985005328004,35.35));
#9728=CARTESIAN_POINT('',(44.6777947573008,35.4022505328004,35.35));
#9729=CARTESIAN_POINT('',(44.7429523263209,35.3533823560353,35.35));
#9730=CARTESIAN_POINT('',(44.6777947573008,35.4022505328004,-0.0500000000000023));
#9731=CARTESIAN_POINT('',(44.6777947573008,35.4022505328004,35.35));
#9732=CARTESIAN_POINT('',(44.7429523263209,35.3533823560353,-0.0500000000000034));
#9733=CARTESIAN_POINT('Origin',(43.4827749642044,32.4771717464366,35.35));
#9734=CARTESIAN_POINT('',(44.6777947573008,33.37441798697,35.35));
#9735=CARTESIAN_POINT('',(44.1429240247606,32.9728256813735,35.35));
#9736=CARTESIAN_POINT('',(44.6777947573008,33.37441798697,-0.05));
#9737=CARTESIAN_POINT('',(44.1429240247606,32.9728256813735,-0.0499999999999989));
#9738=CARTESIAN_POINT('',(44.6777947573008,33.37441798697,35.35));
#9739=CARTESIAN_POINT('Origin',(44.6777947573008,33.3381720845309,35.35));
#9740=CARTESIAN_POINT('',(44.6777947573008,33.8630080488145,35.35));
#9741=CARTESIAN_POINT('',(44.6777947573008,33.8630080488145,-0.0500000000000012));
#9742=CARTESIAN_POINT('Origin',(44.1127947707118,34.387844013098,-0.0500000000000012));
#9743=CARTESIAN_POINT('Origin',(18.6627959596358,34.3878695722886,35.35));
#9744=CARTESIAN_POINT('',(18.0977959730469,35.4012955984166,35.35));
#9745=CARTESIAN_POINT('',(18.6326667055871,35.8028879040131,35.35));
#9746=CARTESIAN_POINT('',(18.0977959730469,33.3734630525862,35.35));
#9747=CARTESIAN_POINT('',(18.0977959730469,34.9127055365721,35.35));
#9748=CARTESIAN_POINT('',(18.0326384040268,33.4223312293513,35.35));
#9749=CARTESIAN_POINT('Origin',(19.2627953505546,34.3878574416067,18.15));
#9750=CARTESIAN_POINT('',(19.2627959271391,32.499713087017,-0.0500000000000012));
#9751=CARTESIAN_POINT('',(19.2627959271391,32.499713087017,35.35));
#9752=CARTESIAN_POINT('',(19.2627947739702,36.2760014404395,-0.0500000000000012));
#9753=CARTESIAN_POINT('',(19.2627953505527,34.3878635985588,-0.0500000000000012));
#9754=CARTESIAN_POINT('',(19.2627947739702,36.2760014404395,35.35));
#9755=CARTESIAN_POINT('Origin',(18.0927959730469,33.3772130525862,35.35));
#9756=CARTESIAN_POINT('',(18.0977959730469,33.3734630525862,-0.0500000000000023));
#9757=CARTESIAN_POINT('',(18.0977959730469,33.3734630525862,35.35));
#9758=CARTESIAN_POINT('',(18.0326384040268,33.4223312293513,-0.0500000000000034));
#9759=CARTESIAN_POINT('Origin',(19.2928157661432,36.29854183895,35.35));
#9760=CARTESIAN_POINT('',(18.0977959730469,35.4012955984166,-0.05));
#9761=CARTESIAN_POINT('',(18.6326667055871,35.8028879040131,-0.0499999999999989));
#9762=CARTESIAN_POINT('',(18.0977959730469,35.4012955984166,35.35));
#9763=CARTESIAN_POINT('Origin',(18.0977959730469,35.4375415008557,35.35));
#9764=CARTESIAN_POINT('',(18.0977959730469,34.9127055365721,-0.0500000000000012));
#9765=CARTESIAN_POINT('Origin',(18.6627959596358,34.3878695722886,-0.0500000000000012));
#9766=CARTESIAN_POINT('',(0.,0.,0.));
#9767=UNCERTAINTY_MEASURE_WITH_UNIT(LENGTH_MEASURE(0.01),#9773,
'DISTANCE_ACCURACY_VALUE',
'Maximum model space distance between geometric entities at asserted c
onnectivities');
#9768=UNCERTAINTY_MEASURE_WITH_UNIT(LENGTH_MEASURE(0.01),#9773,
'DISTANCE_ACCURACY_VALUE',
'Maximum model space distance between geometric entities at asserted c
onnectivities');
#9769=UNCERTAINTY_MEASURE_WITH_UNIT(LENGTH_MEASURE(0.01),#9773,
'DISTANCE_ACCURACY_VALUE',
'Maximum model space distance between geometric entities at asserted c
onnectivities');
#9770=(
GEOMETRIC_REPRESENTATION_CONTEXT(3)
GLOBAL_UNCERTAINTY_ASSIGNED_CONTEXT((#9767))
GLOBAL_UNIT_ASSIGNED_CONTEXT((#9773,#9775,#9776))
REPRESENTATION_CONTEXT('','3D')
);
#9771=(
GEOMETRIC_REPRESENTATION_CONTEXT(3)
GLOBAL_UNCERTAINTY_ASSIGNED_CONTEXT((#9768))
GLOBAL_UNIT_ASSIGNED_CONTEXT((#9773,#9775,#9776))
REPRESENTATION_CONTEXT('','3D')
);
#9772=(
GEOMETRIC_REPRESENTATION_CONTEXT(3)
GLOBAL_UNCERTAINTY_ASSIGNED_CONTEXT((#9769))
GLOBAL_UNIT_ASSIGNED_CONTEXT((#9773,#9775,#9776))
REPRESENTATION_CONTEXT('','3D')
);
#9773=(
LENGTH_UNIT()
NAMED_UNIT(*)
SI_UNIT(.MILLI.,.METRE.)
);
#9774=(
LENGTH_UNIT()
NAMED_UNIT(*)
SI_UNIT($,.METRE.)
);
#9775=(
NAMED_UNIT(*)
PLANE_ANGLE_UNIT()
SI_UNIT($,.RADIAN.)
);
#9776=(
NAMED_UNIT(*)
SI_UNIT($,.STERADIAN.)
SOLID_ANGLE_UNIT()
);
#9777=SHAPE_DEFINITION_REPRESENTATION(#9779,#9782);
#9778=SHAPE_DEFINITION_REPRESENTATION(#9780,#9783);
#9779=PRODUCT_DEFINITION_SHAPE('',$,#9785);
#9780=PRODUCT_DEFINITION_SHAPE('',$,#9786);
#9781=PRODUCT_DEFINITION_SHAPE($,$,#14);
#9782=SHAPE_REPRESENTATION('',(#5981,#6211),#9770);
#9783=SHAPE_REPRESENTATION('',(#5982),#9771);
#9784=PRODUCT_DEFINITION_CONTEXT('part definition',#9792,'design');
#9785=PRODUCT_DEFINITION('2026-09-29-20-09-36-859',
'Sensor_Enclosure_SGP41',#9787,#9784);
#9786=PRODUCT_DEFINITION('2026-09-29-20-10-34-822','SGP41_Module',#9788,
#9784);
#9787=PRODUCT_DEFINITION_FORMATION('',$,#9794);
#9788=PRODUCT_DEFINITION_FORMATION('',$,#9795);
#9789=PRODUCT_RELATED_PRODUCT_CATEGORY('Sensor_Enclosure_SGP41',
'Sensor_Enclosure_SGP41',(#9794));
#9790=PRODUCT_RELATED_PRODUCT_CATEGORY('SGP41_Module','SGP41_Module',(#9795));
#9791=APPLICATION_PROTOCOL_DEFINITION('international standard',
'automotive_design',2009,#9792);
#9792=APPLICATION_CONTEXT(
'Core Data for Automotive Mechanical Design Process');
#9793=PRODUCT_CONTEXT('part definition',#9792,'mechanical');
#9794=PRODUCT('2026-09-29-20-09-36-859','Sensor_Enclosure_SGP41',$,(#9793));
#9795=PRODUCT('2026-09-29-20-10-34-822','SGP41_Module',$,(#9793));
#9796=PRESENTATION_STYLE_ASSIGNMENT((#9797));
#9797=SURFACE_STYLE_USAGE(.BOTH.,#9798);
#9798=SURFACE_SIDE_STYLE('',(#9799));
#9799=SURFACE_STYLE_FILL_AREA(#9800);
#9800=FILL_AREA_STYLE('Steel - Satin',(#9801));
#9801=FILL_AREA_STYLE_COLOUR('Steel - Satin',#9802);
#9802=COLOUR_RGB('Steel - Satin',0.627450980392157,0.627450980392157,0.627450980392157);
ENDSEC;
END-ISO-10303-21;
